npm warn Unknown project config "shamefully-hoist". This will stop working in the next major version of npm. See `npm help npmrc` for supported config options.
   ▲ Next.js 15.0.2
   - Local:        http://localhost:3000
   - Environments: .env

 ✓ Starting...
 ✓ Ready in 11.9s
 ○ Compiling /api/items ...
 ✓ Compiled /api/items in 10.4s (432 modules)
 GET /api/items 200 in 13454ms
 ○ Compiling /api/events ...
 ✓ Compiled /api/events in 638ms (434 modules)
 GET /api/events 200 in 970ms
 ○ Compiling /api/users ...
 ✓ Compiled /api/users in 572ms (437 modules)
 GET /api/users 200 in 700ms
 ✓ Compiled /api/branches in 405ms (439 modules)
 GET /api/branches 200 in 574ms
 ○ Compiling / ...
Watchpack Error (initial scan): Error: EINVAL: invalid argument, lstat 'C:\DumpStack.log.tmp'
Watchpack Error (initial scan): Error: EINVAL: invalid argument, lstat 'C:\pagefile.sys'
Watchpack Error (initial scan): Error: EINVAL: invalid argument, lstat 'C:\swapfile.sys'
 ✓ Compiled / in 35.8s (1637 modules)
Watchpack Error (initial scan): Error: EINVAL: invalid argument, lstat 'C:\DumpStack.log.tmp'
Watchpack Error (initial scan): Error: EINVAL: invalid argument, lstat 'C:\pagefile.sys'
Watchpack Error (initial scan): Error: EINVAL: invalid argument, lstat 'C:\swapfile.sys'
 GET / 200 in 38810ms
 ✓ Compiled in 3s (796 modules)
 ○ Compiling /favicon.ico ...
 ✓ Compiled /favicon.ico in 1617ms (864 modules)
 GET /favicon.ico 200 in 1877ms
 ○ Compiling /farm ...
 ✓ Compiled /farm in 1252ms (1677 modules)
 GET /farm 200 in 1435ms
 GET /favicon.ico 200 in 49ms
 ○ Compiling /api/users/login ...
 ✓ Compiled /api/users/login in 877ms (1807 modules)
 POST /api/users/login 200 in 1464ms
 ○ Compiling /store/dashboard ...
 ✓ Compiled /store/dashboard in 1184ms (1824 modules)
 GET /store/dashboard 200 in 1511ms
 ✓ Compiled /api/items in 423ms (1023 modules)
 GET /api/items 200 in 613ms
 GET /api/items 200 in 35ms
 ✓ Compiled /api/events in 422ms (1025 modules)
 GET /api/events?event_type=sale 200 in 566ms
 GET /api/events?event_type=sale 200 in 21ms
 ○ Compiling /store/items ...
 ✓ Compiled /store/items in 972ms (1843 modules)
 GET /store/items 200 in 1207ms
 GET /api/items 200 in 159ms
 GET /api/items 200 in 23ms
 ○ Compiling /_not-found ...
 ✓ Compiled /_not-found in 1088ms (1846 modules)
 GET /store/items/10 404 in 1223ms
 GET /store/items/10 404 in 287ms
 GET /store/items 200 in 87ms
 GET /api/items 200 in 235ms
 GET /store/items/add 404 in 16ms
 GET /store/items/add 404 in 35ms
 GET /store/items 200 in 84ms
 GET /api/items 200 in 49ms
 ○ Compiling /store/branches ...
 ✓ Compiled /store/branches in 1053ms (1819 modules)
 GET /store/branches 200 in 1255ms
 ✓ Compiled /api/branches in 457ms (1006 modules)
 GET /api/branches 200 in 638ms
 GET /api/branches 200 in 24ms
 ○ Compiling /store/events ...
 ✓ Compiled /store/events in 1001ms (1823 modules)
 GET /store/events 200 in 1139ms
 ✓ Compiled /api/events in 450ms (1008 modules)
 GET /api/events 200 in 655ms
 GET /api/events 200 in 20ms
 ○ Compiling /store/schedule ...
 ✓ Compiled /store/schedule in 1091ms (1465 modules)
 GET /store/schedule 200 in 1204ms
 ○ Compiling /api/schedules ...
 ⚠ ./app/api/schedules/route.ts
Attempted import error: 'activitiesTable' is not exported from '../../../drizzle/db/schema' (imported as 'activitiesTable').

Import trace for requested module:
./app/api/schedules/route.ts

./app/api/schedules/route.ts
Attempted import error: 'activitiesTable' is not exported from '../../../drizzle/db/schema' (imported as 'activitiesTable').

Import trace for requested module:
./app/api/schedules/route.ts

./app/api/schedules/route.ts
Attempted import error: 'activitiesTable' is not exported from '../../../drizzle/db/schema' (imported as 'activitiesTable').

Import trace for requested module:
./app/api/schedules/route.ts
Error fetching schedules: TypeError: Cannot read properties of undefined (reading 'description')
    at activitiesTable (webpack:///app/api/schedules/route.ts?99ed:13:37)
    at run (file:///C:/Users/Administrator/Documents/Github/dashboard-diary/node_modules/.pnpm/next@15.0.2_@babel+core@7.2_6bb6baa81f2b198c05a89ed44e2ef849/node_modules/next/dist/compiled/next-server/dist/src/server/route-modules/app-route/module.ts:525:41)
    at handler (file:///C:/Users/Administrator/Documents/Github/dashboard-diary/node_modules/.pnpm/next@15.0.2_@babel+core@7.2_6bb6baa81f2b198c05a89ed44e2ef849/node_modules/next/dist/compiled/next-server/dist/src/server/route-modules/app-route/module.ts:722:20)
    at fn (file:///C:/Users/Administrator/Documents/Github/dashboard-diary/node_modules/.pnpm/next@15.0.2_@babel+core@7.2_6bb6baa81f2b198c05a89ed44e2ef849/node_modules/next/src/server/lib/trace/tracer.ts:351:27)
    at NoopContextManager.with (C:\Users\Administrator\Documents\Github\dashboard-diary\node_modules\.pnpm\next@15.0.2_@babel+core@7.2_6bb6baa81f2b198c05a89ed44e2ef849\node_modules\next\dist\compiled\@opentelemetry\api\index.js:1:7062)
    at ContextAPI.with (C:\Users\Administrator\Documents\Github\dashboard-diary\node_modules\.pnpm\next@15.0.2_@babel+core@7.2_6bb6baa81f2b198c05a89ed44e2ef849\node_modules\next\dist\compiled\@opentelemetry\api\index.js:1:518)
    at NoopTracer.startActiveSpan (C:\Users\Administrator\Documents\Github\dashboard-diary\node_modules\.pnpm\next@15.0.2_@babel+core@7.2_6bb6baa81f2b198c05a89ed44e2ef849\node_modules\next\dist\compiled\@opentelemetry\api\index.js:1:18093)
    at ProxyTracer.startActiveSpan (C:\Users\Administrator\Documents\Github\dashboard-diary\node_modules\.pnpm\next@15.0.2_@babel+core@7.2_6bb6baa81f2b198c05a89ed44e2ef849\node_modules\next\dist\compiled\@opentelemetry\api\index.js:1:18854)
    at startActiveSpan (file:///C:/Users/Administrator/Documents/Github/dashboard-diary/node_modules/.pnpm/next@15.0.2_@babel+core@7.2_6bb6baa81f2b198c05a89ed44e2ef849/node_modules/next/src/server/lib/trace/tracer.ts:304:31)
    at NoopContextManager.with (C:\Users\Administrator\Documents\Github\dashboard-diary\node_modules\.pnpm\next@15.0.2_@babel+core@7.2_6bb6baa81f2b198c05a89ed44e2ef849\node_modules\next\dist\compiled\@opentelemetry\api\index.js:1:7062)
    at ContextAPI.with (C:\Users\Administrator\Documents\Github\dashboard-diary\node_modules\.pnpm\next@15.0.2_@babel+core@7.2_6bb6baa81f2b198c05a89ed44e2ef849\node_modules\next\dist\compiled\@opentelemetry\api\index.js:1:518)
    at spanContext (file:///C:/Users/Administrator/Documents/Github/dashboard-diary/node_modules/.pnpm/next@15.0.2_@babel+core@7.2_6bb6baa81f2b198c05a89ed44e2ef849/node_modules/next/src/server/lib/trace/tracer.ts:303:24)
    at trace (file:///C:/Users/Administrator/Documents/Github/dashboard-diary/node_modules/.pnpm/next@15.0.2_@babel+core@7.2_6bb6baa81f2b198c05a89ed44e2ef849/node_modules/next/dist/compiled/next-server/dist/src/server/route-modules/app-route/module.ts:712:28)
    at run (file:///C:/Users/Administrator/Documents/Github/dashboard-diary/node_modules/.pnpm/next@15.0.2_@babel+core@7.2_6bb6baa81f2b198c05a89ed44e2ef849/node_modules/next/dist/compiled/next-server/dist/src/server/async-storage/with-work-store.ts:133:17)
    at withWorkStore (file:///C:/Users/Administrator/Documents/Github/dashboard-diary/node_modules/.pnpm/next@15.0.2_@babel+core@7.2_6bb6baa81f2b198c05a89ed44e2ef849/node_modules/next/dist/compiled/next-server/dist/src/server/route-modules/app-route/module.ts:656:10)
    at run (file:///C:/Users/Administrator/Documents/Github/dashboard-diary/node_modules/.pnpm/next@15.0.2_@babel+core@7.2_6bb6baa81f2b198c05a89ed44e2ef849/node_modules/next/dist/compiled/next-server/dist/src/server/route-modules/app-route/module.ts:655:34)
    at run (file:///C:/Users/Administrator/Documents/Github/dashboard-diary/node_modules/.pnpm/next@15.0.2_@babel+core@7.2_6bb6baa81f2b198c05a89ed44e2ef849/node_modules/next/dist/compiled/next-server/dist/src/server/route-modules/app-route/module.ts:652:60)
    at handle (file:///C:/Users/Administrator/Documents/Github/dashboard-diary/node_modules/.pnpm/next@15.0.2_@babel+core@7.2_6bb6baa81f2b198c05a89ed44e2ef849/node_modules/next/src/server/base-server.ts:2570:47)
    at doRender (file:///C:/Users/Administrator/Documents/Github/dashboard-diary/node_modules/.pnpm/next@15.0.2_@babel+core@7.2_6bb6baa81f2b198c05a89ed44e2ef849/node_modules/next/src/server/base-server.ts:3066:27)
    at responseGenerator (file:///C:/Users/Administrator/Documents/Github/dashboard-diary/node_modules/.pnpm/next@15.0.2_@babel+core@7.2_6bb6baa81f2b198c05a89ed44e2ef849/node_modules/next/src/server/response-cache/index.ts:67:13)
    at get (file:///C:/Users/Administrator/Documents/Github/dashboard-diary/node_modules/.pnpm/next@15.0.2_@babel+core@7.2_6bb6baa81f2b198c05a89ed44e2ef849/node_modules/next/src/server/base-server.ts:3121:48)
    at renderToResponseWithComponentsImpl (file:///C:/Users/Administrator/Documents/Github/dashboard-diary/node_modules/.pnpm/next@15.0.2_@babel+core@7.2_6bb6baa81f2b198c05a89ed44e2ef849/node_modules/next/src/server/base-server.ts:1917:13)
    at fn (file:///C:/Users/Administrator/Documents/Github/dashboard-diary/node_modules/.pnpm/next@15.0.2_@babel+core@7.2_6bb6baa81f2b198c05a89ed44e2ef849/node_modules/next/src/server/lib/trace/tracer.ts:279:13)
    at trace (file:///C:/Users/Administrator/Documents/Github/dashboard-diary/node_modules/.pnpm/next@15.0.2_@babel+core@7.2_6bb6baa81f2b198c05a89ed44e2ef849/node_modules/next/src/server/base-server.ts:1914:23)
    at renderToResponseWithComponents (file:///C:/Users/Administrator/Documents/Github/dashboard-diary/node_modules/.pnpm/next@15.0.2_@babel+core@7.2_6bb6baa81f2b198c05a89ed44e2ef849/node_modules/next/src/server/base-server.ts:3676:26)
    at async DevServer.renderToResponseImpl (file:///C:/Users/Administrator/Documents/Github/dashboard-diary/node_modules/.pnpm/next@15.0.2_@babel+core@7.2_6bb6baa81f2b198c05a89ed44e2ef849/node_modules/next/src/server/base-server.ts:3738:23)
    at async DevServer.pipeImpl (file:///C:/Users/Administrator/Documents/Github/dashboard-diary/node_modules/.pnpm/next@15.0.2_@babel+core@7.2_6bb6baa81f2b198c05a89ed44e2ef849/node_modules/next/src/server/base-server.ts:1738:20)
    at async NextNodeServer.handleCatchallRenderRequest (file:///C:/Users/Administrator/Documents/Github/dashboard-diary/node_modules/.pnpm/next@15.0.2_@babel+core@7.2_6bb6baa81f2b198c05a89ed44e2ef849/node_modules/next/src/server/next-server.ts:1032:6)
    at async DevServer.handleRequestImpl (file:///C:/Users/Administrator/Documents/Github/dashboard-diary/node_modules/.pnpm/next@15.0.2_@babel+core@7.2_6bb6baa81f2b198c05a89ed44e2ef849/node_modules/next/src/server/base-server.ts:1498:8)
    at async (file:///C:/Users/Administrator/Documents/Github/dashboard-diary/node_modules/.pnpm/next@15.0.2_@babel+core@7.2_6bb6baa81f2b198c05a89ed44e2ef849/node_modules/next/src/server/dev/next-dev-server.ts:514:13)
    at async Span.traceAsyncFn (file:///C:/Users/Administrator/Documents/Github/dashboard-diary/node_modules/.pnpm/next@15.0.2_@babel+core@7.2_6bb6baa81f2b198c05a89ed44e2ef849/node_modules/next/src/trace/trace.ts:143:13)
    at async DevServer.handleRequest (file:///C:/Users/Administrator/Documents/Github/dashboard-diary/node_modules/.pnpm/next@15.0.2_@babel+core@7.2_6bb6baa81f2b198c05a89ed44e2ef849/node_modules/next/src/server/dev/next-dev-server.ts:512:19)
    at async invokeRender (file:///C:/Users/Administrator/Documents/Github/dashboard-diary/node_modules/.pnpm/next@15.0.2_@babel+core@7.2_6bb6baa81f2b198c05a89ed44e2ef849/node_modules/next/src/server/lib/router-server.ts:284:10)
    at async handleRequest (file:///C:/Users/Administrator/Documents/Github/dashboard-diary/node_modules/.pnpm/next@15.0.2_@babel+core@7.2_6bb6baa81f2b198c05a89ed44e2ef849/node_modules/next/src/server/lib/router-server.ts:530:15)
    at async requestHandlerImpl (file:///C:/Users/Administrator/Documents/Github/dashboard-diary/node_modules/.pnpm/next@15.0.2_@babel+core@7.2_6bb6baa81f2b198c05a89ed44e2ef849/node_modules/next/src/server/lib/router-server.ts:576:6)
    at async Server.requestListener (file:///C:/Users/Administrator/Documents/Github/dashboard-diary/node_modules/.pnpm/next@15.0.2_@babel+core@7.2_6bb6baa81f2b198c05a89ed44e2ef849/node_modules/next/src/server/lib/start-server.ts:146:6)
  11 |                 scheduleId: schedulesTable.id,
  12 |                 scheduledDate: schedulesTable.scheduledDate,
> 13 |                 activityDescription: activitiesTable.description,
     |                                     ^
  14 |             })
  15 |             .from(schedulesTable)
  16 |             .leftJoin(activitiesTable, eq(activitiesTable.id, schedulesTable.activityId));
 GET /api/schedules 500 in 1130ms
Error fetching schedules: TypeError: Cannot read properties of undefined (reading 'description')
    at activitiesTable (webpack:///app/api/schedules/route.ts?99ed:13:37)
    at run (file:///C:/Users/Administrator/Documents/Github/dashboard-diary/node_modules/.pnpm/next@15.0.2_@babel+core@7.2_6bb6baa81f2b198c05a89ed44e2ef849/node_modules/next/dist/compiled/next-server/dist/src/server/route-modules/app-route/module.ts:525:41)
    at handler (file:///C:/Users/Administrator/Documents/Github/dashboard-diary/node_modules/.pnpm/next@15.0.2_@babel+core@7.2_6bb6baa81f2b198c05a89ed44e2ef849/node_modules/next/dist/compiled/next-server/dist/src/server/route-modules/app-route/module.ts:722:20)
    at fn (file:///C:/Users/Administrator/Documents/Github/dashboard-diary/node_modules/.pnpm/next@15.0.2_@babel+core@7.2_6bb6baa81f2b198c05a89ed44e2ef849/node_modules/next/src/server/lib/trace/tracer.ts:351:27)
    at NoopContextManager.with (C:\Users\Administrator\Documents\Github\dashboard-diary\node_modules\.pnpm\next@15.0.2_@babel+core@7.2_6bb6baa81f2b198c05a89ed44e2ef849\node_modules\next\dist\compiled\@opentelemetry\api\index.js:1:7062)
    at ContextAPI.with (C:\Users\Administrator\Documents\Github\dashboard-diary\node_modules\.pnpm\next@15.0.2_@babel+core@7.2_6bb6baa81f2b198c05a89ed44e2ef849\node_modules\next\dist\compiled\@opentelemetry\api\index.js:1:518)
    at NoopTracer.startActiveSpan (C:\Users\Administrator\Documents\Github\dashboard-diary\node_modules\.pnpm\next@15.0.2_@babel+core@7.2_6bb6baa81f2b198c05a89ed44e2ef849\node_modules\next\dist\compiled\@opentelemetry\api\index.js:1:18093)
    at ProxyTracer.startActiveSpan (C:\Users\Administrator\Documents\Github\dashboard-diary\node_modules\.pnpm\next@15.0.2_@babel+core@7.2_6bb6baa81f2b198c05a89ed44e2ef849\node_modules\next\dist\compiled\@opentelemetry\api\index.js:1:18854)
    at startActiveSpan (file:///C:/Users/Administrator/Documents/Github/dashboard-diary/node_modules/.pnpm/next@15.0.2_@babel+core@7.2_6bb6baa81f2b198c05a89ed44e2ef849/node_modules/next/src/server/lib/trace/tracer.ts:304:31)
    at NoopContextManager.with (C:\Users\Administrator\Documents\Github\dashboard-diary\node_modules\.pnpm\next@15.0.2_@babel+core@7.2_6bb6baa81f2b198c05a89ed44e2ef849\node_modules\next\dist\compiled\@opentelemetry\api\index.js:1:7062)
    at ContextAPI.with (C:\Users\Administrator\Documents\Github\dashboard-diary\node_modules\.pnpm\next@15.0.2_@babel+core@7.2_6bb6baa81f2b198c05a89ed44e2ef849\node_modules\next\dist\compiled\@opentelemetry\api\index.js:1:518)
    at spanContext (file:///C:/Users/Administrator/Documents/Github/dashboard-diary/node_modules/.pnpm/next@15.0.2_@babel+core@7.2_6bb6baa81f2b198c05a89ed44e2ef849/node_modules/next/src/server/lib/trace/tracer.ts:303:24)
    at trace (file:///C:/Users/Administrator/Documents/Github/dashboard-diary/node_modules/.pnpm/next@15.0.2_@babel+core@7.2_6bb6baa81f2b198c05a89ed44e2ef849/node_modules/next/dist/compiled/next-server/dist/src/server/route-modules/app-route/module.ts:712:28)
    at run (file:///C:/Users/Administrator/Documents/Github/dashboard-diary/node_modules/.pnpm/next@15.0.2_@babel+core@7.2_6bb6baa81f2b198c05a89ed44e2ef849/node_modules/next/dist/compiled/next-server/dist/src/server/async-storage/with-work-store.ts:133:17)
    at withWorkStore (file:///C:/Users/Administrator/Documents/Github/dashboard-diary/node_modules/.pnpm/next@15.0.2_@babel+core@7.2_6bb6baa81f2b198c05a89ed44e2ef849/node_modules/next/dist/compiled/next-server/dist/src/server/route-modules/app-route/module.ts:656:10)
    at run (file:///C:/Users/Administrator/Documents/Github/dashboard-diary/node_modules/.pnpm/next@15.0.2_@babel+core@7.2_6bb6baa81f2b198c05a89ed44e2ef849/node_modules/next/dist/compiled/next-server/dist/src/server/route-modules/app-route/module.ts:655:34)
    at run (file:///C:/Users/Administrator/Documents/Github/dashboard-diary/node_modules/.pnpm/next@15.0.2_@babel+core@7.2_6bb6baa81f2b198c05a89ed44e2ef849/node_modules/next/dist/compiled/next-server/dist/src/server/route-modules/app-route/module.ts:652:60)
    at handle (file:///C:/Users/Administrator/Documents/Github/dashboard-diary/node_modules/.pnpm/next@15.0.2_@babel+core@7.2_6bb6baa81f2b198c05a89ed44e2ef849/node_modules/next/src/server/base-server.ts:2570:47)
    at doRender (file:///C:/Users/Administrator/Documents/Github/dashboard-diary/node_modules/.pnpm/next@15.0.2_@babel+core@7.2_6bb6baa81f2b198c05a89ed44e2ef849/node_modules/next/src/server/base-server.ts:3066:27)
    at responseGenerator (file:///C:/Users/Administrator/Documents/Github/dashboard-diary/node_modules/.pnpm/next@15.0.2_@babel+core@7.2_6bb6baa81f2b198c05a89ed44e2ef849/node_modules/next/src/server/response-cache/index.ts:67:13)
    at get (file:///C:/Users/Administrator/Documents/Github/dashboard-diary/node_modules/.pnpm/next@15.0.2_@babel+core@7.2_6bb6baa81f2b198c05a89ed44e2ef849/node_modules/next/src/server/base-server.ts:3121:48)
    at renderToResponseWithComponentsImpl (file:///C:/Users/Administrator/Documents/Github/dashboard-diary/node_modules/.pnpm/next@15.0.2_@babel+core@7.2_6bb6baa81f2b198c05a89ed44e2ef849/node_modules/next/src/server/base-server.ts:1917:13)
    at fn (file:///C:/Users/Administrator/Documents/Github/dashboard-diary/node_modules/.pnpm/next@15.0.2_@babel+core@7.2_6bb6baa81f2b198c05a89ed44e2ef849/node_modules/next/src/server/lib/trace/tracer.ts:279:13)
    at trace (file:///C:/Users/Administrator/Documents/Github/dashboard-diary/node_modules/.pnpm/next@15.0.2_@babel+core@7.2_6bb6baa81f2b198c05a89ed44e2ef849/node_modules/next/src/server/base-server.ts:1914:23)
    at renderToResponseWithComponents (file:///C:/Users/Administrator/Documents/Github/dashboard-diary/node_modules/.pnpm/next@15.0.2_@babel+core@7.2_6bb6baa81f2b198c05a89ed44e2ef849/node_modules/next/src/server/base-server.ts:3676:26)
    at async DevServer.renderToResponseImpl (file:///C:/Users/Administrator/Documents/Github/dashboard-diary/node_modules/.pnpm/next@15.0.2_@babel+core@7.2_6bb6baa81f2b198c05a89ed44e2ef849/node_modules/next/src/server/base-server.ts:3738:23)
    at async DevServer.pipeImpl (file:///C:/Users/Administrator/Documents/Github/dashboard-diary/node_modules/.pnpm/next@15.0.2_@babel+core@7.2_6bb6baa81f2b198c05a89ed44e2ef849/node_modules/next/src/server/base-server.ts:1738:20)
    at async NextNodeServer.handleCatchallRenderRequest (file:///C:/Users/Administrator/Documents/Github/dashboard-diary/node_modules/.pnpm/next@15.0.2_@babel+core@7.2_6bb6baa81f2b198c05a89ed44e2ef849/node_modules/next/src/server/next-server.ts:1032:6)
    at async DevServer.handleRequestImpl (file:///C:/Users/Administrator/Documents/Github/dashboard-diary/node_modules/.pnpm/next@15.0.2_@babel+core@7.2_6bb6baa81f2b198c05a89ed44e2ef849/node_modules/next/src/server/base-server.ts:1498:8)
    at async (file:///C:/Users/Administrator/Documents/Github/dashboard-diary/node_modules/.pnpm/next@15.0.2_@babel+core@7.2_6bb6baa81f2b198c05a89ed44e2ef849/node_modules/next/src/server/dev/next-dev-server.ts:514:13)
    at async Span.traceAsyncFn (file:///C:/Users/Administrator/Documents/Github/dashboard-diary/node_modules/.pnpm/next@15.0.2_@babel+core@7.2_6bb6baa81f2b198c05a89ed44e2ef849/node_modules/next/src/trace/trace.ts:143:13)
    at async DevServer.handleRequest (file:///C:/Users/Administrator/Documents/Github/dashboard-diary/node_modules/.pnpm/next@15.0.2_@babel+core@7.2_6bb6baa81f2b198c05a89ed44e2ef849/node_modules/next/src/server/dev/next-dev-server.ts:512:19)
    at async invokeRender (file:///C:/Users/Administrator/Documents/Github/dashboard-diary/node_modules/.pnpm/next@15.0.2_@babel+core@7.2_6bb6baa81f2b198c05a89ed44e2ef849/node_modules/next/src/server/lib/router-server.ts:284:10)
    at async handleRequest (file:///C:/Users/Administrator/Documents/Github/dashboard-diary/node_modules/.pnpm/next@15.0.2_@babel+core@7.2_6bb6baa81f2b198c05a89ed44e2ef849/node_modules/next/src/server/lib/router-server.ts:530:15)
    at async requestHandlerImpl (file:///C:/Users/Administrator/Documents/Github/dashboard-diary/node_modules/.pnpm/next@15.0.2_@babel+core@7.2_6bb6baa81f2b198c05a89ed44e2ef849/node_modules/next/src/server/lib/router-server.ts:576:6)
    at async Server.requestListener (file:///C:/Users/Administrator/Documents/Github/dashboard-diary/node_modules/.pnpm/next@15.0.2_@babel+core@7.2_6bb6baa81f2b198c05a89ed44e2ef849/node_modules/next/src/server/lib/start-server.ts:146:6)
  11 |                 scheduleId: schedulesTable.id,
  12 |                 scheduledDate: schedulesTable.scheduledDate,
> 13 |                 activityDescription: activitiesTable.description,
     |                                     ^
  14 |             })
  15 |             .from(schedulesTable)
  16 |             .leftJoin(activitiesTable, eq(activitiesTable.id, schedulesTable.activityId));
 GET /api/schedules 500 in 84ms
 ⚠ ./app/api/schedules/route.ts
Attempted import error: 'activitiesTable' is not exported from '../../../drizzle/db/schema' (imported as 'activitiesTable').

Import trace for requested module:
./app/api/schedules/route.ts

./app/api/schedules/route.ts
Attempted import error: 'activitiesTable' is not exported from '../../../drizzle/db/schema' (imported as 'activitiesTable').

Import trace for requested module:
./app/api/schedules/route.ts

./app/api/schedules/route.ts
Attempted import error: 'activitiesTable' is not exported from '../../../drizzle/db/schema' (imported as 'activitiesTable').

Import trace for requested module:
./app/api/schedules/route.ts
 ⚠ ./app/api/schedules/route.ts
Attempted import error: 'activitiesTable' is not exported from '../../../drizzle/db/schema' (imported as 'activitiesTable').

Import trace for requested module:
./app/api/schedules/route.ts

./app/api/schedules/route.ts
Attempted import error: 'activitiesTable' is not exported from '../../../drizzle/db/schema' (imported as 'activitiesTable').

Import trace for requested module:
./app/api/schedules/route.ts

./app/api/schedules/route.ts
Attempted import error: 'activitiesTable' is not exported from '../../../drizzle/db/schema' (imported as 'activitiesTable').

Import trace for requested module:
./app/api/schedules/route.ts
 GET /store/notifications 200 in 962ms
 ⚠ ./app/api/schedules/route.ts
Attempted import error: 'activitiesTable' is not exported from '../../../drizzle/db/schema' (imported as 'activitiesTable').

Import trace for requested module:
./app/api/schedules/route.ts

./app/api/schedules/route.ts
Attempted import error: 'activitiesTable' is not exported from '../../../drizzle/db/schema' (imported as 'activitiesTable').

Import trace for requested module:
./app/api/schedules/route.ts

./app/api/schedules/route.ts
Attempted import error: 'activitiesTable' is not exported from '../../../drizzle/db/schema' (imported as 'activitiesTable').

Import trace for requested module:
./app/api/schedules/route.ts
 ⚠ ./app/api/schedules/route.ts
Attempted import error: 'activitiesTable' is not exported from '../../../drizzle/db/schema' (imported as 'activitiesTable').

Import trace for requested module:
./app/api/schedules/route.ts

./app/api/schedules/route.ts
Attempted import error: 'activitiesTable' is not exported from '../../../drizzle/db/schema' (imported as 'activitiesTable').

Import trace for requested module:
./app/api/schedules/route.ts

./app/api/schedules/route.ts
Attempted import error: 'activitiesTable' is not exported from '../../../drizzle/db/schema' (imported as 'activitiesTable').

Import trace for requested module:
./app/api/schedules/route.ts
 GET /api/notifications 200 in 949ms
 GET /api/notifications 200 in 15ms
 ⚠ ./app/api/schedules/route.ts
Attempted import error: 'activitiesTable' is not exported from '../../../drizzle/db/schema' (imported as 'activitiesTable').

Import trace for requested module:
./app/api/schedules/route.ts

./app/api/schedules/route.ts
Attempted import error: 'activitiesTable' is not exported from '../../../drizzle/db/schema' (imported as 'activitiesTable').

Import trace for requested module:
./app/api/schedules/route.ts

./app/api/schedules/route.ts
Attempted import error: 'activitiesTable' is not exported from '../../../drizzle/db/schema' (imported as 'activitiesTable').

Import trace for requested module:
./app/api/schedules/route.ts
 ⚠ ./app/api/schedules/route.ts
Attempted import error: 'activitiesTable' is not exported from '../../../drizzle/db/schema' (imported as 'activitiesTable').

Import trace for requested module:
./app/api/schedules/route.ts

./app/api/schedules/route.ts
Attempted import error: 'activitiesTable' is not exported from '../../../drizzle/db/schema' (imported as 'activitiesTable').

Import trace for requested module:
./app/api/schedules/route.ts

./app/api/schedules/route.ts
Attempted import error: 'activitiesTable' is not exported from '../../../drizzle/db/schema' (imported as 'activitiesTable').

Import trace for requested module:
./app/api/schedules/route.ts
 POST /api/notifications/1/read 200 in 2829ms
 POST /api/notifications/2/read 200 in 31ms
 POST /api/notifications/3/read 200 in 30ms
 ⚠ ./app/api/schedules/route.ts
Attempted import error: 'activitiesTable' is not exported from '../../../drizzle/db/schema' (imported as 'activitiesTable').

Import trace for requested module:
./app/api/schedules/route.ts

./app/api/schedules/route.ts
Attempted import error: 'activitiesTable' is not exported from '../../../drizzle/db/schema' (imported as 'activitiesTable').

Import trace for requested module:
./app/api/schedules/route.ts

./app/api/schedules/route.ts
Attempted import error: 'activitiesTable' is not exported from '../../../drizzle/db/schema' (imported as 'activitiesTable').

Import trace for requested module:
./app/api/schedules/route.ts
 ⚠ ./app/api/schedules/route.ts
Attempted import error: 'activitiesTable' is not exported from '../../../drizzle/db/schema' (imported as 'activitiesTable').

Import trace for requested module:
./app/api/schedules/route.ts

./app/api/schedules/route.ts
Attempted import error: 'activitiesTable' is not exported from '../../../drizzle/db/schema' (imported as 'activitiesTable').

Import trace for requested module:
./app/api/schedules/route.ts

./app/api/schedules/route.ts
Attempted import error: 'activitiesTable' is not exported from '../../../drizzle/db/schema' (imported as 'activitiesTable').

Import trace for requested module:
./app/api/schedules/route.ts
 GET /store/performance 200 in 1357ms
 ⚠ ./app/api/schedules/route.ts
Attempted import error: 'activitiesTable' is not exported from '../../../drizzle/db/schema' (imported as 'activitiesTable').

Import trace for requested module:
./app/api/schedules/route.ts

./app/api/schedules/route.ts
Attempted import error: 'activitiesTable' is not exported from '../../../drizzle/db/schema' (imported as 'activitiesTable').

Import trace for requested module:
./app/api/schedules/route.ts

./app/api/schedules/route.ts
Attempted import error: 'activitiesTable' is not exported from '../../../drizzle/db/schema' (imported as 'activitiesTable').

Import trace for requested module:
./app/api/schedules/route.ts
 ⚠ ./app/api/performance/route.ts
Attempted import error: 'activitiesTable' is not exported from '../../../drizzle/db/schema' (imported as 'activitiesTable').

Import trace for requested module:
./app/api/performance/route.ts

./app/api/performance/route.ts
Attempted import error: 'activitiesTable' is not exported from '../../../drizzle/db/schema' (imported as 'activitiesTable').

Import trace for requested module:
./app/api/performance/route.ts

./app/api/performance/route.ts
Attempted import error: 'activitiesTable' is not exported from '../../../drizzle/db/schema' (imported as 'activitiesTable').

Import trace for requested module:
./app/api/performance/route.ts

./app/api/performance/route.ts
Attempted import error: 'activitiesTable' is not exported from '../../../drizzle/db/schema' (imported as 'activitiesTable').

Import trace for requested module:
./app/api/performance/route.ts

./app/api/performance/route.ts
Attempted import error: 'activitiesTable' is not exported from '../../../drizzle/db/schema' (imported as 'activitiesTable').

Import trace for requested module:
./app/api/performance/route.ts

./app/api/performance/route.ts
Attempted import error: 'activitiesTable' is not exported from '../../../drizzle/db/schema' (imported as 'activitiesTable').

Import trace for requested module:
./app/api/performance/route.ts

./app/api/schedules/route.ts
Attempted import error: 'activitiesTable' is not exported from '../../../drizzle/db/schema' (imported as 'activitiesTable').

Import trace for requested module:
./app/api/schedules/route.ts

./app/api/schedules/route.ts
Attempted import error: 'activitiesTable' is not exported from '../../../drizzle/db/schema' (imported as 'activitiesTable').

Import trace for requested module:
./app/api/schedules/route.ts

./app/api/schedules/route.ts
Attempted import error: 'activitiesTable' is not exported from '../../../drizzle/db/schema' (imported as 'activitiesTable').

Import trace for requested module:
./app/api/schedules/route.ts
Error fetching performance data: TypeError: Cannot read properties of undefined (reading 'description')
    at activitiesTable (webpack:///app/api/performance/route.ts?151c:48:30)
    at run (file:///C:/Users/Administrator/Documents/Github/dashboard-diary/node_modules/.pnpm/next@15.0.2_@babel+core@7.2_6bb6baa81f2b198c05a89ed44e2ef849/node_modules/next/dist/compiled/next-server/dist/src/server/route-modules/app-route/module.ts:525:41)
    at handler (file:///C:/Users/Administrator/Documents/Github/dashboard-diary/node_modules/.pnpm/next@15.0.2_@babel+core@7.2_6bb6baa81f2b198c05a89ed44e2ef849/node_modules/next/dist/compiled/next-server/dist/src/server/route-modules/app-route/module.ts:722:20)
    at fn (file:///C:/Users/Administrator/Documents/Github/dashboard-diary/node_modules/.pnpm/next@15.0.2_@babel+core@7.2_6bb6baa81f2b198c05a89ed44e2ef849/node_modules/next/src/server/lib/trace/tracer.ts:351:27)
    at NoopContextManager.with (C:\Users\Administrator\Documents\Github\dashboard-diary\node_modules\.pnpm\next@15.0.2_@babel+core@7.2_6bb6baa81f2b198c05a89ed44e2ef849\node_modules\next\dist\compiled\@opentelemetry\api\index.js:1:7062)
    at ContextAPI.with (C:\Users\Administrator\Documents\Github\dashboard-diary\node_modules\.pnpm\next@15.0.2_@babel+core@7.2_6bb6baa81f2b198c05a89ed44e2ef849\node_modules\next\dist\compiled\@opentelemetry\api\index.js:1:518)
    at NoopTracer.startActiveSpan (C:\Users\Administrator\Documents\Github\dashboard-diary\node_modules\.pnpm\next@15.0.2_@babel+core@7.2_6bb6baa81f2b198c05a89ed44e2ef849\node_modules\next\dist\compiled\@opentelemetry\api\index.js:1:18093)
    at ProxyTracer.startActiveSpan (C:\Users\Administrator\Documents\Github\dashboard-diary\node_modules\.pnpm\next@15.0.2_@babel+core@7.2_6bb6baa81f2b198c05a89ed44e2ef849\node_modules\next\dist\compiled\@opentelemetry\api\index.js:1:18854)
    at startActiveSpan (file:///C:/Users/Administrator/Documents/Github/dashboard-diary/node_modules/.pnpm/next@15.0.2_@babel+core@7.2_6bb6baa81f2b198c05a89ed44e2ef849/node_modules/next/src/server/lib/trace/tracer.ts:304:31)
    at NoopContextManager.with (C:\Users\Administrator\Documents\Github\dashboard-diary\node_modules\.pnpm\next@15.0.2_@babel+core@7.2_6bb6baa81f2b198c05a89ed44e2ef849\node_modules\next\dist\compiled\@opentelemetry\api\index.js:1:7062)
    at ContextAPI.with (C:\Users\Administrator\Documents\Github\dashboard-diary\node_modules\.pnpm\next@15.0.2_@babel+core@7.2_6bb6baa81f2b198c05a89ed44e2ef849\node_modules\next\dist\compiled\@opentelemetry\api\index.js:1:518)
    at spanContext (file:///C:/Users/Administrator/Documents/Github/dashboard-diary/node_modules/.pnpm/next@15.0.2_@babel+core@7.2_6bb6baa81f2b198c05a89ed44e2ef849/node_modules/next/src/server/lib/trace/tracer.ts:303:24)
    at trace (file:///C:/Users/Administrator/Documents/Github/dashboard-diary/node_modules/.pnpm/next@15.0.2_@babel+core@7.2_6bb6baa81f2b198c05a89ed44e2ef849/node_modules/next/dist/compiled/next-server/dist/src/server/route-modules/app-route/module.ts:712:28)
    at run (file:///C:/Users/Administrator/Documents/Github/dashboard-diary/node_modules/.pnpm/next@15.0.2_@babel+core@7.2_6bb6baa81f2b198c05a89ed44e2ef849/node_modules/next/dist/compiled/next-server/dist/src/server/async-storage/with-work-store.ts:133:17)
    at withWorkStore (file:///C:/Users/Administrator/Documents/Github/dashboard-diary/node_modules/.pnpm/next@15.0.2_@babel+core@7.2_6bb6baa81f2b198c05a89ed44e2ef849/node_modules/next/dist/compiled/next-server/dist/src/server/route-modules/app-route/module.ts:656:10)
    at run (file:///C:/Users/Administrator/Documents/Github/dashboard-diary/node_modules/.pnpm/next@15.0.2_@babel+core@7.2_6bb6baa81f2b198c05a89ed44e2ef849/node_modules/next/dist/compiled/next-server/dist/src/server/route-modules/app-route/module.ts:655:34)
    at run (file:///C:/Users/Administrator/Documents/Github/dashboard-diary/node_modules/.pnpm/next@15.0.2_@babel+core@7.2_6bb6baa81f2b198c05a89ed44e2ef849/node_modules/next/dist/compiled/next-server/dist/src/server/route-modules/app-route/module.ts:652:60)
    at handle (file:///C:/Users/Administrator/Documents/Github/dashboard-diary/node_modules/.pnpm/next@15.0.2_@babel+core@7.2_6bb6baa81f2b198c05a89ed44e2ef849/node_modules/next/src/server/base-server.ts:2570:47)
    at doRender (file:///C:/Users/Administrator/Documents/Github/dashboard-diary/node_modules/.pnpm/next@15.0.2_@babel+core@7.2_6bb6baa81f2b198c05a89ed44e2ef849/node_modules/next/src/server/base-server.ts:3066:27)
    at responseGenerator (file:///C:/Users/Administrator/Documents/Github/dashboard-diary/node_modules/.pnpm/next@15.0.2_@babel+core@7.2_6bb6baa81f2b198c05a89ed44e2ef849/node_modules/next/src/server/response-cache/index.ts:67:13)
    at get (file:///C:/Users/Administrator/Documents/Github/dashboard-diary/node_modules/.pnpm/next@15.0.2_@babel+core@7.2_6bb6baa81f2b198c05a89ed44e2ef849/node_modules/next/src/server/base-server.ts:3121:48)
    at renderToResponseWithComponentsImpl (file:///C:/Users/Administrator/Documents/Github/dashboard-diary/node_modules/.pnpm/next@15.0.2_@babel+core@7.2_6bb6baa81f2b198c05a89ed44e2ef849/node_modules/next/src/server/base-server.ts:1917:13)
    at fn (file:///C:/Users/Administrator/Documents/Github/dashboard-diary/node_modules/.pnpm/next@15.0.2_@babel+core@7.2_6bb6baa81f2b198c05a89ed44e2ef849/node_modules/next/src/server/lib/trace/tracer.ts:279:13)
    at trace (file:///C:/Users/Administrator/Documents/Github/dashboard-diary/node_modules/.pnpm/next@15.0.2_@babel+core@7.2_6bb6baa81f2b198c05a89ed44e2ef849/node_modules/next/src/server/base-server.ts:1914:23)
    at renderToResponseWithComponents (file:///C:/Users/Administrator/Documents/Github/dashboard-diary/node_modules/.pnpm/next@15.0.2_@babel+core@7.2_6bb6baa81f2b198c05a89ed44e2ef849/node_modules/next/src/server/base-server.ts:3676:26)
    at async DevServer.renderToResponseImpl (file:///C:/Users/Administrator/Documents/Github/dashboard-diary/node_modules/.pnpm/next@15.0.2_@babel+core@7.2_6bb6baa81f2b198c05a89ed44e2ef849/node_modules/next/src/server/base-server.ts:3738:23)
    at async DevServer.pipeImpl (file:///C:/Users/Administrator/Documents/Github/dashboard-diary/node_modules/.pnpm/next@15.0.2_@babel+core@7.2_6bb6baa81f2b198c05a89ed44e2ef849/node_modules/next/src/server/base-server.ts:1738:20)
    at async NextNodeServer.handleCatchallRenderRequest (file:///C:/Users/Administrator/Documents/Github/dashboard-diary/node_modules/.pnpm/next@15.0.2_@babel+core@7.2_6bb6baa81f2b198c05a89ed44e2ef849/node_modules/next/src/server/next-server.ts:1032:6)
    at async DevServer.handleRequestImpl (file:///C:/Users/Administrator/Documents/Github/dashboard-diary/node_modules/.pnpm/next@15.0.2_@babel+core@7.2_6bb6baa81f2b198c05a89ed44e2ef849/node_modules/next/src/server/base-server.ts:1498:8)
    at async (file:///C:/Users/Administrator/Documents/Github/dashboard-diary/node_modules/.pnpm/next@15.0.2_@babel+core@7.2_6bb6baa81f2b198c05a89ed44e2ef849/node_modules/next/src/server/dev/next-dev-server.ts:514:13)
    at async Span.traceAsyncFn (file:///C:/Users/Administrator/Documents/Github/dashboard-diary/node_modules/.pnpm/next@15.0.2_@babel+core@7.2_6bb6baa81f2b198c05a89ed44e2ef849/node_modules/next/src/trace/trace.ts:143:13)
    at async DevServer.handleRequest (file:///C:/Users/Administrator/Documents/Github/dashboard-diary/node_modules/.pnpm/next@15.0.2_@babel+core@7.2_6bb6baa81f2b198c05a89ed44e2ef849/node_modules/next/src/server/dev/next-dev-server.ts:512:19)
    at async invokeRender (file:///C:/Users/Administrator/Documents/Github/dashboard-diary/node_modules/.pnpm/next@15.0.2_@babel+core@7.2_6bb6baa81f2b198c05a89ed44e2ef849/node_modules/next/src/server/lib/router-server.ts:284:10)
    at async handleRequest (file:///C:/Users/Administrator/Documents/Github/dashboard-diary/node_modules/.pnpm/next@15.0.2_@babel+core@7.2_6bb6baa81f2b198c05a89ed44e2ef849/node_modules/next/src/server/lib/router-server.ts:530:15)
    at async requestHandlerImpl (file:///C:/Users/Administrator/Documents/Github/dashboard-diary/node_modules/.pnpm/next@15.0.2_@babel+core@7.2_6bb6baa81f2b198c05a89ed44e2ef849/node_modules/next/src/server/lib/router-server.ts:576:6)
    at async Server.requestListener (file:///C:/Users/Administrator/Documents/Github/dashboard-diary/node_modules/.pnpm/next@15.0.2_@babel+core@7.2_6bb6baa81f2b198c05a89ed44e2ef849/node_modules/next/src/server/lib/start-server.ts:146:6)
  46 |                     branch_name: branchesTable.name,
  47 |                     role: usersTable.role,
> 48 |                     activity: activitiesTable.description,
     |                              ^
  49 |                     status: performanceTable.status,
  50 |                     updatedAt: performanceTable.updatedAt,
  51 |                 })
 GET /api/performance 500 in 1002ms
Error fetching performance data: TypeError: Cannot read properties of undefined (reading 'description')
    at activitiesTable (webpack:///app/api/performance/route.ts?151c:48:30)
    at run (file:///C:/Users/Administrator/Documents/Github/dashboard-diary/node_modules/.pnpm/next@15.0.2_@babel+core@7.2_6bb6baa81f2b198c05a89ed44e2ef849/node_modules/next/dist/compiled/next-server/dist/src/server/route-modules/app-route/module.ts:525:41)
    at handler (file:///C:/Users/Administrator/Documents/Github/dashboard-diary/node_modules/.pnpm/next@15.0.2_@babel+core@7.2_6bb6baa81f2b198c05a89ed44e2ef849/node_modules/next/dist/compiled/next-server/dist/src/server/route-modules/app-route/module.ts:722:20)
    at fn (file:///C:/Users/Administrator/Documents/Github/dashboard-diary/node_modules/.pnpm/next@15.0.2_@babel+core@7.2_6bb6baa81f2b198c05a89ed44e2ef849/node_modules/next/src/server/lib/trace/tracer.ts:351:27)
    at NoopContextManager.with (C:\Users\Administrator\Documents\Github\dashboard-diary\node_modules\.pnpm\next@15.0.2_@babel+core@7.2_6bb6baa81f2b198c05a89ed44e2ef849\node_modules\next\dist\compiled\@opentelemetry\api\index.js:1:7062)
    at ContextAPI.with (C:\Users\Administrator\Documents\Github\dashboard-diary\node_modules\.pnpm\next@15.0.2_@babel+core@7.2_6bb6baa81f2b198c05a89ed44e2ef849\node_modules\next\dist\compiled\@opentelemetry\api\index.js:1:518)
    at NoopTracer.startActiveSpan (C:\Users\Administrator\Documents\Github\dashboard-diary\node_modules\.pnpm\next@15.0.2_@babel+core@7.2_6bb6baa81f2b198c05a89ed44e2ef849\node_modules\next\dist\compiled\@opentelemetry\api\index.js:1:18093)
    at ProxyTracer.startActiveSpan (C:\Users\Administrator\Documents\Github\dashboard-diary\node_modules\.pnpm\next@15.0.2_@babel+core@7.2_6bb6baa81f2b198c05a89ed44e2ef849\node_modules\next\dist\compiled\@opentelemetry\api\index.js:1:18854)
    at startActiveSpan (file:///C:/Users/Administrator/Documents/Github/dashboard-diary/node_modules/.pnpm/next@15.0.2_@babel+core@7.2_6bb6baa81f2b198c05a89ed44e2ef849/node_modules/next/src/server/lib/trace/tracer.ts:304:31)
    at NoopContextManager.with (C:\Users\Administrator\Documents\Github\dashboard-diary\node_modules\.pnpm\next@15.0.2_@babel+core@7.2_6bb6baa81f2b198c05a89ed44e2ef849\node_modules\next\dist\compiled\@opentelemetry\api\index.js:1:7062)
    at ContextAPI.with (C:\Users\Administrator\Documents\Github\dashboard-diary\node_modules\.pnpm\next@15.0.2_@babel+core@7.2_6bb6baa81f2b198c05a89ed44e2ef849\node_modules\next\dist\compiled\@opentelemetry\api\index.js:1:518)
    at spanContext (file:///C:/Users/Administrator/Documents/Github/dashboard-diary/node_modules/.pnpm/next@15.0.2_@babel+core@7.2_6bb6baa81f2b198c05a89ed44e2ef849/node_modules/next/src/server/lib/trace/tracer.ts:303:24)
    at trace (file:///C:/Users/Administrator/Documents/Github/dashboard-diary/node_modules/.pnpm/next@15.0.2_@babel+core@7.2_6bb6baa81f2b198c05a89ed44e2ef849/node_modules/next/dist/compiled/next-server/dist/src/server/route-modules/app-route/module.ts:712:28)
    at run (file:///C:/Users/Administrator/Documents/Github/dashboard-diary/node_modules/.pnpm/next@15.0.2_@babel+core@7.2_6bb6baa81f2b198c05a89ed44e2ef849/node_modules/next/dist/compiled/next-server/dist/src/server/async-storage/with-work-store.ts:133:17)
    at withWorkStore (file:///C:/Users/Administrator/Documents/Github/dashboard-diary/node_modules/.pnpm/next@15.0.2_@babel+core@7.2_6bb6baa81f2b198c05a89ed44e2ef849/node_modules/next/dist/compiled/next-server/dist/src/server/route-modules/app-route/module.ts:656:10)
    at run (file:///C:/Users/Administrator/Documents/Github/dashboard-diary/node_modules/.pnpm/next@15.0.2_@babel+core@7.2_6bb6baa81f2b198c05a89ed44e2ef849/node_modules/next/dist/compiled/next-server/dist/src/server/route-modules/app-route/module.ts:655:34)
    at run (file:///C:/Users/Administrator/Documents/Github/dashboard-diary/node_modules/.pnpm/next@15.0.2_@babel+core@7.2_6bb6baa81f2b198c05a89ed44e2ef849/node_modules/next/dist/compiled/next-server/dist/src/server/route-modules/app-route/module.ts:652:60)
    at handle (file:///C:/Users/Administrator/Documents/Github/dashboard-diary/node_modules/.pnpm/next@15.0.2_@babel+core@7.2_6bb6baa81f2b198c05a89ed44e2ef849/node_modules/next/src/server/base-server.ts:2570:47)
    at doRender (file:///C:/Users/Administrator/Documents/Github/dashboard-diary/node_modules/.pnpm/next@15.0.2_@babel+core@7.2_6bb6baa81f2b198c05a89ed44e2ef849/node_modules/next/src/server/base-server.ts:3066:27)
    at responseGenerator (file:///C:/Users/Administrator/Documents/Github/dashboard-diary/node_modules/.pnpm/next@15.0.2_@babel+core@7.2_6bb6baa81f2b198c05a89ed44e2ef849/node_modules/next/src/server/response-cache/index.ts:67:13)
    at get (file:///C:/Users/Administrator/Documents/Github/dashboard-diary/node_modules/.pnpm/next@15.0.2_@babel+core@7.2_6bb6baa81f2b198c05a89ed44e2ef849/node_modules/next/src/server/base-server.ts:3121:48)
    at renderToResponseWithComponentsImpl (file:///C:/Users/Administrator/Documents/Github/dashboard-diary/node_modules/.pnpm/next@15.0.2_@babel+core@7.2_6bb6baa81f2b198c05a89ed44e2ef849/node_modules/next/src/server/base-server.ts:1917:13)
    at fn (file:///C:/Users/Administrator/Documents/Github/dashboard-diary/node_modules/.pnpm/next@15.0.2_@babel+core@7.2_6bb6baa81f2b198c05a89ed44e2ef849/node_modules/next/src/server/lib/trace/tracer.ts:279:13)
    at trace (file:///C:/Users/Administrator/Documents/Github/dashboard-diary/node_modules/.pnpm/next@15.0.2_@babel+core@7.2_6bb6baa81f2b198c05a89ed44e2ef849/node_modules/next/src/server/base-server.ts:1914:23)
    at renderToResponseWithComponents (file:///C:/Users/Administrator/Documents/Github/dashboard-diary/node_modules/.pnpm/next@15.0.2_@babel+core@7.2_6bb6baa81f2b198c05a89ed44e2ef849/node_modules/next/src/server/base-server.ts:3676:26)
    at async DevServer.renderToResponseImpl (file:///C:/Users/Administrator/Documents/Github/dashboard-diary/node_modules/.pnpm/next@15.0.2_@babel+core@7.2_6bb6baa81f2b198c05a89ed44e2ef849/node_modules/next/src/server/base-server.ts:3738:23)
    at async DevServer.pipeImpl (file:///C:/Users/Administrator/Documents/Github/dashboard-diary/node_modules/.pnpm/next@15.0.2_@babel+core@7.2_6bb6baa81f2b198c05a89ed44e2ef849/node_modules/next/src/server/base-server.ts:1738:20)
    at async NextNodeServer.handleCatchallRenderRequest (file:///C:/Users/Administrator/Documents/Github/dashboard-diary/node_modules/.pnpm/next@15.0.2_@babel+core@7.2_6bb6baa81f2b198c05a89ed44e2ef849/node_modules/next/src/server/next-server.ts:1032:6)
    at async DevServer.handleRequestImpl (file:///C:/Users/Administrator/Documents/Github/dashboard-diary/node_modules/.pnpm/next@15.0.2_@babel+core@7.2_6bb6baa81f2b198c05a89ed44e2ef849/node_modules/next/src/server/base-server.ts:1498:8)
    at async (file:///C:/Users/Administrator/Documents/Github/dashboard-diary/node_modules/.pnpm/next@15.0.2_@babel+core@7.2_6bb6baa81f2b198c05a89ed44e2ef849/node_modules/next/src/server/dev/next-dev-server.ts:514:13)
    at async Span.traceAsyncFn (file:///C:/Users/Administrator/Documents/Github/dashboard-diary/node_modules/.pnpm/next@15.0.2_@babel+core@7.2_6bb6baa81f2b198c05a89ed44e2ef849/node_modules/next/src/trace/trace.ts:143:13)
    at async DevServer.handleRequest (file:///C:/Users/Administrator/Documents/Github/dashboard-diary/node_modules/.pnpm/next@15.0.2_@babel+core@7.2_6bb6baa81f2b198c05a89ed44e2ef849/node_modules/next/src/server/dev/next-dev-server.ts:512:19)
    at async invokeRender (file:///C:/Users/Administrator/Documents/Github/dashboard-diary/node_modules/.pnpm/next@15.0.2_@babel+core@7.2_6bb6baa81f2b198c05a89ed44e2ef849/node_modules/next/src/server/lib/router-server.ts:284:10)
    at async handleRequest (file:///C:/Users/Administrator/Documents/Github/dashboard-diary/node_modules/.pnpm/next@15.0.2_@babel+core@7.2_6bb6baa81f2b198c05a89ed44e2ef849/node_modules/next/src/server/lib/router-server.ts:530:15)
    at async requestHandlerImpl (file:///C:/Users/Administrator/Documents/Github/dashboard-diary/node_modules/.pnpm/next@15.0.2_@babel+core@7.2_6bb6baa81f2b198c05a89ed44e2ef849/node_modules/next/src/server/lib/router-server.ts:576:6)
    at async Server.requestListener (file:///C:/Users/Administrator/Documents/Github/dashboard-diary/node_modules/.pnpm/next@15.0.2_@babel+core@7.2_6bb6baa81f2b198c05a89ed44e2ef849/node_modules/next/src/server/lib/start-server.ts:146:6)
  46 |                     branch_name: branchesTable.name,
  47 |                     role: usersTable.role,
> 48 |                     activity: activitiesTable.description,
     |                              ^
  49 |                     status: performanceTable.status,
  50 |                     updatedAt: performanceTable.updatedAt,
  51 |                 })
 GET /api/performance 500 in 70ms
 ⚠ ./app/api/performance/route.ts
Attempted import error: 'activitiesTable' is not exported from '../../../drizzle/db/schema' (imported as 'activitiesTable').

Import trace for requested module:
./app/api/performance/route.ts

./app/api/performance/route.ts
Attempted import error: 'activitiesTable' is not exported from '../../../drizzle/db/schema' (imported as 'activitiesTable').

Import trace for requested module:
./app/api/performance/route.ts

./app/api/performance/route.ts
Attempted import error: 'activitiesTable' is not exported from '../../../drizzle/db/schema' (imported as 'activitiesTable').

Import trace for requested module:
./app/api/performance/route.ts

./app/api/performance/route.ts
Attempted import error: 'activitiesTable' is not exported from '../../../drizzle/db/schema' (imported as 'activitiesTable').

Import trace for requested module:
./app/api/performance/route.ts

./app/api/performance/route.ts
Attempted import error: 'activitiesTable' is not exported from '../../../drizzle/db/schema' (imported as 'activitiesTable').

Import trace for requested module:
./app/api/performance/route.ts

./app/api/performance/route.ts
Attempted import error: 'activitiesTable' is not exported from '../../../drizzle/db/schema' (imported as 'activitiesTable').

Import trace for requested module:
./app/api/performance/route.ts

./app/api/schedules/route.ts
Attempted import error: 'activitiesTable' is not exported from '../../../drizzle/db/schema' (imported as 'activitiesTable').

Import trace for requested module:
./app/api/schedules/route.ts

./app/api/schedules/route.ts
Attempted import error: 'activitiesTable' is not exported from '../../../drizzle/db/schema' (imported as 'activitiesTable').

Import trace for requested module:
./app/api/schedules/route.ts

./app/api/schedules/route.ts
Attempted import error: 'activitiesTable' is not exported from '../../../drizzle/db/schema' (imported as 'activitiesTable').

Import trace for requested module:
./app/api/schedules/route.ts
 ⚠ ./app/api/performance/route.ts
Attempted import error: 'activitiesTable' is not exported from '../../../drizzle/db/schema' (imported as 'activitiesTable').

Import trace for requested module:
./app/api/performance/route.ts

./app/api/performance/route.ts
Attempted import error: 'activitiesTable' is not exported from '../../../drizzle/db/schema' (imported as 'activitiesTable').

Import trace for requested module:
./app/api/performance/route.ts

./app/api/performance/route.ts
Attempted import error: 'activitiesTable' is not exported from '../../../drizzle/db/schema' (imported as 'activitiesTable').

Import trace for requested module:
./app/api/performance/route.ts

./app/api/performance/route.ts
Attempted import error: 'activitiesTable' is not exported from '../../../drizzle/db/schema' (imported as 'activitiesTable').

Import trace for requested module:
./app/api/performance/route.ts

./app/api/performance/route.ts
Attempted import error: 'activitiesTable' is not exported from '../../../drizzle/db/schema' (imported as 'activitiesTable').

Import trace for requested module:
./app/api/performance/route.ts

./app/api/performance/route.ts
Attempted import error: 'activitiesTable' is not exported from '../../../drizzle/db/schema' (imported as 'activitiesTable').

Import trace for requested module:
./app/api/performance/route.ts

./app/api/schedules/route.ts
Attempted import error: 'activitiesTable' is not exported from '../../../drizzle/db/schema' (imported as 'activitiesTable').

Import trace for requested module:
./app/api/schedules/route.ts

./app/api/schedules/route.ts
Attempted import error: 'activitiesTable' is not exported from '../../../drizzle/db/schema' (imported as 'activitiesTable').

Import trace for requested module:
./app/api/schedules/route.ts

./app/api/schedules/route.ts
Attempted import error: 'activitiesTable' is not exported from '../../../drizzle/db/schema' (imported as 'activitiesTable').

Import trace for requested module:
./app/api/schedules/route.ts
 GET /store/users 200 in 1066ms
 ⚠ ./app/api/performance/route.ts
Attempted import error: 'activitiesTable' is not exported from '../../../drizzle/db/schema' (imported as 'activitiesTable').

Import trace for requested module:
./app/api/performance/route.ts

./app/api/performance/route.ts
Attempted import error: 'activitiesTable' is not exported from '../../../drizzle/db/schema' (imported as 'activitiesTable').

Import trace for requested module:
./app/api/performance/route.ts

./app/api/performance/route.ts
Attempted import error: 'activitiesTable' is not exported from '../../../drizzle/db/schema' (imported as 'activitiesTable').

Import trace for requested module:
./app/api/performance/route.ts

./app/api/performance/route.ts
Attempted import error: 'activitiesTable' is not exported from '../../../drizzle/db/schema' (imported as 'activitiesTable').

Import trace for requested module:
./app/api/performance/route.ts

./app/api/performance/route.ts
Attempted import error: 'activitiesTable' is not exported from '../../../drizzle/db/schema' (imported as 'activitiesTable').

Import trace for requested module:
./app/api/performance/route.ts

./app/api/performance/route.ts
Attempted import error: 'activitiesTable' is not exported from '../../../drizzle/db/schema' (imported as 'activitiesTable').

Import trace for requested module:
./app/api/performance/route.ts

./app/api/schedules/route.ts
Attempted import error: 'activitiesTable' is not exported from '../../../drizzle/db/schema' (imported as 'activitiesTable').

Import trace for requested module:
./app/api/schedules/route.ts

./app/api/schedules/route.ts
Attempted import error: 'activitiesTable' is not exported from '../../../drizzle/db/schema' (imported as 'activitiesTable').

Import trace for requested module:
./app/api/schedules/route.ts

./app/api/schedules/route.ts
Attempted import error: 'activitiesTable' is not exported from '../../../drizzle/db/schema' (imported as 'activitiesTable').

Import trace for requested module:
./app/api/schedules/route.ts
 ⚠ ./app/api/performance/route.ts
Attempted import error: 'activitiesTable' is not exported from '../../../drizzle/db/schema' (imported as 'activitiesTable').

Import trace for requested module:
./app/api/performance/route.ts

./app/api/performance/route.ts
Attempted import error: 'activitiesTable' is not exported from '../../../drizzle/db/schema' (imported as 'activitiesTable').

Import trace for requested module:
./app/api/performance/route.ts

./app/api/performance/route.ts
Attempted import error: 'activitiesTable' is not exported from '../../../drizzle/db/schema' (imported as 'activitiesTable').

Import trace for requested module:
./app/api/performance/route.ts

./app/api/performance/route.ts
Attempted import error: 'activitiesTable' is not exported from '../../../drizzle/db/schema' (imported as 'activitiesTable').

Import trace for requested module:
./app/api/performance/route.ts

./app/api/performance/route.ts
Attempted import error: 'activitiesTable' is not exported from '../../../drizzle/db/schema' (imported as 'activitiesTable').

Import trace for requested module:
./app/api/performance/route.ts

./app/api/performance/route.ts
Attempted import error: 'activitiesTable' is not exported from '../../../drizzle/db/schema' (imported as 'activitiesTable').

Import trace for requested module:
./app/api/performance/route.ts

./app/api/schedules/route.ts
Attempted import error: 'activitiesTable' is not exported from '../../../drizzle/db/schema' (imported as 'activitiesTable').

Import trace for requested module:
./app/api/schedules/route.ts

./app/api/schedules/route.ts
Attempted import error: 'activitiesTable' is not exported from '../../../drizzle/db/schema' (imported as 'activitiesTable').

Import trace for requested module:
./app/api/schedules/route.ts

./app/api/schedules/route.ts
Attempted import error: 'activitiesTable' is not exported from '../../../drizzle/db/schema' (imported as 'activitiesTable').

Import trace for requested module:
./app/api/schedules/route.ts
 GET /api/users 200 in 612ms
 GET /api/users 200 in 18ms
 ⚠ ./app/api/performance/route.ts
Attempted import error: 'activitiesTable' is not exported from '../../../drizzle/db/schema' (imported as 'activitiesTable').

Import trace for requested module:
./app/api/performance/route.ts

./app/api/performance/route.ts
Attempted import error: 'activitiesTable' is not exported from '../../../drizzle/db/schema' (imported as 'activitiesTable').

Import trace for requested module:
./app/api/performance/route.ts

./app/api/performance/route.ts
Attempted import error: 'activitiesTable' is not exported from '../../../drizzle/db/schema' (imported as 'activitiesTable').

Import trace for requested module:
./app/api/performance/route.ts

./app/api/performance/route.ts
Attempted import error: 'activitiesTable' is not exported from '../../../drizzle/db/schema' (imported as 'activitiesTable').

Import trace for requested module:
./app/api/performance/route.ts

./app/api/performance/route.ts
Attempted import error: 'activitiesTable' is not exported from '../../../drizzle/db/schema' (imported as 'activitiesTable').

Import trace for requested module:
./app/api/performance/route.ts

./app/api/performance/route.ts
Attempted import error: 'activitiesTable' is not exported from '../../../drizzle/db/schema' (imported as 'activitiesTable').

Import trace for requested module:
./app/api/performance/route.ts

./app/api/schedules/route.ts
Attempted import error: 'activitiesTable' is not exported from '../../../drizzle/db/schema' (imported as 'activitiesTable').

Import trace for requested module:
./app/api/schedules/route.ts

./app/api/schedules/route.ts
Attempted import error: 'activitiesTable' is not exported from '../../../drizzle/db/schema' (imported as 'activitiesTable').

Import trace for requested module:
./app/api/schedules/route.ts

./app/api/schedules/route.ts
Attempted import error: 'activitiesTable' is not exported from '../../../drizzle/db/schema' (imported as 'activitiesTable').

Import trace for requested module:
./app/api/schedules/route.ts
 ⚠ ./app/api/performance/route.ts
Attempted import error: 'activitiesTable' is not exported from '../../../drizzle/db/schema' (imported as 'activitiesTable').

Import trace for requested module:
./app/api/performance/route.ts

./app/api/performance/route.ts
Attempted import error: 'activitiesTable' is not exported from '../../../drizzle/db/schema' (imported as 'activitiesTable').

Import trace for requested module:
./app/api/performance/route.ts

./app/api/performance/route.ts
Attempted import error: 'activitiesTable' is not exported from '../../../drizzle/db/schema' (imported as 'activitiesTable').

Import trace for requested module:
./app/api/performance/route.ts

./app/api/performance/route.ts
Attempted import error: 'activitiesTable' is not exported from '../../../drizzle/db/schema' (imported as 'activitiesTable').

Import trace for requested module:
./app/api/performance/route.ts

./app/api/performance/route.ts
Attempted import error: 'activitiesTable' is not exported from '../../../drizzle/db/schema' (imported as 'activitiesTable').

Import trace for requested module:
./app/api/performance/route.ts

./app/api/performance/route.ts
Attempted import error: 'activitiesTable' is not exported from '../../../drizzle/db/schema' (imported as 'activitiesTable').

Import trace for requested module:
./app/api/performance/route.ts

./app/api/schedules/route.ts
Attempted import error: 'activitiesTable' is not exported from '../../../drizzle/db/schema' (imported as 'activitiesTable').

Import trace for requested module:
./app/api/schedules/route.ts

./app/api/schedules/route.ts
Attempted import error: 'activitiesTable' is not exported from '../../../drizzle/db/schema' (imported as 'activitiesTable').

Import trace for requested module:
./app/api/schedules/route.ts

./app/api/schedules/route.ts
Attempted import error: 'activitiesTable' is not exported from '../../../drizzle/db/schema' (imported as 'activitiesTable').

Import trace for requested module:
./app/api/schedules/route.ts
 GET /store/reports 200 in 1277ms
 ⚠ ./app/api/performance/route.ts
Attempted import error: 'activitiesTable' is not exported from '../../../drizzle/db/schema' (imported as 'activitiesTable').

Import trace for requested module:
./app/api/performance/route.ts

./app/api/performance/route.ts
Attempted import error: 'activitiesTable' is not exported from '../../../drizzle/db/schema' (imported as 'activitiesTable').

Import trace for requested module:
./app/api/performance/route.ts

./app/api/performance/route.ts
Attempted import error: 'activitiesTable' is not exported from '../../../drizzle/db/schema' (imported as 'activitiesTable').

Import trace for requested module:
./app/api/performance/route.ts

./app/api/performance/route.ts
Attempted import error: 'activitiesTable' is not exported from '../../../drizzle/db/schema' (imported as 'activitiesTable').

Import trace for requested module:
./app/api/performance/route.ts

./app/api/performance/route.ts
Attempted import error: 'activitiesTable' is not exported from '../../../drizzle/db/schema' (imported as 'activitiesTable').

Import trace for requested module:
./app/api/performance/route.ts

./app/api/performance/route.ts
Attempted import error: 'activitiesTable' is not exported from '../../../drizzle/db/schema' (imported as 'activitiesTable').

Import trace for requested module:
./app/api/performance/route.ts

./app/api/schedules/route.ts
Attempted import error: 'activitiesTable' is not exported from '../../../drizzle/db/schema' (imported as 'activitiesTable').

Import trace for requested module:
./app/api/schedules/route.ts

./app/api/schedules/route.ts
Attempted import error: 'activitiesTable' is not exported from '../../../drizzle/db/schema' (imported as 'activitiesTable').

Import trace for requested module:
./app/api/schedules/route.ts

./app/api/schedules/route.ts
Attempted import error: 'activitiesTable' is not exported from '../../../drizzle/db/schema' (imported as 'activitiesTable').

Import trace for requested module:
./app/api/schedules/route.ts
 ⚠ ./app/api/performance/route.ts
Attempted import error: 'activitiesTable' is not exported from '../../../drizzle/db/schema' (imported as 'activitiesTable').

Import trace for requested module:
./app/api/performance/route.ts

./app/api/performance/route.ts
Attempted import error: 'activitiesTable' is not exported from '../../../drizzle/db/schema' (imported as 'activitiesTable').

Import trace for requested module:
./app/api/performance/route.ts

./app/api/performance/route.ts
Attempted import error: 'activitiesTable' is not exported from '../../../drizzle/db/schema' (imported as 'activitiesTable').

Import trace for requested module:
./app/api/performance/route.ts

./app/api/performance/route.ts
Attempted import error: 'activitiesTable' is not exported from '../../../drizzle/db/schema' (imported as 'activitiesTable').

Import trace for requested module:
./app/api/performance/route.ts

./app/api/performance/route.ts
Attempted import error: 'activitiesTable' is not exported from '../../../drizzle/db/schema' (imported as 'activitiesTable').

Import trace for requested module:
./app/api/performance/route.ts

./app/api/performance/route.ts
Attempted import error: 'activitiesTable' is not exported from '../../../drizzle/db/schema' (imported as 'activitiesTable').

Import trace for requested module:
./app/api/performance/route.ts

./app/api/schedules/route.ts
Attempted import error: 'activitiesTable' is not exported from '../../../drizzle/db/schema' (imported as 'activitiesTable').

Import trace for requested module:
./app/api/schedules/route.ts

./app/api/schedules/route.ts
Attempted import error: 'activitiesTable' is not exported from '../../../drizzle/db/schema' (imported as 'activitiesTable').

Import trace for requested module:
./app/api/schedules/route.ts

./app/api/schedules/route.ts
Attempted import error: 'activitiesTable' is not exported from '../../../drizzle/db/schema' (imported as 'activitiesTable').

Import trace for requested module:
./app/api/schedules/route.ts
 ⚠ ./app/api/performance/route.ts
Attempted import error: 'activitiesTable' is not exported from '../../../drizzle/db/schema' (imported as 'activitiesTable').

Import trace for requested module:
./app/api/performance/route.ts

./app/api/performance/route.ts
Attempted import error: 'activitiesTable' is not exported from '../../../drizzle/db/schema' (imported as 'activitiesTable').

Import trace for requested module:
./app/api/performance/route.ts

./app/api/performance/route.ts
Attempted import error: 'activitiesTable' is not exported from '../../../drizzle/db/schema' (imported as 'activitiesTable').

Import trace for requested module:
./app/api/performance/route.ts

./app/api/performance/route.ts
Attempted import error: 'activitiesTable' is not exported from '../../../drizzle/db/schema' (imported as 'activitiesTable').

Import trace for requested module:
./app/api/performance/route.ts

./app/api/performance/route.ts
Attempted import error: 'activitiesTable' is not exported from '../../../drizzle/db/schema' (imported as 'activitiesTable').

Import trace for requested module:
./app/api/performance/route.ts

./app/api/performance/route.ts
Attempted import error: 'activitiesTable' is not exported from '../../../drizzle/db/schema' (imported as 'activitiesTable').

Import trace for requested module:
./app/api/performance/route.ts

./app/api/schedules/route.ts
Attempted import error: 'activitiesTable' is not exported from '../../../drizzle/db/schema' (imported as 'activitiesTable').

Import trace for requested module:
./app/api/schedules/route.ts

./app/api/schedules/route.ts
Attempted import error: 'activitiesTable' is not exported from '../../../drizzle/db/schema' (imported as 'activitiesTable').

Import trace for requested module:
./app/api/schedules/route.ts

./app/api/schedules/route.ts
Attempted import error: 'activitiesTable' is not exported from '../../../drizzle/db/schema' (imported as 'activitiesTable').

Import trace for requested module:
./app/api/schedules/route.ts
 ⚠ ./app/api/performance/route.ts
Attempted import error: 'activitiesTable' is not exported from '../../../drizzle/db/schema' (imported as 'activitiesTable').

Import trace for requested module:
./app/api/performance/route.ts

./app/api/performance/route.ts
Attempted import error: 'activitiesTable' is not exported from '../../../drizzle/db/schema' (imported as 'activitiesTable').

Import trace for requested module:
./app/api/performance/route.ts

./app/api/performance/route.ts
Attempted import error: 'activitiesTable' is not exported from '../../../drizzle/db/schema' (imported as 'activitiesTable').

Import trace for requested module:
./app/api/performance/route.ts

./app/api/performance/route.ts
Attempted import error: 'activitiesTable' is not exported from '../../../drizzle/db/schema' (imported as 'activitiesTable').

Import trace for requested module:
./app/api/performance/route.ts

./app/api/performance/route.ts
Attempted import error: 'activitiesTable' is not exported from '../../../drizzle/db/schema' (imported as 'activitiesTable').

Import trace for requested module:
./app/api/performance/route.ts

./app/api/performance/route.ts
Attempted import error: 'activitiesTable' is not exported from '../../../drizzle/db/schema' (imported as 'activitiesTable').

Import trace for requested module:
./app/api/performance/route.ts

./app/api/schedules/route.ts
Attempted import error: 'activitiesTable' is not exported from '../../../drizzle/db/schema' (imported as 'activitiesTable').

Import trace for requested module:
./app/api/schedules/route.ts

./app/api/schedules/route.ts
Attempted import error: 'activitiesTable' is not exported from '../../../drizzle/db/schema' (imported as 'activitiesTable').

Import trace for requested module:
./app/api/schedules/route.ts

./app/api/schedules/route.ts
Attempted import error: 'activitiesTable' is not exported from '../../../drizzle/db/schema' (imported as 'activitiesTable').

Import trace for requested module:
./app/api/schedules/route.ts
 GET /api/events 200 in 1025ms
 GET /api/items 200 in 1031ms
 GET /api/events 200 in 40ms
 GET /api/items 200 in 33ms
 ⚠ ./app/api/performance/route.ts
Attempted import error: 'activitiesTable' is not exported from '../../../drizzle/db/schema' (imported as 'activitiesTable').

Import trace for requested module:
./app/api/performance/route.ts

./app/api/performance/route.ts
Attempted import error: 'activitiesTable' is not exported from '../../../drizzle/db/schema' (imported as 'activitiesTable').

Import trace for requested module:
./app/api/performance/route.ts

./app/api/performance/route.ts
Attempted import error: 'activitiesTable' is not exported from '../../../drizzle/db/schema' (imported as 'activitiesTable').

Import trace for requested module:
./app/api/performance/route.ts

./app/api/performance/route.ts
Attempted import error: 'activitiesTable' is not exported from '../../../drizzle/db/schema' (imported as 'activitiesTable').

Import trace for requested module:
./app/api/performance/route.ts

./app/api/performance/route.ts
Attempted import error: 'activitiesTable' is not exported from '../../../drizzle/db/schema' (imported as 'activitiesTable').

Import trace for requested module:
./app/api/performance/route.ts

./app/api/performance/route.ts
Attempted import error: 'activitiesTable' is not exported from '../../../drizzle/db/schema' (imported as 'activitiesTable').

Import trace for requested module:
./app/api/performance/route.ts

./app/api/schedules/route.ts
Attempted import error: 'activitiesTable' is not exported from '../../../drizzle/db/schema' (imported as 'activitiesTable').

Import trace for requested module:
./app/api/schedules/route.ts

./app/api/schedules/route.ts
Attempted import error: 'activitiesTable' is not exported from '../../../drizzle/db/schema' (imported as 'activitiesTable').

Import trace for requested module:
./app/api/schedules/route.ts

./app/api/schedules/route.ts
Attempted import error: 'activitiesTable' is not exported from '../../../drizzle/db/schema' (imported as 'activitiesTable').

Import trace for requested module:
./app/api/schedules/route.ts
 ⚠ ./app/api/performance/route.ts
Attempted import error: 'activitiesTable' is not exported from '../../../drizzle/db/schema' (imported as 'activitiesTable').

Import trace for requested module:
./app/api/performance/route.ts

./app/api/performance/route.ts
Attempted import error: 'activitiesTable' is not exported from '../../../drizzle/db/schema' (imported as 'activitiesTable').

Import trace for requested module:
./app/api/performance/route.ts

./app/api/performance/route.ts
Attempted import error: 'activitiesTable' is not exported from '../../../drizzle/db/schema' (imported as 'activitiesTable').

Import trace for requested module:
./app/api/performance/route.ts

./app/api/performance/route.ts
Attempted import error: 'activitiesTable' is not exported from '../../../drizzle/db/schema' (imported as 'activitiesTable').

Import trace for requested module:
./app/api/performance/route.ts

./app/api/performance/route.ts
Attempted import error: 'activitiesTable' is not exported from '../../../drizzle/db/schema' (imported as 'activitiesTable').

Import trace for requested module:
./app/api/performance/route.ts

./app/api/performance/route.ts
Attempted import error: 'activitiesTable' is not exported from '../../../drizzle/db/schema' (imported as 'activitiesTable').

Import trace for requested module:
./app/api/performance/route.ts
 GET /store/dashboard 200 in 641ms
 GET /api/items 200 in 151ms
 GET /api/items 200 in 21ms
 GET /api/events?event_type=sale 200 in 34ms
 GET /api/events?event_type=sale 200 in 23ms
 ⚠ ./app/api/performance/route.ts
Attempted import error: 'activitiesTable' is not exported from '../../../drizzle/db/schema' (imported as 'activitiesTable').

Import trace for requested module:
./app/api/performance/route.ts

./app/api/performance/route.ts
Attempted import error: 'activitiesTable' is not exported from '../../../drizzle/db/schema' (imported as 'activitiesTable').

Import trace for requested module:
./app/api/performance/route.ts

./app/api/performance/route.ts
Attempted import error: 'activitiesTable' is not exported from '../../../drizzle/db/schema' (imported as 'activitiesTable').

Import trace for requested module:
./app/api/performance/route.ts

./app/api/performance/route.ts
Attempted import error: 'activitiesTable' is not exported from '../../../drizzle/db/schema' (imported as 'activitiesTable').

Import trace for requested module:
./app/api/performance/route.ts

./app/api/performance/route.ts
Attempted import error: 'activitiesTable' is not exported from '../../../drizzle/db/schema' (imported as 'activitiesTable').

Import trace for requested module:
./app/api/performance/route.ts

./app/api/performance/route.ts
Attempted import error: 'activitiesTable' is not exported from '../../../drizzle/db/schema' (imported as 'activitiesTable').

Import trace for requested module:
./app/api/performance/route.ts
 ✓ Compiled /store/items in 1612ms (505 modules)
 GET /store/items 200 in 1915ms
 ✓ Compiled /api/items in 415ms (637 modules)
 GET /api/items 200 in 763ms
 GET /api/items 200 in 20ms
 ○ Compiling /_not-found ...
Watchpack Error (stats): Error: EINVAL: invalid argument, lstat 'C:\pagefile.sys'
Watchpack Error (stats): Error: EINVAL: invalid argument, lstat 'C:\pagefile.sys'
Watchpack Error (stats): Error: EINVAL: invalid argument, lstat 'C:\pagefile.sys'
Watchpack Error (stats): Error: EINVAL: invalid argument, lstat 'C:\pagefile.sys'
 GET /store/items 200 in 12865ms
 ✓ Compiled /api/items in 27.4s (1530 modules)
 ✓ Compiled in 0ms (676 modules)
 ✓ Compiled in 1115ms (1516 modules)
 GET /favicon.ico 200 in 5931ms
 GET /.well-known/appspecific/com.chrome.devtools.json 404 in 30785ms
 GET /.well-known/appspecific/com.chrome.devtools.json 404 in 99ms
 GET /store/items 200 in 2678ms
 GET /api/items 200 in 6387ms
 ○ Compiling /api/users/login ...
 ✓ Compiled /api/users/login in 1234ms (671 modules)
 OPTIONS /api/users/login 204 in 1565ms
 POST /api/users/login 200 in 315ms
 ○ Compiling /api/dashboard ...
 ⚠ ./app/api/dashboard/route.ts
Attempted import error: 'activitiesTable' is not exported from '../../../drizzle/db/schema' (imported as 'activitiesTable').

Import trace for requested module:
./app/api/dashboard/route.ts

./app/api/dashboard/route.ts
Attempted import error: 'activitiesTable' is not exported from '../../../drizzle/db/schema' (imported as 'activitiesTable').

Import trace for requested module:
./app/api/dashboard/route.ts

./app/api/dashboard/route.ts
Attempted import error: 'activitiesTable' is not exported from '../../../drizzle/db/schema' (imported as 'activitiesTable').

Import trace for requested module:
./app/api/dashboard/route.ts

./app/api/dashboard/route.ts
Attempted import error: 'activitiesTable' is not exported from '../../../drizzle/db/schema' (imported as 'activitiesTable').

Import trace for requested module:
./app/api/dashboard/route.ts

./app/api/dashboard/route.ts
Attempted import error: 'activitiesTable' is not exported from '../../../drizzle/db/schema' (imported as 'activitiesTable').

Import trace for requested module:
./app/api/dashboard/route.ts

./app/api/dashboard/route.ts
Attempted import error: 'activitiesTable' is not exported from '../../../drizzle/db/schema' (imported as 'activitiesTable').

Import trace for requested module:
./app/api/dashboard/route.ts

./app/api/dashboard/route.ts
Attempted import error: 'activitiesTable' is not exported from '../../../drizzle/db/schema' (imported as 'activitiesTable').

Import trace for requested module:
./app/api/dashboard/route.ts

./app/api/dashboard/route.ts
Attempted import error: 'activitiesTable' is not exported from '../../../drizzle/db/schema' (imported as 'activitiesTable').

Import trace for requested module:
./app/api/dashboard/route.ts

./app/api/dashboard/route.ts
Attempted import error: 'activitiesTable' is not exported from '../../../drizzle/db/schema' (imported as 'activitiesTable').

Import trace for requested module:
./app/api/dashboard/route.ts

./app/api/dashboard/route.ts
Attempted import error: 'activitiesTable' is not exported from '../../../drizzle/db/schema' (imported as 'activitiesTable').

Import trace for requested module:
./app/api/dashboard/route.ts

./app/api/dashboard/route.ts
Attempted import error: 'activitiesTable' is not exported from '../../../drizzle/db/schema' (imported as 'activitiesTable').

Import trace for requested module:
./app/api/dashboard/route.ts

./app/api/dashboard/route.ts
Attempted import error: 'activitiesTable' is not exported from '../../../drizzle/db/schema' (imported as 'activitiesTable').

Import trace for requested module:
./app/api/dashboard/route.ts

./app/api/dashboard/route.ts
Attempted import error: 'activitiesTable' is not exported from '../../../drizzle/db/schema' (imported as 'activitiesTable').

Import trace for requested module:
./app/api/dashboard/route.ts

./app/api/dashboard/route.ts
Attempted import error: 'activitiesTable' is not exported from '../../../drizzle/db/schema' (imported as 'activitiesTable').

Import trace for requested module:
./app/api/dashboard/route.ts

./app/api/dashboard/route.ts
Attempted import error: 'activitiesTable' is not exported from '../../../drizzle/db/schema' (imported as 'activitiesTable').

Import trace for requested module:
./app/api/dashboard/route.ts

./app/api/dashboard/route.ts
Attempted import error: 'activitiesTable' is not exported from '../../../drizzle/db/schema' (imported as 'activitiesTable').

Import trace for requested module:
./app/api/dashboard/route.ts

./app/api/dashboard/route.ts
Attempted import error: 'activitiesTable' is not exported from '../../../drizzle/db/schema' (imported as 'activitiesTable').

Import trace for requested module:
./app/api/dashboard/route.ts

./app/api/dashboard/route.ts
Attempted import error: 'activitiesTable' is not exported from '../../../drizzle/db/schema' (imported as 'activitiesTable').

Import trace for requested module:
./app/api/dashboard/route.ts

./app/api/dashboard/route.ts
Attempted import error: 'activitiesTable' is not exported from '../../../drizzle/db/schema' (imported as 'activitiesTable').

Import trace for requested module:
./app/api/dashboard/route.ts

./app/api/dashboard/route.ts
Attempted import error: 'resourcesTable' is not exported from '../../../drizzle/db/schema' (imported as 'resourcesTable').

Import trace for requested module:
./app/api/dashboard/route.ts

./app/api/dashboard/route.ts
Attempted import error: 'resourcesTable' is not exported from '../../../drizzle/db/schema' (imported as 'resourcesTable').

Import trace for requested module:
./app/api/dashboard/route.ts

./app/api/dashboard/route.ts
Attempted import error: 'activityResourcesTable' is not exported from '../../../drizzle/db/schema' (imported as 'activityResourcesTable').

Import trace for requested module:
./app/api/dashboard/route.ts

./app/api/dashboard/route.ts
Attempted import error: 'resourcesTable' is not exported from '../../../drizzle/db/schema' (imported as 'resourcesTable').

Import trace for requested module:
./app/api/dashboard/route.ts

./app/api/dashboard/route.ts
Attempted import error: 'activitiesTable' is not exported from '../../../drizzle/db/schema' (imported as 'activitiesTable').

Import trace for requested module:
./app/api/dashboard/route.ts

./app/api/dashboard/route.ts
Attempted import error: 'activityResourcesTable' is not exported from '../../../drizzle/db/schema' (imported as 'activityResourcesTable').

Import trace for requested module:
./app/api/dashboard/route.ts

./app/api/dashboard/route.ts
Attempted import error: 'activityResourcesTable' is not exported from '../../../drizzle/db/schema' (imported as 'activityResourcesTable').

Import trace for requested module:
./app/api/dashboard/route.ts

./app/api/dashboard/route.ts
Attempted import error: 'activitiesTable' is not exported from '../../../drizzle/db/schema' (imported as 'activitiesTable').

Import trace for requested module:
./app/api/dashboard/route.ts

./app/api/dashboard/route.ts
Attempted import error: 'resourcesTable' is not exported from '../../../drizzle/db/schema' (imported as 'resourcesTable').

Import trace for requested module:
./app/api/dashboard/route.ts

./app/api/dashboard/route.ts
Attempted import error: 'resourcesTable' is not exported from '../../../drizzle/db/schema' (imported as 'resourcesTable').

Import trace for requested module:
./app/api/dashboard/route.ts

./app/api/dashboard/route.ts
Attempted import error: 'activityResourcesTable' is not exported from '../../../drizzle/db/schema' (imported as 'activityResourcesTable').

Import trace for requested module:
./app/api/dashboard/route.ts

./app/api/dashboard/route.ts
Attempted import error: 'activitiesTable' is not exported from '../../../drizzle/db/schema' (imported as 'activitiesTable').

Import trace for requested module:
./app/api/dashboard/route.ts

./app/api/dashboard/route.ts
Attempted import error: 'activitiesTable' is not exported from '../../../drizzle/db/schema' (imported as 'activitiesTable').

Import trace for requested module:
./app/api/dashboard/route.ts

./app/api/dashboard/route.ts
Attempted import error: 'activitiesTable' is not exported from '../../../drizzle/db/schema' (imported as 'activitiesTable').

Import trace for requested module:
./app/api/dashboard/route.ts

./app/api/dashboard/route.ts
Attempted import error: 'activitiesTable' is not exported from '../../../drizzle/db/schema' (imported as 'activitiesTable').

Import trace for requested module:
./app/api/dashboard/route.ts

./app/api/dashboard/route.ts
Attempted import error: 'activitiesTable' is not exported from '../../../drizzle/db/schema' (imported as 'activitiesTable').

Import trace for requested module:
./app/api/dashboard/route.ts

./app/api/dashboard/route.ts
Attempted import error: 'activitiesTable' is not exported from '../../../drizzle/db/schema' (imported as 'activitiesTable').

Import trace for requested module:
./app/api/dashboard/route.ts

./app/api/dashboard/route.ts
Attempted import error: 'activitiesTable' is not exported from '../../../drizzle/db/schema' (imported as 'activitiesTable').

Import trace for requested module:
./app/api/dashboard/route.ts
 OPTIONS /api/dashboard 204 in 4191ms
Error fetching dashboard data: TypeError: Cannot read properties of undefined (reading 'activityType')
    at activitiesTable (webpack:///app/api/dashboard/route.ts?eb45:19:22)
    at run (file:///C:/Users/Administrator/Documents/Github/dashboard-diary/node_modules/.pnpm/next@15.0.2_@babel+core@7.2_6bb6baa81f2b198c05a89ed44e2ef849/node_modules/next/dist/compiled/next-server/dist/src/server/route-modules/app-route/module.ts:525:41)
    at handler (file:///C:/Users/Administrator/Documents/Github/dashboard-diary/node_modules/.pnpm/next@15.0.2_@babel+core@7.2_6bb6baa81f2b198c05a89ed44e2ef849/node_modules/next/dist/compiled/next-server/dist/src/server/route-modules/app-route/module.ts:722:20)
    at fn (file:///C:/Users/Administrator/Documents/Github/dashboard-diary/node_modules/.pnpm/next@15.0.2_@babel+core@7.2_6bb6baa81f2b198c05a89ed44e2ef849/node_modules/next/src/server/lib/trace/tracer.ts:351:27)
    at NoopContextManager.with (C:\Users\Administrator\Documents\Github\dashboard-diary\node_modules\.pnpm\next@15.0.2_@babel+core@7.2_6bb6baa81f2b198c05a89ed44e2ef849\node_modules\next\dist\compiled\@opentelemetry\api\index.js:1:7062)
    at ContextAPI.with (C:\Users\Administrator\Documents\Github\dashboard-diary\node_modules\.pnpm\next@15.0.2_@babel+core@7.2_6bb6baa81f2b198c05a89ed44e2ef849\node_modules\next\dist\compiled\@opentelemetry\api\index.js:1:518)
    at NoopTracer.startActiveSpan (C:\Users\Administrator\Documents\Github\dashboard-diary\node_modules\.pnpm\next@15.0.2_@babel+core@7.2_6bb6baa81f2b198c05a89ed44e2ef849\node_modules\next\dist\compiled\@opentelemetry\api\index.js:1:18093)
    at ProxyTracer.startActiveSpan (C:\Users\Administrator\Documents\Github\dashboard-diary\node_modules\.pnpm\next@15.0.2_@babel+core@7.2_6bb6baa81f2b198c05a89ed44e2ef849\node_modules\next\dist\compiled\@opentelemetry\api\index.js:1:18854)
    at startActiveSpan (file:///C:/Users/Administrator/Documents/Github/dashboard-diary/node_modules/.pnpm/next@15.0.2_@babel+core@7.2_6bb6baa81f2b198c05a89ed44e2ef849/node_modules/next/src/server/lib/trace/tracer.ts:304:31)
    at NoopContextManager.with (C:\Users\Administrator\Documents\Github\dashboard-diary\node_modules\.pnpm\next@15.0.2_@babel+core@7.2_6bb6baa81f2b198c05a89ed44e2ef849\node_modules\next\dist\compiled\@opentelemetry\api\index.js:1:7062)
    at ContextAPI.with (C:\Users\Administrator\Documents\Github\dashboard-diary\node_modules\.pnpm\next@15.0.2_@babel+core@7.2_6bb6baa81f2b198c05a89ed44e2ef849\node_modules\next\dist\compiled\@opentelemetry\api\index.js:1:518)
    at spanContext (file:///C:/Users/Administrator/Documents/Github/dashboard-diary/node_modules/.pnpm/next@15.0.2_@babel+core@7.2_6bb6baa81f2b198c05a89ed44e2ef849/node_modules/next/src/server/lib/trace/tracer.ts:303:24)
    at trace (file:///C:/Users/Administrator/Documents/Github/dashboard-diary/node_modules/.pnpm/next@15.0.2_@babel+core@7.2_6bb6baa81f2b198c05a89ed44e2ef849/node_modules/next/dist/compiled/next-server/dist/src/server/route-modules/app-route/module.ts:712:28)
    at run (file:///C:/Users/Administrator/Documents/Github/dashboard-diary/node_modules/.pnpm/next@15.0.2_@babel+core@7.2_6bb6baa81f2b198c05a89ed44e2ef849/node_modules/next/dist/compiled/next-server/dist/src/server/async-storage/with-work-store.ts:133:17)
    at withWorkStore (file:///C:/Users/Administrator/Documents/Github/dashboard-diary/node_modules/.pnpm/next@15.0.2_@babel+core@7.2_6bb6baa81f2b198c05a89ed44e2ef849/node_modules/next/dist/compiled/next-server/dist/src/server/route-modules/app-route/module.ts:656:10)
    at run (file:///C:/Users/Administrator/Documents/Github/dashboard-diary/node_modules/.pnpm/next@15.0.2_@babel+core@7.2_6bb6baa81f2b198c05a89ed44e2ef849/node_modules/next/dist/compiled/next-server/dist/src/server/route-modules/app-route/module.ts:655:34)
    at run (file:///C:/Users/Administrator/Documents/Github/dashboard-diary/node_modules/.pnpm/next@15.0.2_@babel+core@7.2_6bb6baa81f2b198c05a89ed44e2ef849/node_modules/next/dist/compiled/next-server/dist/src/server/route-modules/app-route/module.ts:652:60)
    at handle (file:///C:/Users/Administrator/Documents/Github/dashboard-diary/node_modules/.pnpm/next@15.0.2_@babel+core@7.2_6bb6baa81f2b198c05a89ed44e2ef849/node_modules/next/src/server/base-server.ts:2570:47)
    at doRender (file:///C:/Users/Administrator/Documents/Github/dashboard-diary/node_modules/.pnpm/next@15.0.2_@babel+core@7.2_6bb6baa81f2b198c05a89ed44e2ef849/node_modules/next/src/server/base-server.ts:3066:27)
    at responseGenerator (file:///C:/Users/Administrator/Documents/Github/dashboard-diary/node_modules/.pnpm/next@15.0.2_@babel+core@7.2_6bb6baa81f2b198c05a89ed44e2ef849/node_modules/next/src/server/response-cache/index.ts:67:13)
    at get (file:///C:/Users/Administrator/Documents/Github/dashboard-diary/node_modules/.pnpm/next@15.0.2_@babel+core@7.2_6bb6baa81f2b198c05a89ed44e2ef849/node_modules/next/src/server/base-server.ts:3121:48)
    at renderToResponseWithComponentsImpl (file:///C:/Users/Administrator/Documents/Github/dashboard-diary/node_modules/.pnpm/next@15.0.2_@babel+core@7.2_6bb6baa81f2b198c05a89ed44e2ef849/node_modules/next/src/server/base-server.ts:1917:13)
    at fn (file:///C:/Users/Administrator/Documents/Github/dashboard-diary/node_modules/.pnpm/next@15.0.2_@babel+core@7.2_6bb6baa81f2b198c05a89ed44e2ef849/node_modules/next/src/server/lib/trace/tracer.ts:279:13)
    at trace (file:///C:/Users/Administrator/Documents/Github/dashboard-diary/node_modules/.pnpm/next@15.0.2_@babel+core@7.2_6bb6baa81f2b198c05a89ed44e2ef849/node_modules/next/src/server/base-server.ts:1914:23)
    at renderToResponseWithComponents (file:///C:/Users/Administrator/Documents/Github/dashboard-diary/node_modules/.pnpm/next@15.0.2_@babel+core@7.2_6bb6baa81f2b198c05a89ed44e2ef849/node_modules/next/src/server/base-server.ts:3676:26)
    at async DevServer.renderToResponseImpl (file:///C:/Users/Administrator/Documents/Github/dashboard-diary/node_modules/.pnpm/next@15.0.2_@babel+core@7.2_6bb6baa81f2b198c05a89ed44e2ef849/node_modules/next/src/server/base-server.ts:3738:23)
    at async DevServer.pipeImpl (file:///C:/Users/Administrator/Documents/Github/dashboard-diary/node_modules/.pnpm/next@15.0.2_@babel+core@7.2_6bb6baa81f2b198c05a89ed44e2ef849/node_modules/next/src/server/base-server.ts:1738:20)
    at async NextNodeServer.handleCatchallRenderRequest (file:///C:/Users/Administrator/Documents/Github/dashboard-diary/node_modules/.pnpm/next@15.0.2_@babel+core@7.2_6bb6baa81f2b198c05a89ed44e2ef849/node_modules/next/src/server/next-server.ts:1032:6)
    at async DevServer.handleRequestImpl (file:///C:/Users/Administrator/Documents/Github/dashboard-diary/node_modules/.pnpm/next@15.0.2_@babel+core@7.2_6bb6baa81f2b198c05a89ed44e2ef849/node_modules/next/src/server/base-server.ts:1498:8)
    at async (file:///C:/Users/Administrator/Documents/Github/dashboard-diary/node_modules/.pnpm/next@15.0.2_@babel+core@7.2_6bb6baa81f2b198c05a89ed44e2ef849/node_modules/next/src/server/dev/next-dev-server.ts:514:13)
    at async Span.traceAsyncFn (file:///C:/Users/Administrator/Documents/Github/dashboard-diary/node_modules/.pnpm/next@15.0.2_@babel+core@7.2_6bb6baa81f2b198c05a89ed44e2ef849/node_modules/next/src/trace/trace.ts:143:13)
    at async DevServer.handleRequest (file:///C:/Users/Administrator/Documents/Github/dashboard-diary/node_modules/.pnpm/next@15.0.2_@babel+core@7.2_6bb6baa81f2b198c05a89ed44e2ef849/node_modules/next/src/server/dev/next-dev-server.ts:512:19)
    at async invokeRender (file:///C:/Users/Administrator/Documents/Github/dashboard-diary/node_modules/.pnpm/next@15.0.2_@babel+core@7.2_6bb6baa81f2b198c05a89ed44e2ef849/node_modules/next/src/server/lib/router-server.ts:284:10)
    at async handleRequest (file:///C:/Users/Administrator/Documents/Github/dashboard-diary/node_modules/.pnpm/next@15.0.2_@babel+core@7.2_6bb6baa81f2b198c05a89ed44e2ef849/node_modules/next/src/server/lib/router-server.ts:530:15)
    at async requestHandlerImpl (file:///C:/Users/Administrator/Documents/Github/dashboard-diary/node_modules/.pnpm/next@15.0.2_@babel+core@7.2_6bb6baa81f2b198c05a89ed44e2ef849/node_modules/next/src/server/lib/router-server.ts:576:6)
    at async Server.requestListener (file:///C:/Users/Administrator/Documents/Github/dashboard-diary/node_modules/.pnpm/next@15.0.2_@babel+core@7.2_6bb6baa81f2b198c05a89ed44e2ef849/node_modules/next/src/server/lib/start-server.ts:146:6)
  17 |     const activitiesByType = await db
  18 |       .select({
> 19 |         activityType: activitiesTable.activityType,
     |                      ^
  20 |         totalAmount: sql<number>`COALESCE(SUM(${activitiesTable.amount})::int, 0)`,
  21 |         revenueAmount: sql<number>`COALESCE(SUM(CASE WHEN LOWER(${activitiesTable.activityType}) = 'revenue' THEN ${activitiesTable.amount} ELSE 0 END)::int, 0)`,
  22 |         expenseAmount: sql<number>`COALESCE(SUM(CASE WHEN LOWER(${activitiesTable.activityType}) = 'expense' THEN ${activitiesTable.amount} ELSE 0 END)::int, 0)`,
 GET /api/dashboard 500 in 154ms
 OPTIONS /api/users/login 204 in 71ms
 POST /api/users/login 401 in 292ms
 POST /api/users/login 200 in 189ms
 OPTIONS /api/dashboard 204 in 48ms
Error fetching dashboard data: TypeError: Cannot read properties of undefined (reading 'activityType')
    at activitiesTable (webpack:///app/api/dashboard/route.ts?eb45:19:22)
    at run (file:///C:/Users/Administrator/Documents/Github/dashboard-diary/node_modules/.pnpm/next@15.0.2_@babel+core@7.2_6bb6baa81f2b198c05a89ed44e2ef849/node_modules/next/dist/compiled/next-server/dist/src/server/route-modules/app-route/module.ts:525:41)
    at handler (file:///C:/Users/Administrator/Documents/Github/dashboard-diary/node_modules/.pnpm/next@15.0.2_@babel+core@7.2_6bb6baa81f2b198c05a89ed44e2ef849/node_modules/next/dist/compiled/next-server/dist/src/server/route-modules/app-route/module.ts:722:20)
    at fn (file:///C:/Users/Administrator/Documents/Github/dashboard-diary/node_modules/.pnpm/next@15.0.2_@babel+core@7.2_6bb6baa81f2b198c05a89ed44e2ef849/node_modules/next/src/server/lib/trace/tracer.ts:351:27)
    at NoopContextManager.with (C:\Users\Administrator\Documents\Github\dashboard-diary\node_modules\.pnpm\next@15.0.2_@babel+core@7.2_6bb6baa81f2b198c05a89ed44e2ef849\node_modules\next\dist\compiled\@opentelemetry\api\index.js:1:7062)
    at ContextAPI.with (C:\Users\Administrator\Documents\Github\dashboard-diary\node_modules\.pnpm\next@15.0.2_@babel+core@7.2_6bb6baa81f2b198c05a89ed44e2ef849\node_modules\next\dist\compiled\@opentelemetry\api\index.js:1:518)
    at NoopTracer.startActiveSpan (C:\Users\Administrator\Documents\Github\dashboard-diary\node_modules\.pnpm\next@15.0.2_@babel+core@7.2_6bb6baa81f2b198c05a89ed44e2ef849\node_modules\next\dist\compiled\@opentelemetry\api\index.js:1:18093)
    at ProxyTracer.startActiveSpan (C:\Users\Administrator\Documents\Github\dashboard-diary\node_modules\.pnpm\next@15.0.2_@babel+core@7.2_6bb6baa81f2b198c05a89ed44e2ef849\node_modules\next\dist\compiled\@opentelemetry\api\index.js:1:18854)
    at startActiveSpan (file:///C:/Users/Administrator/Documents/Github/dashboard-diary/node_modules/.pnpm/next@15.0.2_@babel+core@7.2_6bb6baa81f2b198c05a89ed44e2ef849/node_modules/next/src/server/lib/trace/tracer.ts:304:31)
    at NoopContextManager.with (C:\Users\Administrator\Documents\Github\dashboard-diary\node_modules\.pnpm\next@15.0.2_@babel+core@7.2_6bb6baa81f2b198c05a89ed44e2ef849\node_modules\next\dist\compiled\@opentelemetry\api\index.js:1:7062)
    at ContextAPI.with (C:\Users\Administrator\Documents\Github\dashboard-diary\node_modules\.pnpm\next@15.0.2_@babel+core@7.2_6bb6baa81f2b198c05a89ed44e2ef849\node_modules\next\dist\compiled\@opentelemetry\api\index.js:1:518)
    at spanContext (file:///C:/Users/Administrator/Documents/Github/dashboard-diary/node_modules/.pnpm/next@15.0.2_@babel+core@7.2_6bb6baa81f2b198c05a89ed44e2ef849/node_modules/next/src/server/lib/trace/tracer.ts:303:24)
    at trace (file:///C:/Users/Administrator/Documents/Github/dashboard-diary/node_modules/.pnpm/next@15.0.2_@babel+core@7.2_6bb6baa81f2b198c05a89ed44e2ef849/node_modules/next/dist/compiled/next-server/dist/src/server/route-modules/app-route/module.ts:712:28)
    at run (file:///C:/Users/Administrator/Documents/Github/dashboard-diary/node_modules/.pnpm/next@15.0.2_@babel+core@7.2_6bb6baa81f2b198c05a89ed44e2ef849/node_modules/next/dist/compiled/next-server/dist/src/server/async-storage/with-work-store.ts:133:17)
    at withWorkStore (file:///C:/Users/Administrator/Documents/Github/dashboard-diary/node_modules/.pnpm/next@15.0.2_@babel+core@7.2_6bb6baa81f2b198c05a89ed44e2ef849/node_modules/next/dist/compiled/next-server/dist/src/server/route-modules/app-route/module.ts:656:10)
    at run (file:///C:/Users/Administrator/Documents/Github/dashboard-diary/node_modules/.pnpm/next@15.0.2_@babel+core@7.2_6bb6baa81f2b198c05a89ed44e2ef849/node_modules/next/dist/compiled/next-server/dist/src/server/route-modules/app-route/module.ts:655:34)
    at run (file:///C:/Users/Administrator/Documents/Github/dashboard-diary/node_modules/.pnpm/next@15.0.2_@babel+core@7.2_6bb6baa81f2b198c05a89ed44e2ef849/node_modules/next/dist/compiled/next-server/dist/src/server/route-modules/app-route/module.ts:652:60)
    at handle (file:///C:/Users/Administrator/Documents/Github/dashboard-diary/node_modules/.pnpm/next@15.0.2_@babel+core@7.2_6bb6baa81f2b198c05a89ed44e2ef849/node_modules/next/src/server/base-server.ts:2570:47)
    at doRender (file:///C:/Users/Administrator/Documents/Github/dashboard-diary/node_modules/.pnpm/next@15.0.2_@babel+core@7.2_6bb6baa81f2b198c05a89ed44e2ef849/node_modules/next/src/server/base-server.ts:3066:27)
    at responseGenerator (file:///C:/Users/Administrator/Documents/Github/dashboard-diary/node_modules/.pnpm/next@15.0.2_@babel+core@7.2_6bb6baa81f2b198c05a89ed44e2ef849/node_modules/next/src/server/response-cache/index.ts:67:13)
    at get (file:///C:/Users/Administrator/Documents/Github/dashboard-diary/node_modules/.pnpm/next@15.0.2_@babel+core@7.2_6bb6baa81f2b198c05a89ed44e2ef849/node_modules/next/src/server/base-server.ts:3121:48)
    at renderToResponseWithComponentsImpl (file:///C:/Users/Administrator/Documents/Github/dashboard-diary/node_modules/.pnpm/next@15.0.2_@babel+core@7.2_6bb6baa81f2b198c05a89ed44e2ef849/node_modules/next/src/server/base-server.ts:1917:13)
    at fn (file:///C:/Users/Administrator/Documents/Github/dashboard-diary/node_modules/.pnpm/next@15.0.2_@babel+core@7.2_6bb6baa81f2b198c05a89ed44e2ef849/node_modules/next/src/server/lib/trace/tracer.ts:279:13)
    at trace (file:///C:/Users/Administrator/Documents/Github/dashboard-diary/node_modules/.pnpm/next@15.0.2_@babel+core@7.2_6bb6baa81f2b198c05a89ed44e2ef849/node_modules/next/src/server/base-server.ts:1914:23)
    at renderToResponseWithComponents (file:///C:/Users/Administrator/Documents/Github/dashboard-diary/node_modules/.pnpm/next@15.0.2_@babel+core@7.2_6bb6baa81f2b198c05a89ed44e2ef849/node_modules/next/src/server/base-server.ts:3676:26)
    at async DevServer.renderToResponseImpl (file:///C:/Users/Administrator/Documents/Github/dashboard-diary/node_modules/.pnpm/next@15.0.2_@babel+core@7.2_6bb6baa81f2b198c05a89ed44e2ef849/node_modules/next/src/server/base-server.ts:3738:23)
    at async DevServer.pipeImpl (file:///C:/Users/Administrator/Documents/Github/dashboard-diary/node_modules/.pnpm/next@15.0.2_@babel+core@7.2_6bb6baa81f2b198c05a89ed44e2ef849/node_modules/next/src/server/base-server.ts:1738:20)
    at async NextNodeServer.handleCatchallRenderRequest (file:///C:/Users/Administrator/Documents/Github/dashboard-diary/node_modules/.pnpm/next@15.0.2_@babel+core@7.2_6bb6baa81f2b198c05a89ed44e2ef849/node_modules/next/src/server/next-server.ts:1032:6)
    at async DevServer.handleRequestImpl (file:///C:/Users/Administrator/Documents/Github/dashboard-diary/node_modules/.pnpm/next@15.0.2_@babel+core@7.2_6bb6baa81f2b198c05a89ed44e2ef849/node_modules/next/src/server/base-server.ts:1498:8)
    at async (file:///C:/Users/Administrator/Documents/Github/dashboard-diary/node_modules/.pnpm/next@15.0.2_@babel+core@7.2_6bb6baa81f2b198c05a89ed44e2ef849/node_modules/next/src/server/dev/next-dev-server.ts:514:13)
    at async Span.traceAsyncFn (file:///C:/Users/Administrator/Documents/Github/dashboard-diary/node_modules/.pnpm/next@15.0.2_@babel+core@7.2_6bb6baa81f2b198c05a89ed44e2ef849/node_modules/next/src/trace/trace.ts:143:13)
    at async DevServer.handleRequest (file:///C:/Users/Administrator/Documents/Github/dashboard-diary/node_modules/.pnpm/next@15.0.2_@babel+core@7.2_6bb6baa81f2b198c05a89ed44e2ef849/node_modules/next/src/server/dev/next-dev-server.ts:512:19)
    at async invokeRender (file:///C:/Users/Administrator/Documents/Github/dashboard-diary/node_modules/.pnpm/next@15.0.2_@babel+core@7.2_6bb6baa81f2b198c05a89ed44e2ef849/node_modules/next/src/server/lib/router-server.ts:284:10)
    at async handleRequest (file:///C:/Users/Administrator/Documents/Github/dashboard-diary/node_modules/.pnpm/next@15.0.2_@babel+core@7.2_6bb6baa81f2b198c05a89ed44e2ef849/node_modules/next/src/server/lib/router-server.ts:530:15)
    at async requestHandlerImpl (file:///C:/Users/Administrator/Documents/Github/dashboard-diary/node_modules/.pnpm/next@15.0.2_@babel+core@7.2_6bb6baa81f2b198c05a89ed44e2ef849/node_modules/next/src/server/lib/router-server.ts:576:6)
    at async Server.requestListener (file:///C:/Users/Administrator/Documents/Github/dashboard-diary/node_modules/.pnpm/next@15.0.2_@babel+core@7.2_6bb6baa81f2b198c05a89ed44e2ef849/node_modules/next/src/server/lib/start-server.ts:146:6)
  17 |     const activitiesByType = await db
  18 |       .select({
> 19 |         activityType: activitiesTable.activityType,
     |                      ^
  20 |         totalAmount: sql<number>`COALESCE(SUM(${activitiesTable.amount})::int, 0)`,
  21 |         revenueAmount: sql<number>`COALESCE(SUM(CASE WHEN LOWER(${activitiesTable.activityType}) = 'revenue' THEN ${activitiesTable.amount} ELSE 0 END)::int, 0)`,
  22 |         expenseAmount: sql<number>`COALESCE(SUM(CASE WHEN LOWER(${activitiesTable.activityType}) = 'expense' THEN ${activitiesTable.amount} ELSE 0 END)::int, 0)`,
 GET /api/dashboard 500 in 183ms
 OPTIONS /api/items 204 in 202ms
 GET /api/items 200 in 207ms
 ⚠ ./app/api/dashboard/route.ts
Attempted import error: 'activitiesTable' is not exported from '../../../drizzle/db/schema' (imported as 'activitiesTable').

Import trace for requested module:
./app/api/dashboard/route.ts

./app/api/dashboard/route.ts
Attempted import error: 'activitiesTable' is not exported from '../../../drizzle/db/schema' (imported as 'activitiesTable').

Import trace for requested module:
./app/api/dashboard/route.ts

./app/api/dashboard/route.ts
Attempted import error: 'activitiesTable' is not exported from '../../../drizzle/db/schema' (imported as 'activitiesTable').

Import trace for requested module:
./app/api/dashboard/route.ts

./app/api/dashboard/route.ts
Attempted import error: 'activitiesTable' is not exported from '../../../drizzle/db/schema' (imported as 'activitiesTable').

Import trace for requested module:
./app/api/dashboard/route.ts

./app/api/dashboard/route.ts
Attempted import error: 'activitiesTable' is not exported from '../../../drizzle/db/schema' (imported as 'activitiesTable').

Import trace for requested module:
./app/api/dashboard/route.ts

./app/api/dashboard/route.ts
Attempted import error: 'activitiesTable' is not exported from '../../../drizzle/db/schema' (imported as 'activitiesTable').

Import trace for requested module:
./app/api/dashboard/route.ts

./app/api/dashboard/route.ts
Attempted import error: 'activitiesTable' is not exported from '../../../drizzle/db/schema' (imported as 'activitiesTable').

Import trace for requested module:
./app/api/dashboard/route.ts

./app/api/dashboard/route.ts
Attempted import error: 'activitiesTable' is not exported from '../../../drizzle/db/schema' (imported as 'activitiesTable').

Import trace for requested module:
./app/api/dashboard/route.ts

./app/api/dashboard/route.ts
Attempted import error: 'activitiesTable' is not exported from '../../../drizzle/db/schema' (imported as 'activitiesTable').

Import trace for requested module:
./app/api/dashboard/route.ts

./app/api/dashboard/route.ts
Attempted import error: 'activitiesTable' is not exported from '../../../drizzle/db/schema' (imported as 'activitiesTable').

Import trace for requested module:
./app/api/dashboard/route.ts

./app/api/dashboard/route.ts
Attempted import error: 'activitiesTable' is not exported from '../../../drizzle/db/schema' (imported as 'activitiesTable').

Import trace for requested module:
./app/api/dashboard/route.ts

./app/api/dashboard/route.ts
Attempted import error: 'activitiesTable' is not exported from '../../../drizzle/db/schema' (imported as 'activitiesTable').

Import trace for requested module:
./app/api/dashboard/route.ts

./app/api/dashboard/route.ts
Attempted import error: 'activitiesTable' is not exported from '../../../drizzle/db/schema' (imported as 'activitiesTable').

Import trace for requested module:
./app/api/dashboard/route.ts

./app/api/dashboard/route.ts
Attempted import error: 'activitiesTable' is not exported from '../../../drizzle/db/schema' (imported as 'activitiesTable').

Import trace for requested module:
./app/api/dashboard/route.ts

./app/api/dashboard/route.ts
Attempted import error: 'activitiesTable' is not exported from '../../../drizzle/db/schema' (imported as 'activitiesTable').

Import trace for requested module:
./app/api/dashboard/route.ts

./app/api/dashboard/route.ts
Attempted import error: 'activitiesTable' is not exported from '../../../drizzle/db/schema' (imported as 'activitiesTable').

Import trace for requested module:
./app/api/dashboard/route.ts

./app/api/dashboard/route.ts
Attempted import error: 'activitiesTable' is not exported from '../../../drizzle/db/schema' (imported as 'activitiesTable').

Import trace for requested module:
./app/api/dashboard/route.ts

./app/api/dashboard/route.ts
Attempted import error: 'activitiesTable' is not exported from '../../../drizzle/db/schema' (imported as 'activitiesTable').

Import trace for requested module:
./app/api/dashboard/route.ts

./app/api/dashboard/route.ts
Attempted import error: 'activitiesTable' is not exported from '../../../drizzle/db/schema' (imported as 'activitiesTable').

Import trace for requested module:
./app/api/dashboard/route.ts

./app/api/dashboard/route.ts
Attempted import error: 'resourcesTable' is not exported from '../../../drizzle/db/schema' (imported as 'resourcesTable').

Import trace for requested module:
./app/api/dashboard/route.ts

./app/api/dashboard/route.ts
Attempted import error: 'resourcesTable' is not exported from '../../../drizzle/db/schema' (imported as 'resourcesTable').

Import trace for requested module:
./app/api/dashboard/route.ts

./app/api/dashboard/route.ts
Attempted import error: 'activityResourcesTable' is not exported from '../../../drizzle/db/schema' (imported as 'activityResourcesTable').

Import trace for requested module:
./app/api/dashboard/route.ts

./app/api/dashboard/route.ts
Attempted import error: 'resourcesTable' is not exported from '../../../drizzle/db/schema' (imported as 'resourcesTable').

Import trace for requested module:
./app/api/dashboard/route.ts

./app/api/dashboard/route.ts
Attempted import error: 'activitiesTable' is not exported from '../../../drizzle/db/schema' (imported as 'activitiesTable').

Import trace for requested module:
./app/api/dashboard/route.ts

./app/api/dashboard/route.ts
Attempted import error: 'activityResourcesTable' is not exported from '../../../drizzle/db/schema' (imported as 'activityResourcesTable').

Import trace for requested module:
./app/api/dashboard/route.ts

./app/api/dashboard/route.ts
Attempted import error: 'activityResourcesTable' is not exported from '../../../drizzle/db/schema' (imported as 'activityResourcesTable').

Import trace for requested module:
./app/api/dashboard/route.ts

./app/api/dashboard/route.ts
Attempted import error: 'activitiesTable' is not exported from '../../../drizzle/db/schema' (imported as 'activitiesTable').

Import trace for requested module:
./app/api/dashboard/route.ts

./app/api/dashboard/route.ts
Attempted import error: 'resourcesTable' is not exported from '../../../drizzle/db/schema' (imported as 'resourcesTable').

Import trace for requested module:
./app/api/dashboard/route.ts

./app/api/dashboard/route.ts
Attempted import error: 'resourcesTable' is not exported from '../../../drizzle/db/schema' (imported as 'resourcesTable').

Import trace for requested module:
./app/api/dashboard/route.ts

./app/api/dashboard/route.ts
Attempted import error: 'activityResourcesTable' is not exported from '../../../drizzle/db/schema' (imported as 'activityResourcesTable').

Import trace for requested module:
./app/api/dashboard/route.ts

./app/api/dashboard/route.ts
Attempted import error: 'activitiesTable' is not exported from '../../../drizzle/db/schema' (imported as 'activitiesTable').

Import trace for requested module:
./app/api/dashboard/route.ts

./app/api/dashboard/route.ts
Attempted import error: 'activitiesTable' is not exported from '../../../drizzle/db/schema' (imported as 'activitiesTable').

Import trace for requested module:
./app/api/dashboard/route.ts

./app/api/dashboard/route.ts
Attempted import error: 'activitiesTable' is not exported from '../../../drizzle/db/schema' (imported as 'activitiesTable').

Import trace for requested module:
./app/api/dashboard/route.ts

./app/api/dashboard/route.ts
Attempted import error: 'activitiesTable' is not exported from '../../../drizzle/db/schema' (imported as 'activitiesTable').

Import trace for requested module:
./app/api/dashboard/route.ts

./app/api/dashboard/route.ts
Attempted import error: 'activitiesTable' is not exported from '../../../drizzle/db/schema' (imported as 'activitiesTable').

Import trace for requested module:
./app/api/dashboard/route.ts

./app/api/dashboard/route.ts
Attempted import error: 'activitiesTable' is not exported from '../../../drizzle/db/schema' (imported as 'activitiesTable').

Import trace for requested module:
./app/api/dashboard/route.ts

./app/api/dashboard/route.ts
Attempted import error: 'activitiesTable' is not exported from '../../../drizzle/db/schema' (imported as 'activitiesTable').

Import trace for requested module:
./app/api/dashboard/route.ts
 ⚠ ./app/api/dashboard/route.ts
Attempted import error: 'activitiesTable' is not exported from '../../../drizzle/db/schema' (imported as 'activitiesTable').

Import trace for requested module:
./app/api/dashboard/route.ts

./app/api/dashboard/route.ts
Attempted import error: 'activitiesTable' is not exported from '../../../drizzle/db/schema' (imported as 'activitiesTable').

Import trace for requested module:
./app/api/dashboard/route.ts

./app/api/dashboard/route.ts
Attempted import error: 'activitiesTable' is not exported from '../../../drizzle/db/schema' (imported as 'activitiesTable').

Import trace for requested module:
./app/api/dashboard/route.ts

./app/api/dashboard/route.ts
Attempted import error: 'activitiesTable' is not exported from '../../../drizzle/db/schema' (imported as 'activitiesTable').

Import trace for requested module:
./app/api/dashboard/route.ts

./app/api/dashboard/route.ts
Attempted import error: 'activitiesTable' is not exported from '../../../drizzle/db/schema' (imported as 'activitiesTable').

Import trace for requested module:
./app/api/dashboard/route.ts

./app/api/dashboard/route.ts
Attempted import error: 'activitiesTable' is not exported from '../../../drizzle/db/schema' (imported as 'activitiesTable').

Import trace for requested module:
./app/api/dashboard/route.ts

./app/api/dashboard/route.ts
Attempted import error: 'activitiesTable' is not exported from '../../../drizzle/db/schema' (imported as 'activitiesTable').

Import trace for requested module:
./app/api/dashboard/route.ts

./app/api/dashboard/route.ts
Attempted import error: 'activitiesTable' is not exported from '../../../drizzle/db/schema' (imported as 'activitiesTable').

Import trace for requested module:
./app/api/dashboard/route.ts

./app/api/dashboard/route.ts
Attempted import error: 'activitiesTable' is not exported from '../../../drizzle/db/schema' (imported as 'activitiesTable').

Import trace for requested module:
./app/api/dashboard/route.ts

./app/api/dashboard/route.ts
Attempted import error: 'activitiesTable' is not exported from '../../../drizzle/db/schema' (imported as 'activitiesTable').

Import trace for requested module:
./app/api/dashboard/route.ts

./app/api/dashboard/route.ts
Attempted import error: 'activitiesTable' is not exported from '../../../drizzle/db/schema' (imported as 'activitiesTable').

Import trace for requested module:
./app/api/dashboard/route.ts

./app/api/dashboard/route.ts
Attempted import error: 'activitiesTable' is not exported from '../../../drizzle/db/schema' (imported as 'activitiesTable').

Import trace for requested module:
./app/api/dashboard/route.ts

./app/api/dashboard/route.ts
Attempted import error: 'activitiesTable' is not exported from '../../../drizzle/db/schema' (imported as 'activitiesTable').

Import trace for requested module:
./app/api/dashboard/route.ts

./app/api/dashboard/route.ts
Attempted import error: 'activitiesTable' is not exported from '../../../drizzle/db/schema' (imported as 'activitiesTable').

Import trace for requested module:
./app/api/dashboard/route.ts

./app/api/dashboard/route.ts
Attempted import error: 'activitiesTable' is not exported from '../../../drizzle/db/schema' (imported as 'activitiesTable').

Import trace for requested module:
./app/api/dashboard/route.ts

./app/api/dashboard/route.ts
Attempted import error: 'activitiesTable' is not exported from '../../../drizzle/db/schema' (imported as 'activitiesTable').

Import trace for requested module:
./app/api/dashboard/route.ts

./app/api/dashboard/route.ts
Attempted import error: 'activitiesTable' is not exported from '../../../drizzle/db/schema' (imported as 'activitiesTable').

Import trace for requested module:
./app/api/dashboard/route.ts

./app/api/dashboard/route.ts
Attempted import error: 'activitiesTable' is not exported from '../../../drizzle/db/schema' (imported as 'activitiesTable').

Import trace for requested module:
./app/api/dashboard/route.ts

./app/api/dashboard/route.ts
Attempted import error: 'activitiesTable' is not exported from '../../../drizzle/db/schema' (imported as 'activitiesTable').

Import trace for requested module:
./app/api/dashboard/route.ts

./app/api/dashboard/route.ts
Attempted import error: 'resourcesTable' is not exported from '../../../drizzle/db/schema' (imported as 'resourcesTable').

Import trace for requested module:
./app/api/dashboard/route.ts

./app/api/dashboard/route.ts
Attempted import error: 'resourcesTable' is not exported from '../../../drizzle/db/schema' (imported as 'resourcesTable').

Import trace for requested module:
./app/api/dashboard/route.ts

./app/api/dashboard/route.ts
Attempted import error: 'activityResourcesTable' is not exported from '../../../drizzle/db/schema' (imported as 'activityResourcesTable').

Import trace for requested module:
./app/api/dashboard/route.ts

./app/api/dashboard/route.ts
Attempted import error: 'resourcesTable' is not exported from '../../../drizzle/db/schema' (imported as 'resourcesTable').

Import trace for requested module:
./app/api/dashboard/route.ts

./app/api/dashboard/route.ts
Attempted import error: 'activitiesTable' is not exported from '../../../drizzle/db/schema' (imported as 'activitiesTable').

Import trace for requested module:
./app/api/dashboard/route.ts

./app/api/dashboard/route.ts
Attempted import error: 'activityResourcesTable' is not exported from '../../../drizzle/db/schema' (imported as 'activityResourcesTable').

Import trace for requested module:
./app/api/dashboard/route.ts

./app/api/dashboard/route.ts
Attempted import error: 'activityResourcesTable' is not exported from '../../../drizzle/db/schema' (imported as 'activityResourcesTable').

Import trace for requested module:
./app/api/dashboard/route.ts

./app/api/dashboard/route.ts
Attempted import error: 'activitiesTable' is not exported from '../../../drizzle/db/schema' (imported as 'activitiesTable').

Import trace for requested module:
./app/api/dashboard/route.ts

./app/api/dashboard/route.ts
Attempted import error: 'resourcesTable' is not exported from '../../../drizzle/db/schema' (imported as 'resourcesTable').

Import trace for requested module:
./app/api/dashboard/route.ts

./app/api/dashboard/route.ts
Attempted import error: 'resourcesTable' is not exported from '../../../drizzle/db/schema' (imported as 'resourcesTable').

Import trace for requested module:
./app/api/dashboard/route.ts

./app/api/dashboard/route.ts
Attempted import error: 'activityResourcesTable' is not exported from '../../../drizzle/db/schema' (imported as 'activityResourcesTable').

Import trace for requested module:
./app/api/dashboard/route.ts

./app/api/dashboard/route.ts
Attempted import error: 'activitiesTable' is not exported from '../../../drizzle/db/schema' (imported as 'activitiesTable').

Import trace for requested module:
./app/api/dashboard/route.ts

./app/api/dashboard/route.ts
Attempted import error: 'activitiesTable' is not exported from '../../../drizzle/db/schema' (imported as 'activitiesTable').

Import trace for requested module:
./app/api/dashboard/route.ts

./app/api/dashboard/route.ts
Attempted import error: 'activitiesTable' is not exported from '../../../drizzle/db/schema' (imported as 'activitiesTable').

Import trace for requested module:
./app/api/dashboard/route.ts

./app/api/dashboard/route.ts
Attempted import error: 'activitiesTable' is not exported from '../../../drizzle/db/schema' (imported as 'activitiesTable').

Import trace for requested module:
./app/api/dashboard/route.ts

./app/api/dashboard/route.ts
Attempted import error: 'activitiesTable' is not exported from '../../../drizzle/db/schema' (imported as 'activitiesTable').

Import trace for requested module:
./app/api/dashboard/route.ts

./app/api/dashboard/route.ts
Attempted import error: 'activitiesTable' is not exported from '../../../drizzle/db/schema' (imported as 'activitiesTable').

Import trace for requested module:
./app/api/dashboard/route.ts

./app/api/dashboard/route.ts
Attempted import error: 'activitiesTable' is not exported from '../../../drizzle/db/schema' (imported as 'activitiesTable').

Import trace for requested module:
./app/api/dashboard/route.ts
 OPTIONS /api/items/4 204 in 4011ms
 GET /api/items/4 200 in 89ms
 OPTIONS /api/items 204 in 78ms
 GET /api/items 200 in 32ms
 OPTIONS /api/items?sub_category=Casual+Shoes 204 in 31ms
 GET /api/items?sub_category=Casual+Shoes 200 in 21ms
 OPTIONS /api/items?sub_category=Office+Shoes 204 in 31ms
 GET /api/items?sub_category=Office+Shoes 200 in 22ms
 OPTIONS /api/items 204 in 29ms
 GET /api/items 200 in 34ms
 OPTIONS /api/items 204 in 47ms
 GET /api/items 200 in 18ms
 ⚠ ./app/api/dashboard/route.ts
Attempted import error: 'activitiesTable' is not exported from '../../../drizzle/db/schema' (imported as 'activitiesTable').

Import trace for requested module:
./app/api/dashboard/route.ts

./app/api/dashboard/route.ts
Attempted import error: 'activitiesTable' is not exported from '../../../drizzle/db/schema' (imported as 'activitiesTable').

Import trace for requested module:
./app/api/dashboard/route.ts

./app/api/dashboard/route.ts
Attempted import error: 'activitiesTable' is not exported from '../../../drizzle/db/schema' (imported as 'activitiesTable').

Import trace for requested module:
./app/api/dashboard/route.ts

./app/api/dashboard/route.ts
Attempted import error: 'activitiesTable' is not exported from '../../../drizzle/db/schema' (imported as 'activitiesTable').

Import trace for requested module:
./app/api/dashboard/route.ts

./app/api/dashboard/route.ts
Attempted import error: 'activitiesTable' is not exported from '../../../drizzle/db/schema' (imported as 'activitiesTable').

Import trace for requested module:
./app/api/dashboard/route.ts

./app/api/dashboard/route.ts
Attempted import error: 'activitiesTable' is not exported from '../../../drizzle/db/schema' (imported as 'activitiesTable').

Import trace for requested module:
./app/api/dashboard/route.ts

./app/api/dashboard/route.ts
Attempted import error: 'activitiesTable' is not exported from '../../../drizzle/db/schema' (imported as 'activitiesTable').

Import trace for requested module:
./app/api/dashboard/route.ts

./app/api/dashboard/route.ts
Attempted import error: 'activitiesTable' is not exported from '../../../drizzle/db/schema' (imported as 'activitiesTable').

Import trace for requested module:
./app/api/dashboard/route.ts

./app/api/dashboard/route.ts
Attempted import error: 'activitiesTable' is not exported from '../../../drizzle/db/schema' (imported as 'activitiesTable').

Import trace for requested module:
./app/api/dashboard/route.ts

./app/api/dashboard/route.ts
Attempted import error: 'activitiesTable' is not exported from '../../../drizzle/db/schema' (imported as 'activitiesTable').

Import trace for requested module:
./app/api/dashboard/route.ts

./app/api/dashboard/route.ts
Attempted import error: 'activitiesTable' is not exported from '../../../drizzle/db/schema' (imported as 'activitiesTable').

Import trace for requested module:
./app/api/dashboard/route.ts

./app/api/dashboard/route.ts
Attempted import error: 'activitiesTable' is not exported from '../../../drizzle/db/schema' (imported as 'activitiesTable').

Import trace for requested module:
./app/api/dashboard/route.ts

./app/api/dashboard/route.ts
Attempted import error: 'activitiesTable' is not exported from '../../../drizzle/db/schema' (imported as 'activitiesTable').

Import trace for requested module:
./app/api/dashboard/route.ts

./app/api/dashboard/route.ts
Attempted import error: 'activitiesTable' is not exported from '../../../drizzle/db/schema' (imported as 'activitiesTable').

Import trace for requested module:
./app/api/dashboard/route.ts

./app/api/dashboard/route.ts
Attempted import error: 'activitiesTable' is not exported from '../../../drizzle/db/schema' (imported as 'activitiesTable').

Import trace for requested module:
./app/api/dashboard/route.ts

./app/api/dashboard/route.ts
Attempted import error: 'activitiesTable' is not exported from '../../../drizzle/db/schema' (imported as 'activitiesTable').

Import trace for requested module:
./app/api/dashboard/route.ts

./app/api/dashboard/route.ts
Attempted import error: 'activitiesTable' is not exported from '../../../drizzle/db/schema' (imported as 'activitiesTable').

Import trace for requested module:
./app/api/dashboard/route.ts

./app/api/dashboard/route.ts
Attempted import error: 'activitiesTable' is not exported from '../../../drizzle/db/schema' (imported as 'activitiesTable').

Import trace for requested module:
./app/api/dashboard/route.ts

./app/api/dashboard/route.ts
Attempted import error: 'activitiesTable' is not exported from '../../../drizzle/db/schema' (imported as 'activitiesTable').

Import trace for requested module:
./app/api/dashboard/route.ts

./app/api/dashboard/route.ts
Attempted import error: 'resourcesTable' is not exported from '../../../drizzle/db/schema' (imported as 'resourcesTable').

Import trace for requested module:
./app/api/dashboard/route.ts

./app/api/dashboard/route.ts
Attempted import error: 'resourcesTable' is not exported from '../../../drizzle/db/schema' (imported as 'resourcesTable').

Import trace for requested module:
./app/api/dashboard/route.ts

./app/api/dashboard/route.ts
Attempted import error: 'activityResourcesTable' is not exported from '../../../drizzle/db/schema' (imported as 'activityResourcesTable').

Import trace for requested module:
./app/api/dashboard/route.ts

./app/api/dashboard/route.ts
Attempted import error: 'resourcesTable' is not exported from '../../../drizzle/db/schema' (imported as 'resourcesTable').

Import trace for requested module:
./app/api/dashboard/route.ts

./app/api/dashboard/route.ts
Attempted import error: 'activitiesTable' is not exported from '../../../drizzle/db/schema' (imported as 'activitiesTable').

Import trace for requested module:
./app/api/dashboard/route.ts

./app/api/dashboard/route.ts
Attempted import error: 'activityResourcesTable' is not exported from '../../../drizzle/db/schema' (imported as 'activityResourcesTable').

Import trace for requested module:
./app/api/dashboard/route.ts

./app/api/dashboard/route.ts
Attempted import error: 'activityResourcesTable' is not exported from '../../../drizzle/db/schema' (imported as 'activityResourcesTable').

Import trace for requested module:
./app/api/dashboard/route.ts

./app/api/dashboard/route.ts
Attempted import error: 'activitiesTable' is not exported from '../../../drizzle/db/schema' (imported as 'activitiesTable').

Import trace for requested module:
./app/api/dashboard/route.ts

./app/api/dashboard/route.ts
Attempted import error: 'resourcesTable' is not exported from '../../../drizzle/db/schema' (imported as 'resourcesTable').

Import trace for requested module:
./app/api/dashboard/route.ts

./app/api/dashboard/route.ts
Attempted import error: 'resourcesTable' is not exported from '../../../drizzle/db/schema' (imported as 'resourcesTable').

Import trace for requested module:
./app/api/dashboard/route.ts

./app/api/dashboard/route.ts
Attempted import error: 'activityResourcesTable' is not exported from '../../../drizzle/db/schema' (imported as 'activityResourcesTable').

Import trace for requested module:
./app/api/dashboard/route.ts

./app/api/dashboard/route.ts
Attempted import error: 'activitiesTable' is not exported from '../../../drizzle/db/schema' (imported as 'activitiesTable').

Import trace for requested module:
./app/api/dashboard/route.ts

./app/api/dashboard/route.ts
Attempted import error: 'activitiesTable' is not exported from '../../../drizzle/db/schema' (imported as 'activitiesTable').

Import trace for requested module:
./app/api/dashboard/route.ts

./app/api/dashboard/route.ts
Attempted import error: 'activitiesTable' is not exported from '../../../drizzle/db/schema' (imported as 'activitiesTable').

Import trace for requested module:
./app/api/dashboard/route.ts

./app/api/dashboard/route.ts
Attempted import error: 'activitiesTable' is not exported from '../../../drizzle/db/schema' (imported as 'activitiesTable').

Import trace for requested module:
./app/api/dashboard/route.ts

./app/api/dashboard/route.ts
Attempted import error: 'activitiesTable' is not exported from '../../../drizzle/db/schema' (imported as 'activitiesTable').

Import trace for requested module:
./app/api/dashboard/route.ts

./app/api/dashboard/route.ts
Attempted import error: 'activitiesTable' is not exported from '../../../drizzle/db/schema' (imported as 'activitiesTable').

Import trace for requested module:
./app/api/dashboard/route.ts

./app/api/dashboard/route.ts
Attempted import error: 'activitiesTable' is not exported from '../../../drizzle/db/schema' (imported as 'activitiesTable').

Import trace for requested module:
./app/api/dashboard/route.ts
 ⚠ ./app/api/dashboard/route.ts
Attempted import error: 'activitiesTable' is not exported from '../../../drizzle/db/schema' (imported as 'activitiesTable').

Import trace for requested module:
./app/api/dashboard/route.ts

./app/api/dashboard/route.ts
Attempted import error: 'activitiesTable' is not exported from '../../../drizzle/db/schema' (imported as 'activitiesTable').

Import trace for requested module:
./app/api/dashboard/route.ts

./app/api/dashboard/route.ts
Attempted import error: 'activitiesTable' is not exported from '../../../drizzle/db/schema' (imported as 'activitiesTable').

Import trace for requested module:
./app/api/dashboard/route.ts

./app/api/dashboard/route.ts
Attempted import error: 'activitiesTable' is not exported from '../../../drizzle/db/schema' (imported as 'activitiesTable').

Import trace for requested module:
./app/api/dashboard/route.ts

./app/api/dashboard/route.ts
Attempted import error: 'activitiesTable' is not exported from '../../../drizzle/db/schema' (imported as 'activitiesTable').

Import trace for requested module:
./app/api/dashboard/route.ts

./app/api/dashboard/route.ts
Attempted import error: 'activitiesTable' is not exported from '../../../drizzle/db/schema' (imported as 'activitiesTable').

Import trace for requested module:
./app/api/dashboard/route.ts

./app/api/dashboard/route.ts
Attempted import error: 'activitiesTable' is not exported from '../../../drizzle/db/schema' (imported as 'activitiesTable').

Import trace for requested module:
./app/api/dashboard/route.ts

./app/api/dashboard/route.ts
Attempted import error: 'activitiesTable' is not exported from '../../../drizzle/db/schema' (imported as 'activitiesTable').

Import trace for requested module:
./app/api/dashboard/route.ts

./app/api/dashboard/route.ts
Attempted import error: 'activitiesTable' is not exported from '../../../drizzle/db/schema' (imported as 'activitiesTable').

Import trace for requested module:
./app/api/dashboard/route.ts

./app/api/dashboard/route.ts
Attempted import error: 'activitiesTable' is not exported from '../../../drizzle/db/schema' (imported as 'activitiesTable').

Import trace for requested module:
./app/api/dashboard/route.ts

./app/api/dashboard/route.ts
Attempted import error: 'activitiesTable' is not exported from '../../../drizzle/db/schema' (imported as 'activitiesTable').

Import trace for requested module:
./app/api/dashboard/route.ts

./app/api/dashboard/route.ts
Attempted import error: 'activitiesTable' is not exported from '../../../drizzle/db/schema' (imported as 'activitiesTable').

Import trace for requested module:
./app/api/dashboard/route.ts

./app/api/dashboard/route.ts
Attempted import error: 'activitiesTable' is not exported from '../../../drizzle/db/schema' (imported as 'activitiesTable').

Import trace for requested module:
./app/api/dashboard/route.ts

./app/api/dashboard/route.ts
Attempted import error: 'activitiesTable' is not exported from '../../../drizzle/db/schema' (imported as 'activitiesTable').

Import trace for requested module:
./app/api/dashboard/route.ts

./app/api/dashboard/route.ts
Attempted import error: 'activitiesTable' is not exported from '../../../drizzle/db/schema' (imported as 'activitiesTable').

Import trace for requested module:
./app/api/dashboard/route.ts

./app/api/dashboard/route.ts
Attempted import error: 'activitiesTable' is not exported from '../../../drizzle/db/schema' (imported as 'activitiesTable').

Import trace for requested module:
./app/api/dashboard/route.ts

./app/api/dashboard/route.ts
Attempted import error: 'activitiesTable' is not exported from '../../../drizzle/db/schema' (imported as 'activitiesTable').

Import trace for requested module:
./app/api/dashboard/route.ts

./app/api/dashboard/route.ts
Attempted import error: 'activitiesTable' is not exported from '../../../drizzle/db/schema' (imported as 'activitiesTable').

Import trace for requested module:
./app/api/dashboard/route.ts

./app/api/dashboard/route.ts
Attempted import error: 'activitiesTable' is not exported from '../../../drizzle/db/schema' (imported as 'activitiesTable').

Import trace for requested module:
./app/api/dashboard/route.ts

./app/api/dashboard/route.ts
Attempted import error: 'resourcesTable' is not exported from '../../../drizzle/db/schema' (imported as 'resourcesTable').

Import trace for requested module:
./app/api/dashboard/route.ts

./app/api/dashboard/route.ts
Attempted import error: 'resourcesTable' is not exported from '../../../drizzle/db/schema' (imported as 'resourcesTable').

Import trace for requested module:
./app/api/dashboard/route.ts

./app/api/dashboard/route.ts
Attempted import error: 'activityResourcesTable' is not exported from '../../../drizzle/db/schema' (imported as 'activityResourcesTable').

Import trace for requested module:
./app/api/dashboard/route.ts

./app/api/dashboard/route.ts
Attempted import error: 'resourcesTable' is not exported from '../../../drizzle/db/schema' (imported as 'resourcesTable').

Import trace for requested module:
./app/api/dashboard/route.ts

./app/api/dashboard/route.ts
Attempted import error: 'activitiesTable' is not exported from '../../../drizzle/db/schema' (imported as 'activitiesTable').

Import trace for requested module:
./app/api/dashboard/route.ts

./app/api/dashboard/route.ts
Attempted import error: 'activityResourcesTable' is not exported from '../../../drizzle/db/schema' (imported as 'activityResourcesTable').

Import trace for requested module:
./app/api/dashboard/route.ts

./app/api/dashboard/route.ts
Attempted import error: 'activityResourcesTable' is not exported from '../../../drizzle/db/schema' (imported as 'activityResourcesTable').

Import trace for requested module:
./app/api/dashboard/route.ts

./app/api/dashboard/route.ts
Attempted import error: 'activitiesTable' is not exported from '../../../drizzle/db/schema' (imported as 'activitiesTable').

Import trace for requested module:
./app/api/dashboard/route.ts

./app/api/dashboard/route.ts
Attempted import error: 'resourcesTable' is not exported from '../../../drizzle/db/schema' (imported as 'resourcesTable').

Import trace for requested module:
./app/api/dashboard/route.ts

./app/api/dashboard/route.ts
Attempted import error: 'resourcesTable' is not exported from '../../../drizzle/db/schema' (imported as 'resourcesTable').

Import trace for requested module:
./app/api/dashboard/route.ts

./app/api/dashboard/route.ts
Attempted import error: 'activityResourcesTable' is not exported from '../../../drizzle/db/schema' (imported as 'activityResourcesTable').

Import trace for requested module:
./app/api/dashboard/route.ts

./app/api/dashboard/route.ts
Attempted import error: 'activitiesTable' is not exported from '../../../drizzle/db/schema' (imported as 'activitiesTable').

Import trace for requested module:
./app/api/dashboard/route.ts

./app/api/dashboard/route.ts
Attempted import error: 'activitiesTable' is not exported from '../../../drizzle/db/schema' (imported as 'activitiesTable').

Import trace for requested module:
./app/api/dashboard/route.ts

./app/api/dashboard/route.ts
Attempted import error: 'activitiesTable' is not exported from '../../../drizzle/db/schema' (imported as 'activitiesTable').

Import trace for requested module:
./app/api/dashboard/route.ts

./app/api/dashboard/route.ts
Attempted import error: 'activitiesTable' is not exported from '../../../drizzle/db/schema' (imported as 'activitiesTable').

Import trace for requested module:
./app/api/dashboard/route.ts

./app/api/dashboard/route.ts
Attempted import error: 'activitiesTable' is not exported from '../../../drizzle/db/schema' (imported as 'activitiesTable').

Import trace for requested module:
./app/api/dashboard/route.ts

./app/api/dashboard/route.ts
Attempted import error: 'activitiesTable' is not exported from '../../../drizzle/db/schema' (imported as 'activitiesTable').

Import trace for requested module:
./app/api/dashboard/route.ts

./app/api/dashboard/route.ts
Attempted import error: 'activitiesTable' is not exported from '../../../drizzle/db/schema' (imported as 'activitiesTable').

Import trace for requested module:
./app/api/dashboard/route.ts
 OPTIONS /api/branches 204 in 1156ms
 GET /api/branches 200 in 68ms
 OPTIONS /api/items?search=0017817832014 204 in 64ms
 GET /api/items?search=0017817832014 200 in 167ms
 ⚠ ./app/api/dashboard/route.ts
Attempted import error: 'activitiesTable' is not exported from '../../../drizzle/db/schema' (imported as 'activitiesTable').

Import trace for requested module:
./app/api/dashboard/route.ts

./app/api/dashboard/route.ts
Attempted import error: 'activitiesTable' is not exported from '../../../drizzle/db/schema' (imported as 'activitiesTable').

Import trace for requested module:
./app/api/dashboard/route.ts

./app/api/dashboard/route.ts
Attempted import error: 'activitiesTable' is not exported from '../../../drizzle/db/schema' (imported as 'activitiesTable').

Import trace for requested module:
./app/api/dashboard/route.ts

./app/api/dashboard/route.ts
Attempted import error: 'activitiesTable' is not exported from '../../../drizzle/db/schema' (imported as 'activitiesTable').

Import trace for requested module:
./app/api/dashboard/route.ts

./app/api/dashboard/route.ts
Attempted import error: 'activitiesTable' is not exported from '../../../drizzle/db/schema' (imported as 'activitiesTable').

Import trace for requested module:
./app/api/dashboard/route.ts

./app/api/dashboard/route.ts
Attempted import error: 'activitiesTable' is not exported from '../../../drizzle/db/schema' (imported as 'activitiesTable').

Import trace for requested module:
./app/api/dashboard/route.ts

./app/api/dashboard/route.ts
Attempted import error: 'activitiesTable' is not exported from '../../../drizzle/db/schema' (imported as 'activitiesTable').

Import trace for requested module:
./app/api/dashboard/route.ts

./app/api/dashboard/route.ts
Attempted import error: 'activitiesTable' is not exported from '../../../drizzle/db/schema' (imported as 'activitiesTable').

Import trace for requested module:
./app/api/dashboard/route.ts

./app/api/dashboard/route.ts
Attempted import error: 'activitiesTable' is not exported from '../../../drizzle/db/schema' (imported as 'activitiesTable').

Import trace for requested module:
./app/api/dashboard/route.ts

./app/api/dashboard/route.ts
Attempted import error: 'activitiesTable' is not exported from '../../../drizzle/db/schema' (imported as 'activitiesTable').

Import trace for requested module:
./app/api/dashboard/route.ts

./app/api/dashboard/route.ts
Attempted import error: 'activitiesTable' is not exported from '../../../drizzle/db/schema' (imported as 'activitiesTable').

Import trace for requested module:
./app/api/dashboard/route.ts

./app/api/dashboard/route.ts
Attempted import error: 'activitiesTable' is not exported from '../../../drizzle/db/schema' (imported as 'activitiesTable').

Import trace for requested module:
./app/api/dashboard/route.ts

./app/api/dashboard/route.ts
Attempted import error: 'activitiesTable' is not exported from '../../../drizzle/db/schema' (imported as 'activitiesTable').

Import trace for requested module:
./app/api/dashboard/route.ts

./app/api/dashboard/route.ts
Attempted import error: 'activitiesTable' is not exported from '../../../drizzle/db/schema' (imported as 'activitiesTable').

Import trace for requested module:
./app/api/dashboard/route.ts

./app/api/dashboard/route.ts
Attempted import error: 'activitiesTable' is not exported from '../../../drizzle/db/schema' (imported as 'activitiesTable').

Import trace for requested module:
./app/api/dashboard/route.ts

./app/api/dashboard/route.ts
Attempted import error: 'activitiesTable' is not exported from '../../../drizzle/db/schema' (imported as 'activitiesTable').

Import trace for requested module:
./app/api/dashboard/route.ts

./app/api/dashboard/route.ts
Attempted import error: 'activitiesTable' is not exported from '../../../drizzle/db/schema' (imported as 'activitiesTable').

Import trace for requested module:
./app/api/dashboard/route.ts

./app/api/dashboard/route.ts
Attempted import error: 'activitiesTable' is not exported from '../../../drizzle/db/schema' (imported as 'activitiesTable').

Import trace for requested module:
./app/api/dashboard/route.ts

./app/api/dashboard/route.ts
Attempted import error: 'activitiesTable' is not exported from '../../../drizzle/db/schema' (imported as 'activitiesTable').

Import trace for requested module:
./app/api/dashboard/route.ts

./app/api/dashboard/route.ts
Attempted import error: 'resourcesTable' is not exported from '../../../drizzle/db/schema' (imported as 'resourcesTable').

Import trace for requested module:
./app/api/dashboard/route.ts

./app/api/dashboard/route.ts
Attempted import error: 'resourcesTable' is not exported from '../../../drizzle/db/schema' (imported as 'resourcesTable').

Import trace for requested module:
./app/api/dashboard/route.ts

./app/api/dashboard/route.ts
Attempted import error: 'activityResourcesTable' is not exported from '../../../drizzle/db/schema' (imported as 'activityResourcesTable').

Import trace for requested module:
./app/api/dashboard/route.ts

./app/api/dashboard/route.ts
Attempted import error: 'resourcesTable' is not exported from '../../../drizzle/db/schema' (imported as 'resourcesTable').

Import trace for requested module:
./app/api/dashboard/route.ts

./app/api/dashboard/route.ts
Attempted import error: 'activitiesTable' is not exported from '../../../drizzle/db/schema' (imported as 'activitiesTable').

Import trace for requested module:
./app/api/dashboard/route.ts

./app/api/dashboard/route.ts
Attempted import error: 'activityResourcesTable' is not exported from '../../../drizzle/db/schema' (imported as 'activityResourcesTable').

Import trace for requested module:
./app/api/dashboard/route.ts

./app/api/dashboard/route.ts
Attempted import error: 'activityResourcesTable' is not exported from '../../../drizzle/db/schema' (imported as 'activityResourcesTable').

Import trace for requested module:
./app/api/dashboard/route.ts

./app/api/dashboard/route.ts
Attempted import error: 'activitiesTable' is not exported from '../../../drizzle/db/schema' (imported as 'activitiesTable').

Import trace for requested module:
./app/api/dashboard/route.ts

./app/api/dashboard/route.ts
Attempted import error: 'resourcesTable' is not exported from '../../../drizzle/db/schema' (imported as 'resourcesTable').

Import trace for requested module:
./app/api/dashboard/route.ts

./app/api/dashboard/route.ts
Attempted import error: 'resourcesTable' is not exported from '../../../drizzle/db/schema' (imported as 'resourcesTable').

Import trace for requested module:
./app/api/dashboard/route.ts

./app/api/dashboard/route.ts
Attempted import error: 'activityResourcesTable' is not exported from '../../../drizzle/db/schema' (imported as 'activityResourcesTable').

Import trace for requested module:
./app/api/dashboard/route.ts

./app/api/dashboard/route.ts
Attempted import error: 'activitiesTable' is not exported from '../../../drizzle/db/schema' (imported as 'activitiesTable').

Import trace for requested module:
./app/api/dashboard/route.ts

./app/api/dashboard/route.ts
Attempted import error: 'activitiesTable' is not exported from '../../../drizzle/db/schema' (imported as 'activitiesTable').

Import trace for requested module:
./app/api/dashboard/route.ts

./app/api/dashboard/route.ts
Attempted import error: 'activitiesTable' is not exported from '../../../drizzle/db/schema' (imported as 'activitiesTable').

Import trace for requested module:
./app/api/dashboard/route.ts

./app/api/dashboard/route.ts
Attempted import error: 'activitiesTable' is not exported from '../../../drizzle/db/schema' (imported as 'activitiesTable').

Import trace for requested module:
./app/api/dashboard/route.ts

./app/api/dashboard/route.ts
Attempted import error: 'activitiesTable' is not exported from '../../../drizzle/db/schema' (imported as 'activitiesTable').

Import trace for requested module:
./app/api/dashboard/route.ts

./app/api/dashboard/route.ts
Attempted import error: 'activitiesTable' is not exported from '../../../drizzle/db/schema' (imported as 'activitiesTable').

Import trace for requested module:
./app/api/dashboard/route.ts

./app/api/dashboard/route.ts
Attempted import error: 'activitiesTable' is not exported from '../../../drizzle/db/schema' (imported as 'activitiesTable').

Import trace for requested module:
./app/api/dashboard/route.ts
 ✓ Compiled /api/events in 1100ms (631 modules)
 OPTIONS /api/events?event_type=sale 204 in 1331ms
 GET /api/events?event_type=sale 200 in 128ms
 ○ Compiling /api/dashboard ...
 ⚠ ./app/api/schedules/route.ts
Attempted import error: 'activitiesTable' is not exported from '../../../drizzle/db/schema' (imported as 'activitiesTable').

Import trace for requested module:
./app/api/schedules/route.ts

./app/api/schedules/route.ts
Attempted import error: 'activitiesTable' is not exported from '../../../drizzle/db/schema' (imported as 'activitiesTable').

Import trace for requested module:
./app/api/schedules/route.ts

./app/api/schedules/route.ts
Attempted import error: 'activitiesTable' is not exported from '../../../drizzle/db/schema' (imported as 'activitiesTable').

Import trace for requested module:
./app/api/schedules/route.ts
 ⚠ ./app/api/schedules/route.ts
Attempted import error: 'activitiesTable' is not exported from '../../../drizzle/db/schema' (imported as 'activitiesTable').

Import trace for requested module:
./app/api/schedules/route.ts

./app/api/schedules/route.ts
Attempted import error: 'activitiesTable' is not exported from '../../../drizzle/db/schema' (imported as 'activitiesTable').

Import trace for requested module:
./app/api/schedules/route.ts

./app/api/schedules/route.ts
Attempted import error: 'activitiesTable' is not exported from '../../../drizzle/db/schema' (imported as 'activitiesTable').

Import trace for requested module:
./app/api/schedules/route.ts
 ⚠ ./app/api/dashboard/route.ts
Attempted import error: 'activitiesTable' is not exported from '../../../drizzle/db/schema' (imported as 'activitiesTable').

Import trace for requested module:
./app/api/dashboard/route.ts

./app/api/dashboard/route.ts
Attempted import error: 'activitiesTable' is not exported from '../../../drizzle/db/schema' (imported as 'activitiesTable').

Import trace for requested module:
./app/api/dashboard/route.ts

./app/api/dashboard/route.ts
Attempted import error: 'activitiesTable' is not exported from '../../../drizzle/db/schema' (imported as 'activitiesTable').

Import trace for requested module:
./app/api/dashboard/route.ts

./app/api/dashboard/route.ts
Attempted import error: 'activitiesTable' is not exported from '../../../drizzle/db/schema' (imported as 'activitiesTable').

Import trace for requested module:
./app/api/dashboard/route.ts

./app/api/dashboard/route.ts
Attempted import error: 'activitiesTable' is not exported from '../../../drizzle/db/schema' (imported as 'activitiesTable').

Import trace for requested module:
./app/api/dashboard/route.ts

./app/api/dashboard/route.ts
Attempted import error: 'activitiesTable' is not exported from '../../../drizzle/db/schema' (imported as 'activitiesTable').

Import trace for requested module:
./app/api/dashboard/route.ts

./app/api/dashboard/route.ts
Attempted import error: 'activitiesTable' is not exported from '../../../drizzle/db/schema' (imported as 'activitiesTable').

Import trace for requested module:
./app/api/dashboard/route.ts

./app/api/dashboard/route.ts
Attempted import error: 'activitiesTable' is not exported from '../../../drizzle/db/schema' (imported as 'activitiesTable').

Import trace for requested module:
./app/api/dashboard/route.ts

./app/api/dashboard/route.ts
Attempted import error: 'activitiesTable' is not exported from '../../../drizzle/db/schema' (imported as 'activitiesTable').

Import trace for requested module:
./app/api/dashboard/route.ts

./app/api/dashboard/route.ts
Attempted import error: 'activitiesTable' is not exported from '../../../drizzle/db/schema' (imported as 'activitiesTable').

Import trace for requested module:
./app/api/dashboard/route.ts

./app/api/dashboard/route.ts
Attempted import error: 'activitiesTable' is not exported from '../../../drizzle/db/schema' (imported as 'activitiesTable').

Import trace for requested module:
./app/api/dashboard/route.ts

./app/api/dashboard/route.ts
Attempted import error: 'activitiesTable' is not exported from '../../../drizzle/db/schema' (imported as 'activitiesTable').

Import trace for requested module:
./app/api/dashboard/route.ts

./app/api/dashboard/route.ts
Attempted import error: 'activitiesTable' is not exported from '../../../drizzle/db/schema' (imported as 'activitiesTable').

Import trace for requested module:
./app/api/dashboard/route.ts

./app/api/dashboard/route.ts
Attempted import error: 'activitiesTable' is not exported from '../../../drizzle/db/schema' (imported as 'activitiesTable').

Import trace for requested module:
./app/api/dashboard/route.ts

./app/api/dashboard/route.ts
Attempted import error: 'activitiesTable' is not exported from '../../../drizzle/db/schema' (imported as 'activitiesTable').

Import trace for requested module:
./app/api/dashboard/route.ts

./app/api/dashboard/route.ts
Attempted import error: 'activitiesTable' is not exported from '../../../drizzle/db/schema' (imported as 'activitiesTable').

Import trace for requested module:
./app/api/dashboard/route.ts

./app/api/dashboard/route.ts
Attempted import error: 'activitiesTable' is not exported from '../../../drizzle/db/schema' (imported as 'activitiesTable').

Import trace for requested module:
./app/api/dashboard/route.ts

./app/api/dashboard/route.ts
Attempted import error: 'activitiesTable' is not exported from '../../../drizzle/db/schema' (imported as 'activitiesTable').

Import trace for requested module:
./app/api/dashboard/route.ts

./app/api/dashboard/route.ts
Attempted import error: 'activitiesTable' is not exported from '../../../drizzle/db/schema' (imported as 'activitiesTable').

Import trace for requested module:
./app/api/dashboard/route.ts

./app/api/dashboard/route.ts
Attempted import error: 'resourcesTable' is not exported from '../../../drizzle/db/schema' (imported as 'resourcesTable').

Import trace for requested module:
./app/api/dashboard/route.ts

./app/api/dashboard/route.ts
Attempted import error: 'resourcesTable' is not exported from '../../../drizzle/db/schema' (imported as 'resourcesTable').

Import trace for requested module:
./app/api/dashboard/route.ts

./app/api/dashboard/route.ts
Attempted import error: 'activityResourcesTable' is not exported from '../../../drizzle/db/schema' (imported as 'activityResourcesTable').

Import trace for requested module:
./app/api/dashboard/route.ts

./app/api/dashboard/route.ts
Attempted import error: 'resourcesTable' is not exported from '../../../drizzle/db/schema' (imported as 'resourcesTable').

Import trace for requested module:
./app/api/dashboard/route.ts

./app/api/dashboard/route.ts
Attempted import error: 'activitiesTable' is not exported from '../../../drizzle/db/schema' (imported as 'activitiesTable').

Import trace for requested module:
./app/api/dashboard/route.ts

./app/api/dashboard/route.ts
Attempted import error: 'activityResourcesTable' is not exported from '../../../drizzle/db/schema' (imported as 'activityResourcesTable').

Import trace for requested module:
./app/api/dashboard/route.ts

./app/api/dashboard/route.ts
Attempted import error: 'activityResourcesTable' is not exported from '../../../drizzle/db/schema' (imported as 'activityResourcesTable').

Import trace for requested module:
./app/api/dashboard/route.ts

./app/api/dashboard/route.ts
Attempted import error: 'activitiesTable' is not exported from '../../../drizzle/db/schema' (imported as 'activitiesTable').

Import trace for requested module:
./app/api/dashboard/route.ts

./app/api/dashboard/route.ts
Attempted import error: 'resourcesTable' is not exported from '../../../drizzle/db/schema' (imported as 'resourcesTable').

Import trace for requested module:
./app/api/dashboard/route.ts

./app/api/dashboard/route.ts
Attempted import error: 'resourcesTable' is not exported from '../../../drizzle/db/schema' (imported as 'resourcesTable').

Import trace for requested module:
./app/api/dashboard/route.ts

./app/api/dashboard/route.ts
Attempted import error: 'activityResourcesTable' is not exported from '../../../drizzle/db/schema' (imported as 'activityResourcesTable').

Import trace for requested module:
./app/api/dashboard/route.ts

./app/api/dashboard/route.ts
Attempted import error: 'activitiesTable' is not exported from '../../../drizzle/db/schema' (imported as 'activitiesTable').

Import trace for requested module:
./app/api/dashboard/route.ts

./app/api/dashboard/route.ts
Attempted import error: 'activitiesTable' is not exported from '../../../drizzle/db/schema' (imported as 'activitiesTable').

Import trace for requested module:
./app/api/dashboard/route.ts

./app/api/dashboard/route.ts
Attempted import error: 'activitiesTable' is not exported from '../../../drizzle/db/schema' (imported as 'activitiesTable').

Import trace for requested module:
./app/api/dashboard/route.ts

./app/api/dashboard/route.ts
Attempted import error: 'activitiesTable' is not exported from '../../../drizzle/db/schema' (imported as 'activitiesTable').

Import trace for requested module:
./app/api/dashboard/route.ts

./app/api/dashboard/route.ts
Attempted import error: 'activitiesTable' is not exported from '../../../drizzle/db/schema' (imported as 'activitiesTable').

Import trace for requested module:
./app/api/dashboard/route.ts

./app/api/dashboard/route.ts
Attempted import error: 'activitiesTable' is not exported from '../../../drizzle/db/schema' (imported as 'activitiesTable').

Import trace for requested module:
./app/api/dashboard/route.ts

./app/api/dashboard/route.ts
Attempted import error: 'activitiesTable' is not exported from '../../../drizzle/db/schema' (imported as 'activitiesTable').

Import trace for requested module:
./app/api/dashboard/route.ts

./app/api/schedules/route.ts
Attempted import error: 'activitiesTable' is not exported from '../../../drizzle/db/schema' (imported as 'activitiesTable').

Import trace for requested module:
./app/api/schedules/route.ts

./app/api/schedules/route.ts
Attempted import error: 'activitiesTable' is not exported from '../../../drizzle/db/schema' (imported as 'activitiesTable').

Import trace for requested module:
./app/api/schedules/route.ts

./app/api/schedules/route.ts
Attempted import error: 'activitiesTable' is not exported from '../../../drizzle/db/schema' (imported as 'activitiesTable').

Import trace for requested module:
./app/api/schedules/route.ts
 OPTIONS /api/schedules 204 in 1666ms
 OPTIONS /api/dashboard 204 in 1643ms
Error fetching schedules: TypeError: Cannot read properties of undefined (reading 'description')
    at activitiesTable (webpack:///app/api/schedules/route.ts?99ed:13:37)
    at run (file:///C:/Users/Administrator/Documents/Github/dashboard-diary/node_modules/.pnpm/next@15.0.2_@babel+core@7.2_6bb6baa81f2b198c05a89ed44e2ef849/node_modules/next/dist/compiled/next-server/dist/src/server/route-modules/app-route/module.ts:525:41)
    at handler (file:///C:/Users/Administrator/Documents/Github/dashboard-diary/node_modules/.pnpm/next@15.0.2_@babel+core@7.2_6bb6baa81f2b198c05a89ed44e2ef849/node_modules/next/dist/compiled/next-server/dist/src/server/route-modules/app-route/module.ts:722:20)
    at fn (file:///C:/Users/Administrator/Documents/Github/dashboard-diary/node_modules/.pnpm/next@15.0.2_@babel+core@7.2_6bb6baa81f2b198c05a89ed44e2ef849/node_modules/next/src/server/lib/trace/tracer.ts:351:27)
    at NoopContextManager.with (C:\Users\Administrator\Documents\Github\dashboard-diary\node_modules\.pnpm\next@15.0.2_@babel+core@7.2_6bb6baa81f2b198c05a89ed44e2ef849\node_modules\next\dist\compiled\@opentelemetry\api\index.js:1:7062)
    at ContextAPI.with (C:\Users\Administrator\Documents\Github\dashboard-diary\node_modules\.pnpm\next@15.0.2_@babel+core@7.2_6bb6baa81f2b198c05a89ed44e2ef849\node_modules\next\dist\compiled\@opentelemetry\api\index.js:1:518)
    at NoopTracer.startActiveSpan (C:\Users\Administrator\Documents\Github\dashboard-diary\node_modules\.pnpm\next@15.0.2_@babel+core@7.2_6bb6baa81f2b198c05a89ed44e2ef849\node_modules\next\dist\compiled\@opentelemetry\api\index.js:1:18093)
    at ProxyTracer.startActiveSpan (C:\Users\Administrator\Documents\Github\dashboard-diary\node_modules\.pnpm\next@15.0.2_@babel+core@7.2_6bb6baa81f2b198c05a89ed44e2ef849\node_modules\next\dist\compiled\@opentelemetry\api\index.js:1:18854)
    at startActiveSpan (file:///C:/Users/Administrator/Documents/Github/dashboard-diary/node_modules/.pnpm/next@15.0.2_@babel+core@7.2_6bb6baa81f2b198c05a89ed44e2ef849/node_modules/next/src/server/lib/trace/tracer.ts:304:31)
    at NoopContextManager.with (C:\Users\Administrator\Documents\Github\dashboard-diary\node_modules\.pnpm\next@15.0.2_@babel+core@7.2_6bb6baa81f2b198c05a89ed44e2ef849\node_modules\next\dist\compiled\@opentelemetry\api\index.js:1:7062)
    at ContextAPI.with (C:\Users\Administrator\Documents\Github\dashboard-diary\node_modules\.pnpm\next@15.0.2_@babel+core@7.2_6bb6baa81f2b198c05a89ed44e2ef849\node_modules\next\dist\compiled\@opentelemetry\api\index.js:1:518)
    at spanContext (file:///C:/Users/Administrator/Documents/Github/dashboard-diary/node_modules/.pnpm/next@15.0.2_@babel+core@7.2_6bb6baa81f2b198c05a89ed44e2ef849/node_modules/next/src/server/lib/trace/tracer.ts:303:24)
    at trace (file:///C:/Users/Administrator/Documents/Github/dashboard-diary/node_modules/.pnpm/next@15.0.2_@babel+core@7.2_6bb6baa81f2b198c05a89ed44e2ef849/node_modules/next/dist/compiled/next-server/dist/src/server/route-modules/app-route/module.ts:712:28)
    at run (file:///C:/Users/Administrator/Documents/Github/dashboard-diary/node_modules/.pnpm/next@15.0.2_@babel+core@7.2_6bb6baa81f2b198c05a89ed44e2ef849/node_modules/next/dist/compiled/next-server/dist/src/server/async-storage/with-work-store.ts:133:17)
    at withWorkStore (file:///C:/Users/Administrator/Documents/Github/dashboard-diary/node_modules/.pnpm/next@15.0.2_@babel+core@7.2_6bb6baa81f2b198c05a89ed44e2ef849/node_modules/next/dist/compiled/next-server/dist/src/server/route-modules/app-route/module.ts:656:10)
    at run (file:///C:/Users/Administrator/Documents/Github/dashboard-diary/node_modules/.pnpm/next@15.0.2_@babel+core@7.2_6bb6baa81f2b198c05a89ed44e2ef849/node_modules/next/dist/compiled/next-server/dist/src/server/route-modules/app-route/module.ts:655:34)
    at run (file:///C:/Users/Administrator/Documents/Github/dashboard-diary/node_modules/.pnpm/next@15.0.2_@babel+core@7.2_6bb6baa81f2b198c05a89ed44e2ef849/node_modules/next/dist/compiled/next-server/dist/src/server/route-modules/app-route/module.ts:652:60)
    at handle (file:///C:/Users/Administrator/Documents/Github/dashboard-diary/node_modules/.pnpm/next@15.0.2_@babel+core@7.2_6bb6baa81f2b198c05a89ed44e2ef849/node_modules/next/src/server/base-server.ts:2570:47)
    at doRender (file:///C:/Users/Administrator/Documents/Github/dashboard-diary/node_modules/.pnpm/next@15.0.2_@babel+core@7.2_6bb6baa81f2b198c05a89ed44e2ef849/node_modules/next/src/server/base-server.ts:3066:27)
    at responseGenerator (file:///C:/Users/Administrator/Documents/Github/dashboard-diary/node_modules/.pnpm/next@15.0.2_@babel+core@7.2_6bb6baa81f2b198c05a89ed44e2ef849/node_modules/next/src/server/response-cache/index.ts:67:13)
    at get (file:///C:/Users/Administrator/Documents/Github/dashboard-diary/node_modules/.pnpm/next@15.0.2_@babel+core@7.2_6bb6baa81f2b198c05a89ed44e2ef849/node_modules/next/src/server/base-server.ts:3121:48)
    at renderToResponseWithComponentsImpl (file:///C:/Users/Administrator/Documents/Github/dashboard-diary/node_modules/.pnpm/next@15.0.2_@babel+core@7.2_6bb6baa81f2b198c05a89ed44e2ef849/node_modules/next/src/server/base-server.ts:1917:13)
    at fn (file:///C:/Users/Administrator/Documents/Github/dashboard-diary/node_modules/.pnpm/next@15.0.2_@babel+core@7.2_6bb6baa81f2b198c05a89ed44e2ef849/node_modules/next/src/server/lib/trace/tracer.ts:279:13)
    at trace (file:///C:/Users/Administrator/Documents/Github/dashboard-diary/node_modules/.pnpm/next@15.0.2_@babel+core@7.2_6bb6baa81f2b198c05a89ed44e2ef849/node_modules/next/src/server/base-server.ts:1914:23)
    at renderToResponseWithComponents (file:///C:/Users/Administrator/Documents/Github/dashboard-diary/node_modules/.pnpm/next@15.0.2_@babel+core@7.2_6bb6baa81f2b198c05a89ed44e2ef849/node_modules/next/src/server/base-server.ts:3676:26)
    at async DevServer.renderToResponseImpl (file:///C:/Users/Administrator/Documents/Github/dashboard-diary/node_modules/.pnpm/next@15.0.2_@babel+core@7.2_6bb6baa81f2b198c05a89ed44e2ef849/node_modules/next/src/server/base-server.ts:3738:23)
    at async DevServer.pipeImpl (file:///C:/Users/Administrator/Documents/Github/dashboard-diary/node_modules/.pnpm/next@15.0.2_@babel+core@7.2_6bb6baa81f2b198c05a89ed44e2ef849/node_modules/next/src/server/base-server.ts:1738:20)
    at async NextNodeServer.handleCatchallRenderRequest (file:///C:/Users/Administrator/Documents/Github/dashboard-diary/node_modules/.pnpm/next@15.0.2_@babel+core@7.2_6bb6baa81f2b198c05a89ed44e2ef849/node_modules/next/src/server/next-server.ts:1032:6)
    at async DevServer.handleRequestImpl (file:///C:/Users/Administrator/Documents/Github/dashboard-diary/node_modules/.pnpm/next@15.0.2_@babel+core@7.2_6bb6baa81f2b198c05a89ed44e2ef849/node_modules/next/src/server/base-server.ts:1498:8)
    at async (file:///C:/Users/Administrator/Documents/Github/dashboard-diary/node_modules/.pnpm/next@15.0.2_@babel+core@7.2_6bb6baa81f2b198c05a89ed44e2ef849/node_modules/next/src/server/dev/next-dev-server.ts:514:13)
    at async Span.traceAsyncFn (file:///C:/Users/Administrator/Documents/Github/dashboard-diary/node_modules/.pnpm/next@15.0.2_@babel+core@7.2_6bb6baa81f2b198c05a89ed44e2ef849/node_modules/next/src/trace/trace.ts:143:13)
    at async DevServer.handleRequest (file:///C:/Users/Administrator/Documents/Github/dashboard-diary/node_modules/.pnpm/next@15.0.2_@babel+core@7.2_6bb6baa81f2b198c05a89ed44e2ef849/node_modules/next/src/server/dev/next-dev-server.ts:512:19)
    at async invokeRender (file:///C:/Users/Administrator/Documents/Github/dashboard-diary/node_modules/.pnpm/next@15.0.2_@babel+core@7.2_6bb6baa81f2b198c05a89ed44e2ef849/node_modules/next/src/server/lib/router-server.ts:284:10)
    at async handleRequest (file:///C:/Users/Administrator/Documents/Github/dashboard-diary/node_modules/.pnpm/next@15.0.2_@babel+core@7.2_6bb6baa81f2b198c05a89ed44e2ef849/node_modules/next/src/server/lib/router-server.ts:530:15)
    at async requestHandlerImpl (file:///C:/Users/Administrator/Documents/Github/dashboard-diary/node_modules/.pnpm/next@15.0.2_@babel+core@7.2_6bb6baa81f2b198c05a89ed44e2ef849/node_modules/next/src/server/lib/router-server.ts:576:6)
    at async Server.requestListener (file:///C:/Users/Administrator/Documents/Github/dashboard-diary/node_modules/.pnpm/next@15.0.2_@babel+core@7.2_6bb6baa81f2b198c05a89ed44e2ef849/node_modules/next/src/server/lib/start-server.ts:146:6)
  11 |                 scheduleId: schedulesTable.id,
  12 |                 scheduledDate: schedulesTable.scheduledDate,
> 13 |                 activityDescription: activitiesTable.description,
     |                                     ^
  14 |             })
  15 |             .from(schedulesTable)
  16 |             .leftJoin(activitiesTable, eq(activitiesTable.id, schedulesTable.activityId));
 GET /api/schedules 500 in 142ms
Error fetching dashboard data: TypeError: Cannot read properties of undefined (reading 'activityType')
    at activitiesTable (webpack:///app/api/dashboard/route.ts?eb45:19:22)
    at run (file:///C:/Users/Administrator/Documents/Github/dashboard-diary/node_modules/.pnpm/next@15.0.2_@babel+core@7.2_6bb6baa81f2b198c05a89ed44e2ef849/node_modules/next/dist/compiled/next-server/dist/src/server/route-modules/app-route/module.ts:525:41)
    at handler (file:///C:/Users/Administrator/Documents/Github/dashboard-diary/node_modules/.pnpm/next@15.0.2_@babel+core@7.2_6bb6baa81f2b198c05a89ed44e2ef849/node_modules/next/dist/compiled/next-server/dist/src/server/route-modules/app-route/module.ts:722:20)
    at fn (file:///C:/Users/Administrator/Documents/Github/dashboard-diary/node_modules/.pnpm/next@15.0.2_@babel+core@7.2_6bb6baa81f2b198c05a89ed44e2ef849/node_modules/next/src/server/lib/trace/tracer.ts:351:27)
    at NoopContextManager.with (C:\Users\Administrator\Documents\Github\dashboard-diary\node_modules\.pnpm\next@15.0.2_@babel+core@7.2_6bb6baa81f2b198c05a89ed44e2ef849\node_modules\next\dist\compiled\@opentelemetry\api\index.js:1:7062)
    at ContextAPI.with (C:\Users\Administrator\Documents\Github\dashboard-diary\node_modules\.pnpm\next@15.0.2_@babel+core@7.2_6bb6baa81f2b198c05a89ed44e2ef849\node_modules\next\dist\compiled\@opentelemetry\api\index.js:1:518)
    at NoopTracer.startActiveSpan (C:\Users\Administrator\Documents\Github\dashboard-diary\node_modules\.pnpm\next@15.0.2_@babel+core@7.2_6bb6baa81f2b198c05a89ed44e2ef849\node_modules\next\dist\compiled\@opentelemetry\api\index.js:1:18093)
    at ProxyTracer.startActiveSpan (C:\Users\Administrator\Documents\Github\dashboard-diary\node_modules\.pnpm\next@15.0.2_@babel+core@7.2_6bb6baa81f2b198c05a89ed44e2ef849\node_modules\next\dist\compiled\@opentelemetry\api\index.js:1:18854)
    at startActiveSpan (file:///C:/Users/Administrator/Documents/Github/dashboard-diary/node_modules/.pnpm/next@15.0.2_@babel+core@7.2_6bb6baa81f2b198c05a89ed44e2ef849/node_modules/next/src/server/lib/trace/tracer.ts:304:31)
    at NoopContextManager.with (C:\Users\Administrator\Documents\Github\dashboard-diary\node_modules\.pnpm\next@15.0.2_@babel+core@7.2_6bb6baa81f2b198c05a89ed44e2ef849\node_modules\next\dist\compiled\@opentelemetry\api\index.js:1:7062)
    at ContextAPI.with (C:\Users\Administrator\Documents\Github\dashboard-diary\node_modules\.pnpm\next@15.0.2_@babel+core@7.2_6bb6baa81f2b198c05a89ed44e2ef849\node_modules\next\dist\compiled\@opentelemetry\api\index.js:1:518)
    at spanContext (file:///C:/Users/Administrator/Documents/Github/dashboard-diary/node_modules/.pnpm/next@15.0.2_@babel+core@7.2_6bb6baa81f2b198c05a89ed44e2ef849/node_modules/next/src/server/lib/trace/tracer.ts:303:24)
    at trace (file:///C:/Users/Administrator/Documents/Github/dashboard-diary/node_modules/.pnpm/next@15.0.2_@babel+core@7.2_6bb6baa81f2b198c05a89ed44e2ef849/node_modules/next/dist/compiled/next-server/dist/src/server/route-modules/app-route/module.ts:712:28)
    at run (file:///C:/Users/Administrator/Documents/Github/dashboard-diary/node_modules/.pnpm/next@15.0.2_@babel+core@7.2_6bb6baa81f2b198c05a89ed44e2ef849/node_modules/next/dist/compiled/next-server/dist/src/server/async-storage/with-work-store.ts:133:17)
    at withWorkStore (file:///C:/Users/Administrator/Documents/Github/dashboard-diary/node_modules/.pnpm/next@15.0.2_@babel+core@7.2_6bb6baa81f2b198c05a89ed44e2ef849/node_modules/next/dist/compiled/next-server/dist/src/server/route-modules/app-route/module.ts:656:10)
    at run (file:///C:/Users/Administrator/Documents/Github/dashboard-diary/node_modules/.pnpm/next@15.0.2_@babel+core@7.2_6bb6baa81f2b198c05a89ed44e2ef849/node_modules/next/dist/compiled/next-server/dist/src/server/route-modules/app-route/module.ts:655:34)
    at run (file:///C:/Users/Administrator/Documents/Github/dashboard-diary/node_modules/.pnpm/next@15.0.2_@babel+core@7.2_6bb6baa81f2b198c05a89ed44e2ef849/node_modules/next/dist/compiled/next-server/dist/src/server/route-modules/app-route/module.ts:652:60)
    at handle (file:///C:/Users/Administrator/Documents/Github/dashboard-diary/node_modules/.pnpm/next@15.0.2_@babel+core@7.2_6bb6baa81f2b198c05a89ed44e2ef849/node_modules/next/src/server/base-server.ts:2570:47)
    at doRender (file:///C:/Users/Administrator/Documents/Github/dashboard-diary/node_modules/.pnpm/next@15.0.2_@babel+core@7.2_6bb6baa81f2b198c05a89ed44e2ef849/node_modules/next/src/server/base-server.ts:3066:27)
    at responseGenerator (file:///C:/Users/Administrator/Documents/Github/dashboard-diary/node_modules/.pnpm/next@15.0.2_@babel+core@7.2_6bb6baa81f2b198c05a89ed44e2ef849/node_modules/next/src/server/response-cache/index.ts:67:13)
    at get (file:///C:/Users/Administrator/Documents/Github/dashboard-diary/node_modules/.pnpm/next@15.0.2_@babel+core@7.2_6bb6baa81f2b198c05a89ed44e2ef849/node_modules/next/src/server/base-server.ts:3121:48)
    at renderToResponseWithComponentsImpl (file:///C:/Users/Administrator/Documents/Github/dashboard-diary/node_modules/.pnpm/next@15.0.2_@babel+core@7.2_6bb6baa81f2b198c05a89ed44e2ef849/node_modules/next/src/server/base-server.ts:1917:13)
    at fn (file:///C:/Users/Administrator/Documents/Github/dashboard-diary/node_modules/.pnpm/next@15.0.2_@babel+core@7.2_6bb6baa81f2b198c05a89ed44e2ef849/node_modules/next/src/server/lib/trace/tracer.ts:279:13)
    at trace (file:///C:/Users/Administrator/Documents/Github/dashboard-diary/node_modules/.pnpm/next@15.0.2_@babel+core@7.2_6bb6baa81f2b198c05a89ed44e2ef849/node_modules/next/src/server/base-server.ts:1914:23)
    at renderToResponseWithComponents (file:///C:/Users/Administrator/Documents/Github/dashboard-diary/node_modules/.pnpm/next@15.0.2_@babel+core@7.2_6bb6baa81f2b198c05a89ed44e2ef849/node_modules/next/src/server/base-server.ts:3676:26)
    at async DevServer.renderToResponseImpl (file:///C:/Users/Administrator/Documents/Github/dashboard-diary/node_modules/.pnpm/next@15.0.2_@babel+core@7.2_6bb6baa81f2b198c05a89ed44e2ef849/node_modules/next/src/server/base-server.ts:3738:23)
    at async DevServer.pipeImpl (file:///C:/Users/Administrator/Documents/Github/dashboard-diary/node_modules/.pnpm/next@15.0.2_@babel+core@7.2_6bb6baa81f2b198c05a89ed44e2ef849/node_modules/next/src/server/base-server.ts:1738:20)
    at async NextNodeServer.handleCatchallRenderRequest (file:///C:/Users/Administrator/Documents/Github/dashboard-diary/node_modules/.pnpm/next@15.0.2_@babel+core@7.2_6bb6baa81f2b198c05a89ed44e2ef849/node_modules/next/src/server/next-server.ts:1032:6)
    at async DevServer.handleRequestImpl (file:///C:/Users/Administrator/Documents/Github/dashboard-diary/node_modules/.pnpm/next@15.0.2_@babel+core@7.2_6bb6baa81f2b198c05a89ed44e2ef849/node_modules/next/src/server/base-server.ts:1498:8)
    at async (file:///C:/Users/Administrator/Documents/Github/dashboard-diary/node_modules/.pnpm/next@15.0.2_@babel+core@7.2_6bb6baa81f2b198c05a89ed44e2ef849/node_modules/next/src/server/dev/next-dev-server.ts:514:13)
    at async Span.traceAsyncFn (file:///C:/Users/Administrator/Documents/Github/dashboard-diary/node_modules/.pnpm/next@15.0.2_@babel+core@7.2_6bb6baa81f2b198c05a89ed44e2ef849/node_modules/next/src/trace/trace.ts:143:13)
    at async DevServer.handleRequest (file:///C:/Users/Administrator/Documents/Github/dashboard-diary/node_modules/.pnpm/next@15.0.2_@babel+core@7.2_6bb6baa81f2b198c05a89ed44e2ef849/node_modules/next/src/server/dev/next-dev-server.ts:512:19)
    at async invokeRender (file:///C:/Users/Administrator/Documents/Github/dashboard-diary/node_modules/.pnpm/next@15.0.2_@babel+core@7.2_6bb6baa81f2b198c05a89ed44e2ef849/node_modules/next/src/server/lib/router-server.ts:284:10)
    at async handleRequest (file:///C:/Users/Administrator/Documents/Github/dashboard-diary/node_modules/.pnpm/next@15.0.2_@babel+core@7.2_6bb6baa81f2b198c05a89ed44e2ef849/node_modules/next/src/server/lib/router-server.ts:530:15)
    at async requestHandlerImpl (file:///C:/Users/Administrator/Documents/Github/dashboard-diary/node_modules/.pnpm/next@15.0.2_@babel+core@7.2_6bb6baa81f2b198c05a89ed44e2ef849/node_modules/next/src/server/lib/router-server.ts:576:6)
    at async Server.requestListener (file:///C:/Users/Administrator/Documents/Github/dashboard-diary/node_modules/.pnpm/next@15.0.2_@babel+core@7.2_6bb6baa81f2b198c05a89ed44e2ef849/node_modules/next/src/server/lib/start-server.ts:146:6)
  17 |     const activitiesByType = await db
  18 |       .select({
> 19 |         activityType: activitiesTable.activityType,
     |                      ^
  20 |         totalAmount: sql<number>`COALESCE(SUM(${activitiesTable.amount})::int, 0)`,
  21 |         revenueAmount: sql<number>`COALESCE(SUM(CASE WHEN LOWER(${activitiesTable.activityType}) = 'revenue' THEN ${activitiesTable.amount} ELSE 0 END)::int, 0)`,
  22 |         expenseAmount: sql<number>`COALESCE(SUM(CASE WHEN LOWER(${activitiesTable.activityType}) = 'expense' THEN ${activitiesTable.amount} ELSE 0 END)::int, 0)`,
 GET /api/dashboard 500 in 281ms
 ⚠ ./app/api/dashboard/route.ts
Attempted import error: 'activitiesTable' is not exported from '../../../drizzle/db/schema' (imported as 'activitiesTable').

Import trace for requested module:
./app/api/dashboard/route.ts

./app/api/dashboard/route.ts
Attempted import error: 'activitiesTable' is not exported from '../../../drizzle/db/schema' (imported as 'activitiesTable').

Import trace for requested module:
./app/api/dashboard/route.ts

./app/api/dashboard/route.ts
Attempted import error: 'activitiesTable' is not exported from '../../../drizzle/db/schema' (imported as 'activitiesTable').

Import trace for requested module:
./app/api/dashboard/route.ts

./app/api/dashboard/route.ts
Attempted import error: 'activitiesTable' is not exported from '../../../drizzle/db/schema' (imported as 'activitiesTable').

Import trace for requested module:
./app/api/dashboard/route.ts

./app/api/dashboard/route.ts
Attempted import error: 'activitiesTable' is not exported from '../../../drizzle/db/schema' (imported as 'activitiesTable').

Import trace for requested module:
./app/api/dashboard/route.ts

./app/api/dashboard/route.ts
Attempted import error: 'activitiesTable' is not exported from '../../../drizzle/db/schema' (imported as 'activitiesTable').

Import trace for requested module:
./app/api/dashboard/route.ts

./app/api/dashboard/route.ts
Attempted import error: 'activitiesTable' is not exported from '../../../drizzle/db/schema' (imported as 'activitiesTable').

Import trace for requested module:
./app/api/dashboard/route.ts

./app/api/dashboard/route.ts
Attempted import error: 'activitiesTable' is not exported from '../../../drizzle/db/schema' (imported as 'activitiesTable').

Import trace for requested module:
./app/api/dashboard/route.ts

./app/api/dashboard/route.ts
Attempted import error: 'activitiesTable' is not exported from '../../../drizzle/db/schema' (imported as 'activitiesTable').

Import trace for requested module:
./app/api/dashboard/route.ts

./app/api/dashboard/route.ts
Attempted import error: 'activitiesTable' is not exported from '../../../drizzle/db/schema' (imported as 'activitiesTable').

Import trace for requested module:
./app/api/dashboard/route.ts

./app/api/dashboard/route.ts
Attempted import error: 'activitiesTable' is not exported from '../../../drizzle/db/schema' (imported as 'activitiesTable').

Import trace for requested module:
./app/api/dashboard/route.ts

./app/api/dashboard/route.ts
Attempted import error: 'activitiesTable' is not exported from '../../../drizzle/db/schema' (imported as 'activitiesTable').

Import trace for requested module:
./app/api/dashboard/route.ts

./app/api/dashboard/route.ts
Attempted import error: 'activitiesTable' is not exported from '../../../drizzle/db/schema' (imported as 'activitiesTable').

Import trace for requested module:
./app/api/dashboard/route.ts

./app/api/dashboard/route.ts
Attempted import error: 'activitiesTable' is not exported from '../../../drizzle/db/schema' (imported as 'activitiesTable').

Import trace for requested module:
./app/api/dashboard/route.ts

./app/api/dashboard/route.ts
Attempted import error: 'activitiesTable' is not exported from '../../../drizzle/db/schema' (imported as 'activitiesTable').

Import trace for requested module:
./app/api/dashboard/route.ts

./app/api/dashboard/route.ts
Attempted import error: 'activitiesTable' is not exported from '../../../drizzle/db/schema' (imported as 'activitiesTable').

Import trace for requested module:
./app/api/dashboard/route.ts

./app/api/dashboard/route.ts
Attempted import error: 'activitiesTable' is not exported from '../../../drizzle/db/schema' (imported as 'activitiesTable').

Import trace for requested module:
./app/api/dashboard/route.ts

./app/api/dashboard/route.ts
Attempted import error: 'activitiesTable' is not exported from '../../../drizzle/db/schema' (imported as 'activitiesTable').

Import trace for requested module:
./app/api/dashboard/route.ts

./app/api/dashboard/route.ts
Attempted import error: 'activitiesTable' is not exported from '../../../drizzle/db/schema' (imported as 'activitiesTable').

Import trace for requested module:
./app/api/dashboard/route.ts

./app/api/dashboard/route.ts
Attempted import error: 'resourcesTable' is not exported from '../../../drizzle/db/schema' (imported as 'resourcesTable').

Import trace for requested module:
./app/api/dashboard/route.ts

./app/api/dashboard/route.ts
Attempted import error: 'resourcesTable' is not exported from '../../../drizzle/db/schema' (imported as 'resourcesTable').

Import trace for requested module:
./app/api/dashboard/route.ts

./app/api/dashboard/route.ts
Attempted import error: 'activityResourcesTable' is not exported from '../../../drizzle/db/schema' (imported as 'activityResourcesTable').

Import trace for requested module:
./app/api/dashboard/route.ts

./app/api/dashboard/route.ts
Attempted import error: 'resourcesTable' is not exported from '../../../drizzle/db/schema' (imported as 'resourcesTable').

Import trace for requested module:
./app/api/dashboard/route.ts

./app/api/dashboard/route.ts
Attempted import error: 'activitiesTable' is not exported from '../../../drizzle/db/schema' (imported as 'activitiesTable').

Import trace for requested module:
./app/api/dashboard/route.ts

./app/api/dashboard/route.ts
Attempted import error: 'activityResourcesTable' is not exported from '../../../drizzle/db/schema' (imported as 'activityResourcesTable').

Import trace for requested module:
./app/api/dashboard/route.ts

./app/api/dashboard/route.ts
Attempted import error: 'activityResourcesTable' is not exported from '../../../drizzle/db/schema' (imported as 'activityResourcesTable').

Import trace for requested module:
./app/api/dashboard/route.ts

./app/api/dashboard/route.ts
Attempted import error: 'activitiesTable' is not exported from '../../../drizzle/db/schema' (imported as 'activitiesTable').

Import trace for requested module:
./app/api/dashboard/route.ts

./app/api/dashboard/route.ts
Attempted import error: 'resourcesTable' is not exported from '../../../drizzle/db/schema' (imported as 'resourcesTable').

Import trace for requested module:
./app/api/dashboard/route.ts

./app/api/dashboard/route.ts
Attempted import error: 'resourcesTable' is not exported from '../../../drizzle/db/schema' (imported as 'resourcesTable').

Import trace for requested module:
./app/api/dashboard/route.ts

./app/api/dashboard/route.ts
Attempted import error: 'activityResourcesTable' is not exported from '../../../drizzle/db/schema' (imported as 'activityResourcesTable').

Import trace for requested module:
./app/api/dashboard/route.ts

./app/api/dashboard/route.ts
Attempted import error: 'activitiesTable' is not exported from '../../../drizzle/db/schema' (imported as 'activitiesTable').

Import trace for requested module:
./app/api/dashboard/route.ts

./app/api/dashboard/route.ts
Attempted import error: 'activitiesTable' is not exported from '../../../drizzle/db/schema' (imported as 'activitiesTable').

Import trace for requested module:
./app/api/dashboard/route.ts

./app/api/dashboard/route.ts
Attempted import error: 'activitiesTable' is not exported from '../../../drizzle/db/schema' (imported as 'activitiesTable').

Import trace for requested module:
./app/api/dashboard/route.ts

./app/api/dashboard/route.ts
Attempted import error: 'activitiesTable' is not exported from '../../../drizzle/db/schema' (imported as 'activitiesTable').

Import trace for requested module:
./app/api/dashboard/route.ts

./app/api/dashboard/route.ts
Attempted import error: 'activitiesTable' is not exported from '../../../drizzle/db/schema' (imported as 'activitiesTable').

Import trace for requested module:
./app/api/dashboard/route.ts

./app/api/dashboard/route.ts
Attempted import error: 'activitiesTable' is not exported from '../../../drizzle/db/schema' (imported as 'activitiesTable').

Import trace for requested module:
./app/api/dashboard/route.ts

./app/api/dashboard/route.ts
Attempted import error: 'activitiesTable' is not exported from '../../../drizzle/db/schema' (imported as 'activitiesTable').

Import trace for requested module:
./app/api/dashboard/route.ts

./app/api/schedules/route.ts
Attempted import error: 'activitiesTable' is not exported from '../../../drizzle/db/schema' (imported as 'activitiesTable').

Import trace for requested module:
./app/api/schedules/route.ts

./app/api/schedules/route.ts
Attempted import error: 'activitiesTable' is not exported from '../../../drizzle/db/schema' (imported as 'activitiesTable').

Import trace for requested module:
./app/api/schedules/route.ts

./app/api/schedules/route.ts
Attempted import error: 'activitiesTable' is not exported from '../../../drizzle/db/schema' (imported as 'activitiesTable').

Import trace for requested module:
./app/api/schedules/route.ts
 ⚠ ./app/api/dashboard/route.ts
Attempted import error: 'activitiesTable' is not exported from '../../../drizzle/db/schema' (imported as 'activitiesTable').

Import trace for requested module:
./app/api/dashboard/route.ts

./app/api/dashboard/route.ts
Attempted import error: 'activitiesTable' is not exported from '../../../drizzle/db/schema' (imported as 'activitiesTable').

Import trace for requested module:
./app/api/dashboard/route.ts

./app/api/dashboard/route.ts
Attempted import error: 'activitiesTable' is not exported from '../../../drizzle/db/schema' (imported as 'activitiesTable').

Import trace for requested module:
./app/api/dashboard/route.ts

./app/api/dashboard/route.ts
Attempted import error: 'activitiesTable' is not exported from '../../../drizzle/db/schema' (imported as 'activitiesTable').

Import trace for requested module:
./app/api/dashboard/route.ts

./app/api/dashboard/route.ts
Attempted import error: 'activitiesTable' is not exported from '../../../drizzle/db/schema' (imported as 'activitiesTable').

Import trace for requested module:
./app/api/dashboard/route.ts

./app/api/dashboard/route.ts
Attempted import error: 'activitiesTable' is not exported from '../../../drizzle/db/schema' (imported as 'activitiesTable').

Import trace for requested module:
./app/api/dashboard/route.ts

./app/api/dashboard/route.ts
Attempted import error: 'activitiesTable' is not exported from '../../../drizzle/db/schema' (imported as 'activitiesTable').

Import trace for requested module:
./app/api/dashboard/route.ts

./app/api/dashboard/route.ts
Attempted import error: 'activitiesTable' is not exported from '../../../drizzle/db/schema' (imported as 'activitiesTable').

Import trace for requested module:
./app/api/dashboard/route.ts

./app/api/dashboard/route.ts
Attempted import error: 'activitiesTable' is not exported from '../../../drizzle/db/schema' (imported as 'activitiesTable').

Import trace for requested module:
./app/api/dashboard/route.ts

./app/api/dashboard/route.ts
Attempted import error: 'activitiesTable' is not exported from '../../../drizzle/db/schema' (imported as 'activitiesTable').

Import trace for requested module:
./app/api/dashboard/route.ts

./app/api/dashboard/route.ts
Attempted import error: 'activitiesTable' is not exported from '../../../drizzle/db/schema' (imported as 'activitiesTable').

Import trace for requested module:
./app/api/dashboard/route.ts

./app/api/dashboard/route.ts
Attempted import error: 'activitiesTable' is not exported from '../../../drizzle/db/schema' (imported as 'activitiesTable').

Import trace for requested module:
./app/api/dashboard/route.ts

./app/api/dashboard/route.ts
Attempted import error: 'activitiesTable' is not exported from '../../../drizzle/db/schema' (imported as 'activitiesTable').

Import trace for requested module:
./app/api/dashboard/route.ts

./app/api/dashboard/route.ts
Attempted import error: 'activitiesTable' is not exported from '../../../drizzle/db/schema' (imported as 'activitiesTable').

Import trace for requested module:
./app/api/dashboard/route.ts

./app/api/dashboard/route.ts
Attempted import error: 'activitiesTable' is not exported from '../../../drizzle/db/schema' (imported as 'activitiesTable').

Import trace for requested module:
./app/api/dashboard/route.ts

./app/api/dashboard/route.ts
Attempted import error: 'activitiesTable' is not exported from '../../../drizzle/db/schema' (imported as 'activitiesTable').

Import trace for requested module:
./app/api/dashboard/route.ts

./app/api/dashboard/route.ts
Attempted import error: 'activitiesTable' is not exported from '../../../drizzle/db/schema' (imported as 'activitiesTable').

Import trace for requested module:
./app/api/dashboard/route.ts

./app/api/dashboard/route.ts
Attempted import error: 'activitiesTable' is not exported from '../../../drizzle/db/schema' (imported as 'activitiesTable').

Import trace for requested module:
./app/api/dashboard/route.ts

./app/api/dashboard/route.ts
Attempted import error: 'activitiesTable' is not exported from '../../../drizzle/db/schema' (imported as 'activitiesTable').

Import trace for requested module:
./app/api/dashboard/route.ts

./app/api/dashboard/route.ts
Attempted import error: 'resourcesTable' is not exported from '../../../drizzle/db/schema' (imported as 'resourcesTable').

Import trace for requested module:
./app/api/dashboard/route.ts

./app/api/dashboard/route.ts
Attempted import error: 'resourcesTable' is not exported from '../../../drizzle/db/schema' (imported as 'resourcesTable').

Import trace for requested module:
./app/api/dashboard/route.ts

./app/api/dashboard/route.ts
Attempted import error: 'activityResourcesTable' is not exported from '../../../drizzle/db/schema' (imported as 'activityResourcesTable').

Import trace for requested module:
./app/api/dashboard/route.ts

./app/api/dashboard/route.ts
Attempted import error: 'resourcesTable' is not exported from '../../../drizzle/db/schema' (imported as 'resourcesTable').

Import trace for requested module:
./app/api/dashboard/route.ts

./app/api/dashboard/route.ts
Attempted import error: 'activitiesTable' is not exported from '../../../drizzle/db/schema' (imported as 'activitiesTable').

Import trace for requested module:
./app/api/dashboard/route.ts

./app/api/dashboard/route.ts
Attempted import error: 'activityResourcesTable' is not exported from '../../../drizzle/db/schema' (imported as 'activityResourcesTable').

Import trace for requested module:
./app/api/dashboard/route.ts

./app/api/dashboard/route.ts
Attempted import error: 'activityResourcesTable' is not exported from '../../../drizzle/db/schema' (imported as 'activityResourcesTable').

Import trace for requested module:
./app/api/dashboard/route.ts

./app/api/dashboard/route.ts
Attempted import error: 'activitiesTable' is not exported from '../../../drizzle/db/schema' (imported as 'activitiesTable').

Import trace for requested module:
./app/api/dashboard/route.ts

./app/api/dashboard/route.ts
Attempted import error: 'resourcesTable' is not exported from '../../../drizzle/db/schema' (imported as 'resourcesTable').

Import trace for requested module:
./app/api/dashboard/route.ts

./app/api/dashboard/route.ts
Attempted import error: 'resourcesTable' is not exported from '../../../drizzle/db/schema' (imported as 'resourcesTable').

Import trace for requested module:
./app/api/dashboard/route.ts

./app/api/dashboard/route.ts
Attempted import error: 'activityResourcesTable' is not exported from '../../../drizzle/db/schema' (imported as 'activityResourcesTable').

Import trace for requested module:
./app/api/dashboard/route.ts

./app/api/dashboard/route.ts
Attempted import error: 'activitiesTable' is not exported from '../../../drizzle/db/schema' (imported as 'activitiesTable').

Import trace for requested module:
./app/api/dashboard/route.ts

./app/api/dashboard/route.ts
Attempted import error: 'activitiesTable' is not exported from '../../../drizzle/db/schema' (imported as 'activitiesTable').

Import trace for requested module:
./app/api/dashboard/route.ts

./app/api/dashboard/route.ts
Attempted import error: 'activitiesTable' is not exported from '../../../drizzle/db/schema' (imported as 'activitiesTable').

Import trace for requested module:
./app/api/dashboard/route.ts

./app/api/dashboard/route.ts
Attempted import error: 'activitiesTable' is not exported from '../../../drizzle/db/schema' (imported as 'activitiesTable').

Import trace for requested module:
./app/api/dashboard/route.ts

./app/api/dashboard/route.ts
Attempted import error: 'activitiesTable' is not exported from '../../../drizzle/db/schema' (imported as 'activitiesTable').

Import trace for requested module:
./app/api/dashboard/route.ts

./app/api/dashboard/route.ts
Attempted import error: 'activitiesTable' is not exported from '../../../drizzle/db/schema' (imported as 'activitiesTable').

Import trace for requested module:
./app/api/dashboard/route.ts

./app/api/dashboard/route.ts
Attempted import error: 'activitiesTable' is not exported from '../../../drizzle/db/schema' (imported as 'activitiesTable').

Import trace for requested module:
./app/api/dashboard/route.ts

./app/api/schedules/route.ts
Attempted import error: 'activitiesTable' is not exported from '../../../drizzle/db/schema' (imported as 'activitiesTable').

Import trace for requested module:
./app/api/schedules/route.ts

./app/api/schedules/route.ts
Attempted import error: 'activitiesTable' is not exported from '../../../drizzle/db/schema' (imported as 'activitiesTable').

Import trace for requested module:
./app/api/schedules/route.ts

./app/api/schedules/route.ts
Attempted import error: 'activitiesTable' is not exported from '../../../drizzle/db/schema' (imported as 'activitiesTable').

Import trace for requested module:
./app/api/schedules/route.ts
 OPTIONS /api/notifications 204 in 612ms
 GET /api/notifications 200 in 102ms
 ⚠ ./app/api/dashboard/route.ts
Attempted import error: 'activitiesTable' is not exported from '../../../drizzle/db/schema' (imported as 'activitiesTable').

Import trace for requested module:
./app/api/dashboard/route.ts

./app/api/dashboard/route.ts
Attempted import error: 'activitiesTable' is not exported from '../../../drizzle/db/schema' (imported as 'activitiesTable').

Import trace for requested module:
./app/api/dashboard/route.ts

./app/api/dashboard/route.ts
Attempted import error: 'activitiesTable' is not exported from '../../../drizzle/db/schema' (imported as 'activitiesTable').

Import trace for requested module:
./app/api/dashboard/route.ts

./app/api/dashboard/route.ts
Attempted import error: 'activitiesTable' is not exported from '../../../drizzle/db/schema' (imported as 'activitiesTable').

Import trace for requested module:
./app/api/dashboard/route.ts

./app/api/dashboard/route.ts
Attempted import error: 'activitiesTable' is not exported from '../../../drizzle/db/schema' (imported as 'activitiesTable').

Import trace for requested module:
./app/api/dashboard/route.ts

./app/api/dashboard/route.ts
Attempted import error: 'activitiesTable' is not exported from '../../../drizzle/db/schema' (imported as 'activitiesTable').

Import trace for requested module:
./app/api/dashboard/route.ts

./app/api/dashboard/route.ts
Attempted import error: 'activitiesTable' is not exported from '../../../drizzle/db/schema' (imported as 'activitiesTable').

Import trace for requested module:
./app/api/dashboard/route.ts

./app/api/dashboard/route.ts
Attempted import error: 'activitiesTable' is not exported from '../../../drizzle/db/schema' (imported as 'activitiesTable').

Import trace for requested module:
./app/api/dashboard/route.ts

./app/api/dashboard/route.ts
Attempted import error: 'activitiesTable' is not exported from '../../../drizzle/db/schema' (imported as 'activitiesTable').

Import trace for requested module:
./app/api/dashboard/route.ts

./app/api/dashboard/route.ts
Attempted import error: 'activitiesTable' is not exported from '../../../drizzle/db/schema' (imported as 'activitiesTable').

Import trace for requested module:
./app/api/dashboard/route.ts

./app/api/dashboard/route.ts
Attempted import error: 'activitiesTable' is not exported from '../../../drizzle/db/schema' (imported as 'activitiesTable').

Import trace for requested module:
./app/api/dashboard/route.ts

./app/api/dashboard/route.ts
Attempted import error: 'activitiesTable' is not exported from '../../../drizzle/db/schema' (imported as 'activitiesTable').

Import trace for requested module:
./app/api/dashboard/route.ts

./app/api/dashboard/route.ts
Attempted import error: 'activitiesTable' is not exported from '../../../drizzle/db/schema' (imported as 'activitiesTable').

Import trace for requested module:
./app/api/dashboard/route.ts

./app/api/dashboard/route.ts
Attempted import error: 'activitiesTable' is not exported from '../../../drizzle/db/schema' (imported as 'activitiesTable').

Import trace for requested module:
./app/api/dashboard/route.ts

./app/api/dashboard/route.ts
Attempted import error: 'activitiesTable' is not exported from '../../../drizzle/db/schema' (imported as 'activitiesTable').

Import trace for requested module:
./app/api/dashboard/route.ts

./app/api/dashboard/route.ts
Attempted import error: 'activitiesTable' is not exported from '../../../drizzle/db/schema' (imported as 'activitiesTable').

Import trace for requested module:
./app/api/dashboard/route.ts

./app/api/dashboard/route.ts
Attempted import error: 'activitiesTable' is not exported from '../../../drizzle/db/schema' (imported as 'activitiesTable').

Import trace for requested module:
./app/api/dashboard/route.ts

./app/api/dashboard/route.ts
Attempted import error: 'activitiesTable' is not exported from '../../../drizzle/db/schema' (imported as 'activitiesTable').

Import trace for requested module:
./app/api/dashboard/route.ts

./app/api/dashboard/route.ts
Attempted import error: 'activitiesTable' is not exported from '../../../drizzle/db/schema' (imported as 'activitiesTable').

Import trace for requested module:
./app/api/dashboard/route.ts

./app/api/dashboard/route.ts
Attempted import error: 'resourcesTable' is not exported from '../../../drizzle/db/schema' (imported as 'resourcesTable').

Import trace for requested module:
./app/api/dashboard/route.ts

./app/api/dashboard/route.ts
Attempted import error: 'resourcesTable' is not exported from '../../../drizzle/db/schema' (imported as 'resourcesTable').

Import trace for requested module:
./app/api/dashboard/route.ts

./app/api/dashboard/route.ts
Attempted import error: 'activityResourcesTable' is not exported from '../../../drizzle/db/schema' (imported as 'activityResourcesTable').

Import trace for requested module:
./app/api/dashboard/route.ts

./app/api/dashboard/route.ts
Attempted import error: 'resourcesTable' is not exported from '../../../drizzle/db/schema' (imported as 'resourcesTable').

Import trace for requested module:
./app/api/dashboard/route.ts

./app/api/dashboard/route.ts
Attempted import error: 'activitiesTable' is not exported from '../../../drizzle/db/schema' (imported as 'activitiesTable').

Import trace for requested module:
./app/api/dashboard/route.ts

./app/api/dashboard/route.ts
Attempted import error: 'activityResourcesTable' is not exported from '../../../drizzle/db/schema' (imported as 'activityResourcesTable').

Import trace for requested module:
./app/api/dashboard/route.ts

./app/api/dashboard/route.ts
Attempted import error: 'activityResourcesTable' is not exported from '../../../drizzle/db/schema' (imported as 'activityResourcesTable').

Import trace for requested module:
./app/api/dashboard/route.ts

./app/api/dashboard/route.ts
Attempted import error: 'activitiesTable' is not exported from '../../../drizzle/db/schema' (imported as 'activitiesTable').

Import trace for requested module:
./app/api/dashboard/route.ts

./app/api/dashboard/route.ts
Attempted import error: 'resourcesTable' is not exported from '../../../drizzle/db/schema' (imported as 'resourcesTable').

Import trace for requested module:
./app/api/dashboard/route.ts

./app/api/dashboard/route.ts
Attempted import error: 'resourcesTable' is not exported from '../../../drizzle/db/schema' (imported as 'resourcesTable').

Import trace for requested module:
./app/api/dashboard/route.ts

./app/api/dashboard/route.ts
Attempted import error: 'activityResourcesTable' is not exported from '../../../drizzle/db/schema' (imported as 'activityResourcesTable').

Import trace for requested module:
./app/api/dashboard/route.ts

./app/api/dashboard/route.ts
Attempted import error: 'activitiesTable' is not exported from '../../../drizzle/db/schema' (imported as 'activitiesTable').

Import trace for requested module:
./app/api/dashboard/route.ts

./app/api/dashboard/route.ts
Attempted import error: 'activitiesTable' is not exported from '../../../drizzle/db/schema' (imported as 'activitiesTable').

Import trace for requested module:
./app/api/dashboard/route.ts

./app/api/dashboard/route.ts
Attempted import error: 'activitiesTable' is not exported from '../../../drizzle/db/schema' (imported as 'activitiesTable').

Import trace for requested module:
./app/api/dashboard/route.ts

./app/api/dashboard/route.ts
Attempted import error: 'activitiesTable' is not exported from '../../../drizzle/db/schema' (imported as 'activitiesTable').

Import trace for requested module:
./app/api/dashboard/route.ts

./app/api/dashboard/route.ts
Attempted import error: 'activitiesTable' is not exported from '../../../drizzle/db/schema' (imported as 'activitiesTable').

Import trace for requested module:
./app/api/dashboard/route.ts

./app/api/dashboard/route.ts
Attempted import error: 'activitiesTable' is not exported from '../../../drizzle/db/schema' (imported as 'activitiesTable').

Import trace for requested module:
./app/api/dashboard/route.ts

./app/api/dashboard/route.ts
Attempted import error: 'activitiesTable' is not exported from '../../../drizzle/db/schema' (imported as 'activitiesTable').

Import trace for requested module:
./app/api/dashboard/route.ts

./app/api/schedules/route.ts
Attempted import error: 'activitiesTable' is not exported from '../../../drizzle/db/schema' (imported as 'activitiesTable').

Import trace for requested module:
./app/api/schedules/route.ts

./app/api/schedules/route.ts
Attempted import error: 'activitiesTable' is not exported from '../../../drizzle/db/schema' (imported as 'activitiesTable').

Import trace for requested module:
./app/api/schedules/route.ts

./app/api/schedules/route.ts
Attempted import error: 'activitiesTable' is not exported from '../../../drizzle/db/schema' (imported as 'activitiesTable').

Import trace for requested module:
./app/api/schedules/route.ts
 ⚠ ./app/api/dashboard/route.ts
Attempted import error: 'activitiesTable' is not exported from '../../../drizzle/db/schema' (imported as 'activitiesTable').

Import trace for requested module:
./app/api/dashboard/route.ts

./app/api/dashboard/route.ts
Attempted import error: 'activitiesTable' is not exported from '../../../drizzle/db/schema' (imported as 'activitiesTable').

Import trace for requested module:
./app/api/dashboard/route.ts

./app/api/dashboard/route.ts
Attempted import error: 'activitiesTable' is not exported from '../../../drizzle/db/schema' (imported as 'activitiesTable').

Import trace for requested module:
./app/api/dashboard/route.ts

./app/api/dashboard/route.ts
Attempted import error: 'activitiesTable' is not exported from '../../../drizzle/db/schema' (imported as 'activitiesTable').

Import trace for requested module:
./app/api/dashboard/route.ts

./app/api/dashboard/route.ts
Attempted import error: 'activitiesTable' is not exported from '../../../drizzle/db/schema' (imported as 'activitiesTable').

Import trace for requested module:
./app/api/dashboard/route.ts

./app/api/dashboard/route.ts
Attempted import error: 'activitiesTable' is not exported from '../../../drizzle/db/schema' (imported as 'activitiesTable').

Import trace for requested module:
./app/api/dashboard/route.ts

./app/api/dashboard/route.ts
Attempted import error: 'activitiesTable' is not exported from '../../../drizzle/db/schema' (imported as 'activitiesTable').

Import trace for requested module:
./app/api/dashboard/route.ts

./app/api/dashboard/route.ts
Attempted import error: 'activitiesTable' is not exported from '../../../drizzle/db/schema' (imported as 'activitiesTable').

Import trace for requested module:
./app/api/dashboard/route.ts

./app/api/dashboard/route.ts
Attempted import error: 'activitiesTable' is not exported from '../../../drizzle/db/schema' (imported as 'activitiesTable').

Import trace for requested module:
./app/api/dashboard/route.ts

./app/api/dashboard/route.ts
Attempted import error: 'activitiesTable' is not exported from '../../../drizzle/db/schema' (imported as 'activitiesTable').

Import trace for requested module:
./app/api/dashboard/route.ts

./app/api/dashboard/route.ts
Attempted import error: 'activitiesTable' is not exported from '../../../drizzle/db/schema' (imported as 'activitiesTable').

Import trace for requested module:
./app/api/dashboard/route.ts

./app/api/dashboard/route.ts
Attempted import error: 'activitiesTable' is not exported from '../../../drizzle/db/schema' (imported as 'activitiesTable').

Import trace for requested module:
./app/api/dashboard/route.ts

./app/api/dashboard/route.ts
Attempted import error: 'activitiesTable' is not exported from '../../../drizzle/db/schema' (imported as 'activitiesTable').

Import trace for requested module:
./app/api/dashboard/route.ts

./app/api/dashboard/route.ts
Attempted import error: 'activitiesTable' is not exported from '../../../drizzle/db/schema' (imported as 'activitiesTable').

Import trace for requested module:
./app/api/dashboard/route.ts

./app/api/dashboard/route.ts
Attempted import error: 'activitiesTable' is not exported from '../../../drizzle/db/schema' (imported as 'activitiesTable').

Import trace for requested module:
./app/api/dashboard/route.ts

./app/api/dashboard/route.ts
Attempted import error: 'activitiesTable' is not exported from '../../../drizzle/db/schema' (imported as 'activitiesTable').

Import trace for requested module:
./app/api/dashboard/route.ts

./app/api/dashboard/route.ts
Attempted import error: 'activitiesTable' is not exported from '../../../drizzle/db/schema' (imported as 'activitiesTable').

Import trace for requested module:
./app/api/dashboard/route.ts

./app/api/dashboard/route.ts
Attempted import error: 'activitiesTable' is not exported from '../../../drizzle/db/schema' (imported as 'activitiesTable').

Import trace for requested module:
./app/api/dashboard/route.ts

./app/api/dashboard/route.ts
Attempted import error: 'activitiesTable' is not exported from '../../../drizzle/db/schema' (imported as 'activitiesTable').

Import trace for requested module:
./app/api/dashboard/route.ts

./app/api/dashboard/route.ts
Attempted import error: 'resourcesTable' is not exported from '../../../drizzle/db/schema' (imported as 'resourcesTable').

Import trace for requested module:
./app/api/dashboard/route.ts

./app/api/dashboard/route.ts
Attempted import error: 'resourcesTable' is not exported from '../../../drizzle/db/schema' (imported as 'resourcesTable').

Import trace for requested module:
./app/api/dashboard/route.ts

./app/api/dashboard/route.ts
Attempted import error: 'activityResourcesTable' is not exported from '../../../drizzle/db/schema' (imported as 'activityResourcesTable').

Import trace for requested module:
./app/api/dashboard/route.ts

./app/api/dashboard/route.ts
Attempted import error: 'resourcesTable' is not exported from '../../../drizzle/db/schema' (imported as 'resourcesTable').

Import trace for requested module:
./app/api/dashboard/route.ts

./app/api/dashboard/route.ts
Attempted import error: 'activitiesTable' is not exported from '../../../drizzle/db/schema' (imported as 'activitiesTable').

Import trace for requested module:
./app/api/dashboard/route.ts

./app/api/dashboard/route.ts
Attempted import error: 'activityResourcesTable' is not exported from '../../../drizzle/db/schema' (imported as 'activityResourcesTable').

Import trace for requested module:
./app/api/dashboard/route.ts

./app/api/dashboard/route.ts
Attempted import error: 'activityResourcesTable' is not exported from '../../../drizzle/db/schema' (imported as 'activityResourcesTable').

Import trace for requested module:
./app/api/dashboard/route.ts

./app/api/dashboard/route.ts
Attempted import error: 'activitiesTable' is not exported from '../../../drizzle/db/schema' (imported as 'activitiesTable').

Import trace for requested module:
./app/api/dashboard/route.ts

./app/api/dashboard/route.ts
Attempted import error: 'resourcesTable' is not exported from '../../../drizzle/db/schema' (imported as 'resourcesTable').

Import trace for requested module:
./app/api/dashboard/route.ts

./app/api/dashboard/route.ts
Attempted import error: 'resourcesTable' is not exported from '../../../drizzle/db/schema' (imported as 'resourcesTable').

Import trace for requested module:
./app/api/dashboard/route.ts

./app/api/dashboard/route.ts
Attempted import error: 'activityResourcesTable' is not exported from '../../../drizzle/db/schema' (imported as 'activityResourcesTable').

Import trace for requested module:
./app/api/dashboard/route.ts

./app/api/dashboard/route.ts
Attempted import error: 'activitiesTable' is not exported from '../../../drizzle/db/schema' (imported as 'activitiesTable').

Import trace for requested module:
./app/api/dashboard/route.ts

./app/api/dashboard/route.ts
Attempted import error: 'activitiesTable' is not exported from '../../../drizzle/db/schema' (imported as 'activitiesTable').

Import trace for requested module:
./app/api/dashboard/route.ts

./app/api/dashboard/route.ts
Attempted import error: 'activitiesTable' is not exported from '../../../drizzle/db/schema' (imported as 'activitiesTable').

Import trace for requested module:
./app/api/dashboard/route.ts

./app/api/dashboard/route.ts
Attempted import error: 'activitiesTable' is not exported from '../../../drizzle/db/schema' (imported as 'activitiesTable').

Import trace for requested module:
./app/api/dashboard/route.ts

./app/api/dashboard/route.ts
Attempted import error: 'activitiesTable' is not exported from '../../../drizzle/db/schema' (imported as 'activitiesTable').

Import trace for requested module:
./app/api/dashboard/route.ts

./app/api/dashboard/route.ts
Attempted import error: 'activitiesTable' is not exported from '../../../drizzle/db/schema' (imported as 'activitiesTable').

Import trace for requested module:
./app/api/dashboard/route.ts

./app/api/dashboard/route.ts
Attempted import error: 'activitiesTable' is not exported from '../../../drizzle/db/schema' (imported as 'activitiesTable').

Import trace for requested module:
./app/api/dashboard/route.ts

./app/api/performance/route.ts
Attempted import error: 'activitiesTable' is not exported from '../../../drizzle/db/schema' (imported as 'activitiesTable').

Import trace for requested module:
./app/api/performance/route.ts

./app/api/performance/route.ts
Attempted import error: 'activitiesTable' is not exported from '../../../drizzle/db/schema' (imported as 'activitiesTable').

Import trace for requested module:
./app/api/performance/route.ts

./app/api/performance/route.ts
Attempted import error: 'activitiesTable' is not exported from '../../../drizzle/db/schema' (imported as 'activitiesTable').

Import trace for requested module:
./app/api/performance/route.ts

./app/api/performance/route.ts
Attempted import error: 'activitiesTable' is not exported from '../../../drizzle/db/schema' (imported as 'activitiesTable').

Import trace for requested module:
./app/api/performance/route.ts

./app/api/performance/route.ts
Attempted import error: 'activitiesTable' is not exported from '../../../drizzle/db/schema' (imported as 'activitiesTable').

Import trace for requested module:
./app/api/performance/route.ts

./app/api/performance/route.ts
Attempted import error: 'activitiesTable' is not exported from '../../../drizzle/db/schema' (imported as 'activitiesTable').

Import trace for requested module:
./app/api/performance/route.ts

./app/api/schedules/route.ts
Attempted import error: 'activitiesTable' is not exported from '../../../drizzle/db/schema' (imported as 'activitiesTable').

Import trace for requested module:
./app/api/schedules/route.ts

./app/api/schedules/route.ts
Attempted import error: 'activitiesTable' is not exported from '../../../drizzle/db/schema' (imported as 'activitiesTable').

Import trace for requested module:
./app/api/schedules/route.ts

./app/api/schedules/route.ts
Attempted import error: 'activitiesTable' is not exported from '../../../drizzle/db/schema' (imported as 'activitiesTable').

Import trace for requested module:
./app/api/schedules/route.ts
 OPTIONS /api/performance 204 in 618ms
Error fetching performance data: TypeError: Cannot read properties of undefined (reading 'description')
    at activitiesTable (webpack:///app/api/performance/route.ts?151c:48:30)
    at run (file:///C:/Users/Administrator/Documents/Github/dashboard-diary/node_modules/.pnpm/next@15.0.2_@babel+core@7.2_6bb6baa81f2b198c05a89ed44e2ef849/node_modules/next/dist/compiled/next-server/dist/src/server/route-modules/app-route/module.ts:525:41)
    at handler (file:///C:/Users/Administrator/Documents/Github/dashboard-diary/node_modules/.pnpm/next@15.0.2_@babel+core@7.2_6bb6baa81f2b198c05a89ed44e2ef849/node_modules/next/dist/compiled/next-server/dist/src/server/route-modules/app-route/module.ts:722:20)
    at fn (file:///C:/Users/Administrator/Documents/Github/dashboard-diary/node_modules/.pnpm/next@15.0.2_@babel+core@7.2_6bb6baa81f2b198c05a89ed44e2ef849/node_modules/next/src/server/lib/trace/tracer.ts:351:27)
    at NoopContextManager.with (C:\Users\Administrator\Documents\Github\dashboard-diary\node_modules\.pnpm\next@15.0.2_@babel+core@7.2_6bb6baa81f2b198c05a89ed44e2ef849\node_modules\next\dist\compiled\@opentelemetry\api\index.js:1:7062)
    at ContextAPI.with (C:\Users\Administrator\Documents\Github\dashboard-diary\node_modules\.pnpm\next@15.0.2_@babel+core@7.2_6bb6baa81f2b198c05a89ed44e2ef849\node_modules\next\dist\compiled\@opentelemetry\api\index.js:1:518)
    at NoopTracer.startActiveSpan (C:\Users\Administrator\Documents\Github\dashboard-diary\node_modules\.pnpm\next@15.0.2_@babel+core@7.2_6bb6baa81f2b198c05a89ed44e2ef849\node_modules\next\dist\compiled\@opentelemetry\api\index.js:1:18093)
    at ProxyTracer.startActiveSpan (C:\Users\Administrator\Documents\Github\dashboard-diary\node_modules\.pnpm\next@15.0.2_@babel+core@7.2_6bb6baa81f2b198c05a89ed44e2ef849\node_modules\next\dist\compiled\@opentelemetry\api\index.js:1:18854)
    at startActiveSpan (file:///C:/Users/Administrator/Documents/Github/dashboard-diary/node_modules/.pnpm/next@15.0.2_@babel+core@7.2_6bb6baa81f2b198c05a89ed44e2ef849/node_modules/next/src/server/lib/trace/tracer.ts:304:31)
    at NoopContextManager.with (C:\Users\Administrator\Documents\Github\dashboard-diary\node_modules\.pnpm\next@15.0.2_@babel+core@7.2_6bb6baa81f2b198c05a89ed44e2ef849\node_modules\next\dist\compiled\@opentelemetry\api\index.js:1:7062)
    at ContextAPI.with (C:\Users\Administrator\Documents\Github\dashboard-diary\node_modules\.pnpm\next@15.0.2_@babel+core@7.2_6bb6baa81f2b198c05a89ed44e2ef849\node_modules\next\dist\compiled\@opentelemetry\api\index.js:1:518)
    at spanContext (file:///C:/Users/Administrator/Documents/Github/dashboard-diary/node_modules/.pnpm/next@15.0.2_@babel+core@7.2_6bb6baa81f2b198c05a89ed44e2ef849/node_modules/next/src/server/lib/trace/tracer.ts:303:24)
    at trace (file:///C:/Users/Administrator/Documents/Github/dashboard-diary/node_modules/.pnpm/next@15.0.2_@babel+core@7.2_6bb6baa81f2b198c05a89ed44e2ef849/node_modules/next/dist/compiled/next-server/dist/src/server/route-modules/app-route/module.ts:712:28)
    at run (file:///C:/Users/Administrator/Documents/Github/dashboard-diary/node_modules/.pnpm/next@15.0.2_@babel+core@7.2_6bb6baa81f2b198c05a89ed44e2ef849/node_modules/next/dist/compiled/next-server/dist/src/server/async-storage/with-work-store.ts:133:17)
    at withWorkStore (file:///C:/Users/Administrator/Documents/Github/dashboard-diary/node_modules/.pnpm/next@15.0.2_@babel+core@7.2_6bb6baa81f2b198c05a89ed44e2ef849/node_modules/next/dist/compiled/next-server/dist/src/server/route-modules/app-route/module.ts:656:10)
    at run (file:///C:/Users/Administrator/Documents/Github/dashboard-diary/node_modules/.pnpm/next@15.0.2_@babel+core@7.2_6bb6baa81f2b198c05a89ed44e2ef849/node_modules/next/dist/compiled/next-server/dist/src/server/route-modules/app-route/module.ts:655:34)
    at run (file:///C:/Users/Administrator/Documents/Github/dashboard-diary/node_modules/.pnpm/next@15.0.2_@babel+core@7.2_6bb6baa81f2b198c05a89ed44e2ef849/node_modules/next/dist/compiled/next-server/dist/src/server/route-modules/app-route/module.ts:652:60)
    at handle (file:///C:/Users/Administrator/Documents/Github/dashboard-diary/node_modules/.pnpm/next@15.0.2_@babel+core@7.2_6bb6baa81f2b198c05a89ed44e2ef849/node_modules/next/src/server/base-server.ts:2570:47)
    at doRender (file:///C:/Users/Administrator/Documents/Github/dashboard-diary/node_modules/.pnpm/next@15.0.2_@babel+core@7.2_6bb6baa81f2b198c05a89ed44e2ef849/node_modules/next/src/server/base-server.ts:3066:27)
    at responseGenerator (file:///C:/Users/Administrator/Documents/Github/dashboard-diary/node_modules/.pnpm/next@15.0.2_@babel+core@7.2_6bb6baa81f2b198c05a89ed44e2ef849/node_modules/next/src/server/response-cache/index.ts:67:13)
    at get (file:///C:/Users/Administrator/Documents/Github/dashboard-diary/node_modules/.pnpm/next@15.0.2_@babel+core@7.2_6bb6baa81f2b198c05a89ed44e2ef849/node_modules/next/src/server/base-server.ts:3121:48)
    at renderToResponseWithComponentsImpl (file:///C:/Users/Administrator/Documents/Github/dashboard-diary/node_modules/.pnpm/next@15.0.2_@babel+core@7.2_6bb6baa81f2b198c05a89ed44e2ef849/node_modules/next/src/server/base-server.ts:1917:13)
    at fn (file:///C:/Users/Administrator/Documents/Github/dashboard-diary/node_modules/.pnpm/next@15.0.2_@babel+core@7.2_6bb6baa81f2b198c05a89ed44e2ef849/node_modules/next/src/server/lib/trace/tracer.ts:279:13)
    at trace (file:///C:/Users/Administrator/Documents/Github/dashboard-diary/node_modules/.pnpm/next@15.0.2_@babel+core@7.2_6bb6baa81f2b198c05a89ed44e2ef849/node_modules/next/src/server/base-server.ts:1914:23)
    at renderToResponseWithComponents (file:///C:/Users/Administrator/Documents/Github/dashboard-diary/node_modules/.pnpm/next@15.0.2_@babel+core@7.2_6bb6baa81f2b198c05a89ed44e2ef849/node_modules/next/src/server/base-server.ts:3676:26)
    at async DevServer.renderToResponseImpl (file:///C:/Users/Administrator/Documents/Github/dashboard-diary/node_modules/.pnpm/next@15.0.2_@babel+core@7.2_6bb6baa81f2b198c05a89ed44e2ef849/node_modules/next/src/server/base-server.ts:3738:23)
    at async DevServer.pipeImpl (file:///C:/Users/Administrator/Documents/Github/dashboard-diary/node_modules/.pnpm/next@15.0.2_@babel+core@7.2_6bb6baa81f2b198c05a89ed44e2ef849/node_modules/next/src/server/base-server.ts:1738:20)
    at async NextNodeServer.handleCatchallRenderRequest (file:///C:/Users/Administrator/Documents/Github/dashboard-diary/node_modules/.pnpm/next@15.0.2_@babel+core@7.2_6bb6baa81f2b198c05a89ed44e2ef849/node_modules/next/src/server/next-server.ts:1032:6)
    at async DevServer.handleRequestImpl (file:///C:/Users/Administrator/Documents/Github/dashboard-diary/node_modules/.pnpm/next@15.0.2_@babel+core@7.2_6bb6baa81f2b198c05a89ed44e2ef849/node_modules/next/src/server/base-server.ts:1498:8)
    at async (file:///C:/Users/Administrator/Documents/Github/dashboard-diary/node_modules/.pnpm/next@15.0.2_@babel+core@7.2_6bb6baa81f2b198c05a89ed44e2ef849/node_modules/next/src/server/dev/next-dev-server.ts:514:13)
    at async Span.traceAsyncFn (file:///C:/Users/Administrator/Documents/Github/dashboard-diary/node_modules/.pnpm/next@15.0.2_@babel+core@7.2_6bb6baa81f2b198c05a89ed44e2ef849/node_modules/next/src/trace/trace.ts:143:13)
    at async DevServer.handleRequest (file:///C:/Users/Administrator/Documents/Github/dashboard-diary/node_modules/.pnpm/next@15.0.2_@babel+core@7.2_6bb6baa81f2b198c05a89ed44e2ef849/node_modules/next/src/server/dev/next-dev-server.ts:512:19)
    at async invokeRender (file:///C:/Users/Administrator/Documents/Github/dashboard-diary/node_modules/.pnpm/next@15.0.2_@babel+core@7.2_6bb6baa81f2b198c05a89ed44e2ef849/node_modules/next/src/server/lib/router-server.ts:284:10)
    at async handleRequest (file:///C:/Users/Administrator/Documents/Github/dashboard-diary/node_modules/.pnpm/next@15.0.2_@babel+core@7.2_6bb6baa81f2b198c05a89ed44e2ef849/node_modules/next/src/server/lib/router-server.ts:530:15)
    at async requestHandlerImpl (file:///C:/Users/Administrator/Documents/Github/dashboard-diary/node_modules/.pnpm/next@15.0.2_@babel+core@7.2_6bb6baa81f2b198c05a89ed44e2ef849/node_modules/next/src/server/lib/router-server.ts:576:6)
    at async Server.requestListener (file:///C:/Users/Administrator/Documents/Github/dashboard-diary/node_modules/.pnpm/next@15.0.2_@babel+core@7.2_6bb6baa81f2b198c05a89ed44e2ef849/node_modules/next/src/server/lib/start-server.ts:146:6)
  46 |                     branch_name: branchesTable.name,
  47 |                     role: usersTable.role,
> 48 |                     activity: activitiesTable.description,
     |                              ^
  49 |                     status: performanceTable.status,
  50 |                     updatedAt: performanceTable.updatedAt,
  51 |                 })
 GET /api/performance 500 in 108ms
 ⚠ ./app/api/dashboard/route.ts
Attempted import error: 'activitiesTable' is not exported from '../../../drizzle/db/schema' (imported as 'activitiesTable').

Import trace for requested module:
./app/api/dashboard/route.ts

./app/api/dashboard/route.ts
Attempted import error: 'activitiesTable' is not exported from '../../../drizzle/db/schema' (imported as 'activitiesTable').

Import trace for requested module:
./app/api/dashboard/route.ts

./app/api/dashboard/route.ts
Attempted import error: 'activitiesTable' is not exported from '../../../drizzle/db/schema' (imported as 'activitiesTable').

Import trace for requested module:
./app/api/dashboard/route.ts

./app/api/dashboard/route.ts
Attempted import error: 'activitiesTable' is not exported from '../../../drizzle/db/schema' (imported as 'activitiesTable').

Import trace for requested module:
./app/api/dashboard/route.ts

./app/api/dashboard/route.ts
Attempted import error: 'activitiesTable' is not exported from '../../../drizzle/db/schema' (imported as 'activitiesTable').

Import trace for requested module:
./app/api/dashboard/route.ts

./app/api/dashboard/route.ts
Attempted import error: 'activitiesTable' is not exported from '../../../drizzle/db/schema' (imported as 'activitiesTable').

Import trace for requested module:
./app/api/dashboard/route.ts

./app/api/dashboard/route.ts
Attempted import error: 'activitiesTable' is not exported from '../../../drizzle/db/schema' (imported as 'activitiesTable').

Import trace for requested module:
./app/api/dashboard/route.ts

./app/api/dashboard/route.ts
Attempted import error: 'activitiesTable' is not exported from '../../../drizzle/db/schema' (imported as 'activitiesTable').

Import trace for requested module:
./app/api/dashboard/route.ts

./app/api/dashboard/route.ts
Attempted import error: 'activitiesTable' is not exported from '../../../drizzle/db/schema' (imported as 'activitiesTable').

Import trace for requested module:
./app/api/dashboard/route.ts

./app/api/dashboard/route.ts
Attempted import error: 'activitiesTable' is not exported from '../../../drizzle/db/schema' (imported as 'activitiesTable').

Import trace for requested module:
./app/api/dashboard/route.ts

./app/api/dashboard/route.ts
Attempted import error: 'activitiesTable' is not exported from '../../../drizzle/db/schema' (imported as 'activitiesTable').

Import trace for requested module:
./app/api/dashboard/route.ts

./app/api/dashboard/route.ts
Attempted import error: 'activitiesTable' is not exported from '../../../drizzle/db/schema' (imported as 'activitiesTable').

Import trace for requested module:
./app/api/dashboard/route.ts

./app/api/dashboard/route.ts
Attempted import error: 'activitiesTable' is not exported from '../../../drizzle/db/schema' (imported as 'activitiesTable').

Import trace for requested module:
./app/api/dashboard/route.ts

./app/api/dashboard/route.ts
Attempted import error: 'activitiesTable' is not exported from '../../../drizzle/db/schema' (imported as 'activitiesTable').

Import trace for requested module:
./app/api/dashboard/route.ts

./app/api/dashboard/route.ts
Attempted import error: 'activitiesTable' is not exported from '../../../drizzle/db/schema' (imported as 'activitiesTable').

Import trace for requested module:
./app/api/dashboard/route.ts

./app/api/dashboard/route.ts
Attempted import error: 'activitiesTable' is not exported from '../../../drizzle/db/schema' (imported as 'activitiesTable').

Import trace for requested module:
./app/api/dashboard/route.ts

./app/api/dashboard/route.ts
Attempted import error: 'activitiesTable' is not exported from '../../../drizzle/db/schema' (imported as 'activitiesTable').

Import trace for requested module:
./app/api/dashboard/route.ts

./app/api/dashboard/route.ts
Attempted import error: 'activitiesTable' is not exported from '../../../drizzle/db/schema' (imported as 'activitiesTable').

Import trace for requested module:
./app/api/dashboard/route.ts

./app/api/dashboard/route.ts
Attempted import error: 'activitiesTable' is not exported from '../../../drizzle/db/schema' (imported as 'activitiesTable').

Import trace for requested module:
./app/api/dashboard/route.ts

./app/api/dashboard/route.ts
Attempted import error: 'resourcesTable' is not exported from '../../../drizzle/db/schema' (imported as 'resourcesTable').

Import trace for requested module:
./app/api/dashboard/route.ts

./app/api/dashboard/route.ts
Attempted import error: 'resourcesTable' is not exported from '../../../drizzle/db/schema' (imported as 'resourcesTable').

Import trace for requested module:
./app/api/dashboard/route.ts

./app/api/dashboard/route.ts
Attempted import error: 'activityResourcesTable' is not exported from '../../../drizzle/db/schema' (imported as 'activityResourcesTable').

Import trace for requested module:
./app/api/dashboard/route.ts

./app/api/dashboard/route.ts
Attempted import error: 'resourcesTable' is not exported from '../../../drizzle/db/schema' (imported as 'resourcesTable').

Import trace for requested module:
./app/api/dashboard/route.ts

./app/api/dashboard/route.ts
Attempted import error: 'activitiesTable' is not exported from '../../../drizzle/db/schema' (imported as 'activitiesTable').

Import trace for requested module:
./app/api/dashboard/route.ts

./app/api/dashboard/route.ts
Attempted import error: 'activityResourcesTable' is not exported from '../../../drizzle/db/schema' (imported as 'activityResourcesTable').

Import trace for requested module:
./app/api/dashboard/route.ts

./app/api/dashboard/route.ts
Attempted import error: 'activityResourcesTable' is not exported from '../../../drizzle/db/schema' (imported as 'activityResourcesTable').

Import trace for requested module:
./app/api/dashboard/route.ts

./app/api/dashboard/route.ts
Attempted import error: 'activitiesTable' is not exported from '../../../drizzle/db/schema' (imported as 'activitiesTable').

Import trace for requested module:
./app/api/dashboard/route.ts

./app/api/dashboard/route.ts
Attempted import error: 'resourcesTable' is not exported from '../../../drizzle/db/schema' (imported as 'resourcesTable').

Import trace for requested module:
./app/api/dashboard/route.ts

./app/api/dashboard/route.ts
Attempted import error: 'resourcesTable' is not exported from '../../../drizzle/db/schema' (imported as 'resourcesTable').

Import trace for requested module:
./app/api/dashboard/route.ts

./app/api/dashboard/route.ts
Attempted import error: 'activityResourcesTable' is not exported from '../../../drizzle/db/schema' (imported as 'activityResourcesTable').

Import trace for requested module:
./app/api/dashboard/route.ts

./app/api/dashboard/route.ts
Attempted import error: 'activitiesTable' is not exported from '../../../drizzle/db/schema' (imported as 'activitiesTable').

Import trace for requested module:
./app/api/dashboard/route.ts

./app/api/dashboard/route.ts
Attempted import error: 'activitiesTable' is not exported from '../../../drizzle/db/schema' (imported as 'activitiesTable').

Import trace for requested module:
./app/api/dashboard/route.ts

./app/api/dashboard/route.ts
Attempted import error: 'activitiesTable' is not exported from '../../../drizzle/db/schema' (imported as 'activitiesTable').

Import trace for requested module:
./app/api/dashboard/route.ts

./app/api/dashboard/route.ts
Attempted import error: 'activitiesTable' is not exported from '../../../drizzle/db/schema' (imported as 'activitiesTable').

Import trace for requested module:
./app/api/dashboard/route.ts

./app/api/dashboard/route.ts
Attempted import error: 'activitiesTable' is not exported from '../../../drizzle/db/schema' (imported as 'activitiesTable').

Import trace for requested module:
./app/api/dashboard/route.ts

./app/api/dashboard/route.ts
Attempted import error: 'activitiesTable' is not exported from '../../../drizzle/db/schema' (imported as 'activitiesTable').

Import trace for requested module:
./app/api/dashboard/route.ts

./app/api/dashboard/route.ts
Attempted import error: 'activitiesTable' is not exported from '../../../drizzle/db/schema' (imported as 'activitiesTable').

Import trace for requested module:
./app/api/dashboard/route.ts

./app/api/performance/route.ts
Attempted import error: 'activitiesTable' is not exported from '../../../drizzle/db/schema' (imported as 'activitiesTable').

Import trace for requested module:
./app/api/performance/route.ts

./app/api/performance/route.ts
Attempted import error: 'activitiesTable' is not exported from '../../../drizzle/db/schema' (imported as 'activitiesTable').

Import trace for requested module:
./app/api/performance/route.ts

./app/api/performance/route.ts
Attempted import error: 'activitiesTable' is not exported from '../../../drizzle/db/schema' (imported as 'activitiesTable').

Import trace for requested module:
./app/api/performance/route.ts

./app/api/performance/route.ts
Attempted import error: 'activitiesTable' is not exported from '../../../drizzle/db/schema' (imported as 'activitiesTable').

Import trace for requested module:
./app/api/performance/route.ts

./app/api/performance/route.ts
Attempted import error: 'activitiesTable' is not exported from '../../../drizzle/db/schema' (imported as 'activitiesTable').

Import trace for requested module:
./app/api/performance/route.ts

./app/api/performance/route.ts
Attempted import error: 'activitiesTable' is not exported from '../../../drizzle/db/schema' (imported as 'activitiesTable').

Import trace for requested module:
./app/api/performance/route.ts

./app/api/schedules/route.ts
Attempted import error: 'activitiesTable' is not exported from '../../../drizzle/db/schema' (imported as 'activitiesTable').

Import trace for requested module:
./app/api/schedules/route.ts

./app/api/schedules/route.ts
Attempted import error: 'activitiesTable' is not exported from '../../../drizzle/db/schema' (imported as 'activitiesTable').

Import trace for requested module:
./app/api/schedules/route.ts

./app/api/schedules/route.ts
Attempted import error: 'activitiesTable' is not exported from '../../../drizzle/db/schema' (imported as 'activitiesTable').

Import trace for requested module:
./app/api/schedules/route.ts
 ⚠ ./app/api/dashboard/route.ts
Attempted import error: 'activitiesTable' is not exported from '../../../drizzle/db/schema' (imported as 'activitiesTable').

Import trace for requested module:
./app/api/dashboard/route.ts

./app/api/dashboard/route.ts
Attempted import error: 'activitiesTable' is not exported from '../../../drizzle/db/schema' (imported as 'activitiesTable').

Import trace for requested module:
./app/api/dashboard/route.ts

./app/api/dashboard/route.ts
Attempted import error: 'activitiesTable' is not exported from '../../../drizzle/db/schema' (imported as 'activitiesTable').

Import trace for requested module:
./app/api/dashboard/route.ts

./app/api/dashboard/route.ts
Attempted import error: 'activitiesTable' is not exported from '../../../drizzle/db/schema' (imported as 'activitiesTable').

Import trace for requested module:
./app/api/dashboard/route.ts

./app/api/dashboard/route.ts
Attempted import error: 'activitiesTable' is not exported from '../../../drizzle/db/schema' (imported as 'activitiesTable').

Import trace for requested module:
./app/api/dashboard/route.ts

./app/api/dashboard/route.ts
Attempted import error: 'activitiesTable' is not exported from '../../../drizzle/db/schema' (imported as 'activitiesTable').

Import trace for requested module:
./app/api/dashboard/route.ts

./app/api/dashboard/route.ts
Attempted import error: 'activitiesTable' is not exported from '../../../drizzle/db/schema' (imported as 'activitiesTable').

Import trace for requested module:
./app/api/dashboard/route.ts

./app/api/dashboard/route.ts
Attempted import error: 'activitiesTable' is not exported from '../../../drizzle/db/schema' (imported as 'activitiesTable').

Import trace for requested module:
./app/api/dashboard/route.ts

./app/api/dashboard/route.ts
Attempted import error: 'activitiesTable' is not exported from '../../../drizzle/db/schema' (imported as 'activitiesTable').

Import trace for requested module:
./app/api/dashboard/route.ts

./app/api/dashboard/route.ts
Attempted import error: 'activitiesTable' is not exported from '../../../drizzle/db/schema' (imported as 'activitiesTable').

Import trace for requested module:
./app/api/dashboard/route.ts

./app/api/dashboard/route.ts
Attempted import error: 'activitiesTable' is not exported from '../../../drizzle/db/schema' (imported as 'activitiesTable').

Import trace for requested module:
./app/api/dashboard/route.ts

./app/api/dashboard/route.ts
Attempted import error: 'activitiesTable' is not exported from '../../../drizzle/db/schema' (imported as 'activitiesTable').

Import trace for requested module:
./app/api/dashboard/route.ts

./app/api/dashboard/route.ts
Attempted import error: 'activitiesTable' is not exported from '../../../drizzle/db/schema' (imported as 'activitiesTable').

Import trace for requested module:
./app/api/dashboard/route.ts

./app/api/dashboard/route.ts
Attempted import error: 'activitiesTable' is not exported from '../../../drizzle/db/schema' (imported as 'activitiesTable').

Import trace for requested module:
./app/api/dashboard/route.ts

./app/api/dashboard/route.ts
Attempted import error: 'activitiesTable' is not exported from '../../../drizzle/db/schema' (imported as 'activitiesTable').

Import trace for requested module:
./app/api/dashboard/route.ts

./app/api/dashboard/route.ts
Attempted import error: 'activitiesTable' is not exported from '../../../drizzle/db/schema' (imported as 'activitiesTable').

Import trace for requested module:
./app/api/dashboard/route.ts

./app/api/dashboard/route.ts
Attempted import error: 'activitiesTable' is not exported from '../../../drizzle/db/schema' (imported as 'activitiesTable').

Import trace for requested module:
./app/api/dashboard/route.ts

./app/api/dashboard/route.ts
Attempted import error: 'activitiesTable' is not exported from '../../../drizzle/db/schema' (imported as 'activitiesTable').

Import trace for requested module:
./app/api/dashboard/route.ts

./app/api/dashboard/route.ts
Attempted import error: 'activitiesTable' is not exported from '../../../drizzle/db/schema' (imported as 'activitiesTable').

Import trace for requested module:
./app/api/dashboard/route.ts

./app/api/dashboard/route.ts
Attempted import error: 'resourcesTable' is not exported from '../../../drizzle/db/schema' (imported as 'resourcesTable').

Import trace for requested module:
./app/api/dashboard/route.ts

./app/api/dashboard/route.ts
Attempted import error: 'resourcesTable' is not exported from '../../../drizzle/db/schema' (imported as 'resourcesTable').

Import trace for requested module:
./app/api/dashboard/route.ts

./app/api/dashboard/route.ts
Attempted import error: 'activityResourcesTable' is not exported from '../../../drizzle/db/schema' (imported as 'activityResourcesTable').

Import trace for requested module:
./app/api/dashboard/route.ts

./app/api/dashboard/route.ts
Attempted import error: 'resourcesTable' is not exported from '../../../drizzle/db/schema' (imported as 'resourcesTable').

Import trace for requested module:
./app/api/dashboard/route.ts

./app/api/dashboard/route.ts
Attempted import error: 'activitiesTable' is not exported from '../../../drizzle/db/schema' (imported as 'activitiesTable').

Import trace for requested module:
./app/api/dashboard/route.ts

./app/api/dashboard/route.ts
Attempted import error: 'activityResourcesTable' is not exported from '../../../drizzle/db/schema' (imported as 'activityResourcesTable').

Import trace for requested module:
./app/api/dashboard/route.ts

./app/api/dashboard/route.ts
Attempted import error: 'activityResourcesTable' is not exported from '../../../drizzle/db/schema' (imported as 'activityResourcesTable').

Import trace for requested module:
./app/api/dashboard/route.ts

./app/api/dashboard/route.ts
Attempted import error: 'activitiesTable' is not exported from '../../../drizzle/db/schema' (imported as 'activitiesTable').

Import trace for requested module:
./app/api/dashboard/route.ts

./app/api/dashboard/route.ts
Attempted import error: 'resourcesTable' is not exported from '../../../drizzle/db/schema' (imported as 'resourcesTable').

Import trace for requested module:
./app/api/dashboard/route.ts

./app/api/dashboard/route.ts
Attempted import error: 'resourcesTable' is not exported from '../../../drizzle/db/schema' (imported as 'resourcesTable').

Import trace for requested module:
./app/api/dashboard/route.ts

./app/api/dashboard/route.ts
Attempted import error: 'activityResourcesTable' is not exported from '../../../drizzle/db/schema' (imported as 'activityResourcesTable').

Import trace for requested module:
./app/api/dashboard/route.ts

./app/api/dashboard/route.ts
Attempted import error: 'activitiesTable' is not exported from '../../../drizzle/db/schema' (imported as 'activitiesTable').

Import trace for requested module:
./app/api/dashboard/route.ts

./app/api/dashboard/route.ts
Attempted import error: 'activitiesTable' is not exported from '../../../drizzle/db/schema' (imported as 'activitiesTable').

Import trace for requested module:
./app/api/dashboard/route.ts

./app/api/dashboard/route.ts
Attempted import error: 'activitiesTable' is not exported from '../../../drizzle/db/schema' (imported as 'activitiesTable').

Import trace for requested module:
./app/api/dashboard/route.ts

./app/api/dashboard/route.ts
Attempted import error: 'activitiesTable' is not exported from '../../../drizzle/db/schema' (imported as 'activitiesTable').

Import trace for requested module:
./app/api/dashboard/route.ts

./app/api/dashboard/route.ts
Attempted import error: 'activitiesTable' is not exported from '../../../drizzle/db/schema' (imported as 'activitiesTable').

Import trace for requested module:
./app/api/dashboard/route.ts

./app/api/dashboard/route.ts
Attempted import error: 'activitiesTable' is not exported from '../../../drizzle/db/schema' (imported as 'activitiesTable').

Import trace for requested module:
./app/api/dashboard/route.ts

./app/api/dashboard/route.ts
Attempted import error: 'activitiesTable' is not exported from '../../../drizzle/db/schema' (imported as 'activitiesTable').

Import trace for requested module:
./app/api/dashboard/route.ts

./app/api/performance/route.ts
Attempted import error: 'activitiesTable' is not exported from '../../../drizzle/db/schema' (imported as 'activitiesTable').

Import trace for requested module:
./app/api/performance/route.ts

./app/api/performance/route.ts
Attempted import error: 'activitiesTable' is not exported from '../../../drizzle/db/schema' (imported as 'activitiesTable').

Import trace for requested module:
./app/api/performance/route.ts

./app/api/performance/route.ts
Attempted import error: 'activitiesTable' is not exported from '../../../drizzle/db/schema' (imported as 'activitiesTable').

Import trace for requested module:
./app/api/performance/route.ts

./app/api/performance/route.ts
Attempted import error: 'activitiesTable' is not exported from '../../../drizzle/db/schema' (imported as 'activitiesTable').

Import trace for requested module:
./app/api/performance/route.ts

./app/api/performance/route.ts
Attempted import error: 'activitiesTable' is not exported from '../../../drizzle/db/schema' (imported as 'activitiesTable').

Import trace for requested module:
./app/api/performance/route.ts

./app/api/performance/route.ts
Attempted import error: 'activitiesTable' is not exported from '../../../drizzle/db/schema' (imported as 'activitiesTable').

Import trace for requested module:
./app/api/performance/route.ts

./app/api/schedules/route.ts
Attempted import error: 'activitiesTable' is not exported from '../../../drizzle/db/schema' (imported as 'activitiesTable').

Import trace for requested module:
./app/api/schedules/route.ts

./app/api/schedules/route.ts
Attempted import error: 'activitiesTable' is not exported from '../../../drizzle/db/schema' (imported as 'activitiesTable').

Import trace for requested module:
./app/api/schedules/route.ts

./app/api/schedules/route.ts
Attempted import error: 'activitiesTable' is not exported from '../../../drizzle/db/schema' (imported as 'activitiesTable').

Import trace for requested module:
./app/api/schedules/route.ts
 OPTIONS /api/users 204 in 1018ms
 GET /api/users 200 in 35ms
 OPTIONS /api/dashboard 204 in 74ms
Error fetching dashboard data: TypeError: Cannot read properties of undefined (reading 'activityType')
    at activitiesTable (webpack:///app/api/dashboard/route.ts?eb45:19:22)
    at run (file:///C:/Users/Administrator/Documents/Github/dashboard-diary/node_modules/.pnpm/next@15.0.2_@babel+core@7.2_6bb6baa81f2b198c05a89ed44e2ef849/node_modules/next/dist/compiled/next-server/dist/src/server/route-modules/app-route/module.ts:525:41)
    at handler (file:///C:/Users/Administrator/Documents/Github/dashboard-diary/node_modules/.pnpm/next@15.0.2_@babel+core@7.2_6bb6baa81f2b198c05a89ed44e2ef849/node_modules/next/dist/compiled/next-server/dist/src/server/route-modules/app-route/module.ts:722:20)
    at fn (file:///C:/Users/Administrator/Documents/Github/dashboard-diary/node_modules/.pnpm/next@15.0.2_@babel+core@7.2_6bb6baa81f2b198c05a89ed44e2ef849/node_modules/next/src/server/lib/trace/tracer.ts:351:27)
    at NoopContextManager.with (C:\Users\Administrator\Documents\Github\dashboard-diary\node_modules\.pnpm\next@15.0.2_@babel+core@7.2_6bb6baa81f2b198c05a89ed44e2ef849\node_modules\next\dist\compiled\@opentelemetry\api\index.js:1:7062)
    at ContextAPI.with (C:\Users\Administrator\Documents\Github\dashboard-diary\node_modules\.pnpm\next@15.0.2_@babel+core@7.2_6bb6baa81f2b198c05a89ed44e2ef849\node_modules\next\dist\compiled\@opentelemetry\api\index.js:1:518)
    at NoopTracer.startActiveSpan (C:\Users\Administrator\Documents\Github\dashboard-diary\node_modules\.pnpm\next@15.0.2_@babel+core@7.2_6bb6baa81f2b198c05a89ed44e2ef849\node_modules\next\dist\compiled\@opentelemetry\api\index.js:1:18093)
    at ProxyTracer.startActiveSpan (C:\Users\Administrator\Documents\Github\dashboard-diary\node_modules\.pnpm\next@15.0.2_@babel+core@7.2_6bb6baa81f2b198c05a89ed44e2ef849\node_modules\next\dist\compiled\@opentelemetry\api\index.js:1:18854)
    at startActiveSpan (file:///C:/Users/Administrator/Documents/Github/dashboard-diary/node_modules/.pnpm/next@15.0.2_@babel+core@7.2_6bb6baa81f2b198c05a89ed44e2ef849/node_modules/next/src/server/lib/trace/tracer.ts:304:31)
    at NoopContextManager.with (C:\Users\Administrator\Documents\Github\dashboard-diary\node_modules\.pnpm\next@15.0.2_@babel+core@7.2_6bb6baa81f2b198c05a89ed44e2ef849\node_modules\next\dist\compiled\@opentelemetry\api\index.js:1:7062)
    at ContextAPI.with (C:\Users\Administrator\Documents\Github\dashboard-diary\node_modules\.pnpm\next@15.0.2_@babel+core@7.2_6bb6baa81f2b198c05a89ed44e2ef849\node_modules\next\dist\compiled\@opentelemetry\api\index.js:1:518)
    at spanContext (file:///C:/Users/Administrator/Documents/Github/dashboard-diary/node_modules/.pnpm/next@15.0.2_@babel+core@7.2_6bb6baa81f2b198c05a89ed44e2ef849/node_modules/next/src/server/lib/trace/tracer.ts:303:24)
    at trace (file:///C:/Users/Administrator/Documents/Github/dashboard-diary/node_modules/.pnpm/next@15.0.2_@babel+core@7.2_6bb6baa81f2b198c05a89ed44e2ef849/node_modules/next/dist/compiled/next-server/dist/src/server/route-modules/app-route/module.ts:712:28)
    at run (file:///C:/Users/Administrator/Documents/Github/dashboard-diary/node_modules/.pnpm/next@15.0.2_@babel+core@7.2_6bb6baa81f2b198c05a89ed44e2ef849/node_modules/next/dist/compiled/next-server/dist/src/server/async-storage/with-work-store.ts:133:17)
    at withWorkStore (file:///C:/Users/Administrator/Documents/Github/dashboard-diary/node_modules/.pnpm/next@15.0.2_@babel+core@7.2_6bb6baa81f2b198c05a89ed44e2ef849/node_modules/next/dist/compiled/next-server/dist/src/server/route-modules/app-route/module.ts:656:10)
    at run (file:///C:/Users/Administrator/Documents/Github/dashboard-diary/node_modules/.pnpm/next@15.0.2_@babel+core@7.2_6bb6baa81f2b198c05a89ed44e2ef849/node_modules/next/dist/compiled/next-server/dist/src/server/route-modules/app-route/module.ts:655:34)
    at run (file:///C:/Users/Administrator/Documents/Github/dashboard-diary/node_modules/.pnpm/next@15.0.2_@babel+core@7.2_6bb6baa81f2b198c05a89ed44e2ef849/node_modules/next/dist/compiled/next-server/dist/src/server/route-modules/app-route/module.ts:652:60)
    at handle (file:///C:/Users/Administrator/Documents/Github/dashboard-diary/node_modules/.pnpm/next@15.0.2_@babel+core@7.2_6bb6baa81f2b198c05a89ed44e2ef849/node_modules/next/src/server/base-server.ts:2570:47)
    at doRender (file:///C:/Users/Administrator/Documents/Github/dashboard-diary/node_modules/.pnpm/next@15.0.2_@babel+core@7.2_6bb6baa81f2b198c05a89ed44e2ef849/node_modules/next/src/server/base-server.ts:3066:27)
    at responseGenerator (file:///C:/Users/Administrator/Documents/Github/dashboard-diary/node_modules/.pnpm/next@15.0.2_@babel+core@7.2_6bb6baa81f2b198c05a89ed44e2ef849/node_modules/next/src/server/response-cache/index.ts:67:13)
    at get (file:///C:/Users/Administrator/Documents/Github/dashboard-diary/node_modules/.pnpm/next@15.0.2_@babel+core@7.2_6bb6baa81f2b198c05a89ed44e2ef849/node_modules/next/src/server/base-server.ts:3121:48)
    at renderToResponseWithComponentsImpl (file:///C:/Users/Administrator/Documents/Github/dashboard-diary/node_modules/.pnpm/next@15.0.2_@babel+core@7.2_6bb6baa81f2b198c05a89ed44e2ef849/node_modules/next/src/server/base-server.ts:1917:13)
    at fn (file:///C:/Users/Administrator/Documents/Github/dashboard-diary/node_modules/.pnpm/next@15.0.2_@babel+core@7.2_6bb6baa81f2b198c05a89ed44e2ef849/node_modules/next/src/server/lib/trace/tracer.ts:279:13)
    at trace (file:///C:/Users/Administrator/Documents/Github/dashboard-diary/node_modules/.pnpm/next@15.0.2_@babel+core@7.2_6bb6baa81f2b198c05a89ed44e2ef849/node_modules/next/src/server/base-server.ts:1914:23)
    at renderToResponseWithComponents (file:///C:/Users/Administrator/Documents/Github/dashboard-diary/node_modules/.pnpm/next@15.0.2_@babel+core@7.2_6bb6baa81f2b198c05a89ed44e2ef849/node_modules/next/src/server/base-server.ts:3676:26)
    at async DevServer.renderToResponseImpl (file:///C:/Users/Administrator/Documents/Github/dashboard-diary/node_modules/.pnpm/next@15.0.2_@babel+core@7.2_6bb6baa81f2b198c05a89ed44e2ef849/node_modules/next/src/server/base-server.ts:3738:23)
    at async DevServer.pipeImpl (file:///C:/Users/Administrator/Documents/Github/dashboard-diary/node_modules/.pnpm/next@15.0.2_@babel+core@7.2_6bb6baa81f2b198c05a89ed44e2ef849/node_modules/next/src/server/base-server.ts:1738:20)
    at async NextNodeServer.handleCatchallRenderRequest (file:///C:/Users/Administrator/Documents/Github/dashboard-diary/node_modules/.pnpm/next@15.0.2_@babel+core@7.2_6bb6baa81f2b198c05a89ed44e2ef849/node_modules/next/src/server/next-server.ts:1032:6)
    at async DevServer.handleRequestImpl (file:///C:/Users/Administrator/Documents/Github/dashboard-diary/node_modules/.pnpm/next@15.0.2_@babel+core@7.2_6bb6baa81f2b198c05a89ed44e2ef849/node_modules/next/src/server/base-server.ts:1498:8)
    at async (file:///C:/Users/Administrator/Documents/Github/dashboard-diary/node_modules/.pnpm/next@15.0.2_@babel+core@7.2_6bb6baa81f2b198c05a89ed44e2ef849/node_modules/next/src/server/dev/next-dev-server.ts:514:13)
    at async Span.traceAsyncFn (file:///C:/Users/Administrator/Documents/Github/dashboard-diary/node_modules/.pnpm/next@15.0.2_@babel+core@7.2_6bb6baa81f2b198c05a89ed44e2ef849/node_modules/next/src/trace/trace.ts:143:13)
    at async DevServer.handleRequest (file:///C:/Users/Administrator/Documents/Github/dashboard-diary/node_modules/.pnpm/next@15.0.2_@babel+core@7.2_6bb6baa81f2b198c05a89ed44e2ef849/node_modules/next/src/server/dev/next-dev-server.ts:512:19)
    at async invokeRender (file:///C:/Users/Administrator/Documents/Github/dashboard-diary/node_modules/.pnpm/next@15.0.2_@babel+core@7.2_6bb6baa81f2b198c05a89ed44e2ef849/node_modules/next/src/server/lib/router-server.ts:284:10)
    at async handleRequest (file:///C:/Users/Administrator/Documents/Github/dashboard-diary/node_modules/.pnpm/next@15.0.2_@babel+core@7.2_6bb6baa81f2b198c05a89ed44e2ef849/node_modules/next/src/server/lib/router-server.ts:530:15)
    at async requestHandlerImpl (file:///C:/Users/Administrator/Documents/Github/dashboard-diary/node_modules/.pnpm/next@15.0.2_@babel+core@7.2_6bb6baa81f2b198c05a89ed44e2ef849/node_modules/next/src/server/lib/router-server.ts:576:6)
    at async Server.requestListener (file:///C:/Users/Administrator/Documents/Github/dashboard-diary/node_modules/.pnpm/next@15.0.2_@babel+core@7.2_6bb6baa81f2b198c05a89ed44e2ef849/node_modules/next/src/server/lib/start-server.ts:146:6)
  17 |     const activitiesByType = await db
  18 |       .select({
> 19 |         activityType: activitiesTable.activityType,
     |                      ^
  20 |         totalAmount: sql<number>`COALESCE(SUM(${activitiesTable.amount})::int, 0)`,
  21 |         revenueAmount: sql<number>`COALESCE(SUM(CASE WHEN LOWER(${activitiesTable.activityType}) = 'revenue' THEN ${activitiesTable.amount} ELSE 0 END)::int, 0)`,
  22 |         expenseAmount: sql<number>`COALESCE(SUM(CASE WHEN LOWER(${activitiesTable.activityType}) = 'expense' THEN ${activitiesTable.amount} ELSE 0 END)::int, 0)`,
 GET /api/dashboard 500 in 99ms
 ⚠ ./app/api/dashboard/route.ts
Attempted import error: 'activitiesTable' is not exported from '../../../drizzle/db/schema' (imported as 'activitiesTable').

Import trace for requested module:
./app/api/dashboard/route.ts

./app/api/dashboard/route.ts
Attempted import error: 'activitiesTable' is not exported from '../../../drizzle/db/schema' (imported as 'activitiesTable').

Import trace for requested module:
./app/api/dashboard/route.ts

./app/api/dashboard/route.ts
Attempted import error: 'activitiesTable' is not exported from '../../../drizzle/db/schema' (imported as 'activitiesTable').

Import trace for requested module:
./app/api/dashboard/route.ts

./app/api/dashboard/route.ts
Attempted import error: 'activitiesTable' is not exported from '../../../drizzle/db/schema' (imported as 'activitiesTable').

Import trace for requested module:
./app/api/dashboard/route.ts

./app/api/dashboard/route.ts
Attempted import error: 'activitiesTable' is not exported from '../../../drizzle/db/schema' (imported as 'activitiesTable').

Import trace for requested module:
./app/api/dashboard/route.ts

./app/api/dashboard/route.ts
Attempted import error: 'activitiesTable' is not exported from '../../../drizzle/db/schema' (imported as 'activitiesTable').

Import trace for requested module:
./app/api/dashboard/route.ts

./app/api/dashboard/route.ts
Attempted import error: 'activitiesTable' is not exported from '../../../drizzle/db/schema' (imported as 'activitiesTable').

Import trace for requested module:
./app/api/dashboard/route.ts

./app/api/dashboard/route.ts
Attempted import error: 'activitiesTable' is not exported from '../../../drizzle/db/schema' (imported as 'activitiesTable').

Import trace for requested module:
./app/api/dashboard/route.ts

./app/api/dashboard/route.ts
Attempted import error: 'activitiesTable' is not exported from '../../../drizzle/db/schema' (imported as 'activitiesTable').

Import trace for requested module:
./app/api/dashboard/route.ts

./app/api/dashboard/route.ts
Attempted import error: 'activitiesTable' is not exported from '../../../drizzle/db/schema' (imported as 'activitiesTable').

Import trace for requested module:
./app/api/dashboard/route.ts

./app/api/dashboard/route.ts
Attempted import error: 'activitiesTable' is not exported from '../../../drizzle/db/schema' (imported as 'activitiesTable').

Import trace for requested module:
./app/api/dashboard/route.ts

./app/api/dashboard/route.ts
Attempted import error: 'activitiesTable' is not exported from '../../../drizzle/db/schema' (imported as 'activitiesTable').

Import trace for requested module:
./app/api/dashboard/route.ts

./app/api/dashboard/route.ts
Attempted import error: 'activitiesTable' is not exported from '../../../drizzle/db/schema' (imported as 'activitiesTable').

Import trace for requested module:
./app/api/dashboard/route.ts

./app/api/dashboard/route.ts
Attempted import error: 'activitiesTable' is not exported from '../../../drizzle/db/schema' (imported as 'activitiesTable').

Import trace for requested module:
./app/api/dashboard/route.ts

./app/api/dashboard/route.ts
Attempted import error: 'activitiesTable' is not exported from '../../../drizzle/db/schema' (imported as 'activitiesTable').

Import trace for requested module:
./app/api/dashboard/route.ts

./app/api/dashboard/route.ts
Attempted import error: 'activitiesTable' is not exported from '../../../drizzle/db/schema' (imported as 'activitiesTable').

Import trace for requested module:
./app/api/dashboard/route.ts

./app/api/dashboard/route.ts
Attempted import error: 'activitiesTable' is not exported from '../../../drizzle/db/schema' (imported as 'activitiesTable').

Import trace for requested module:
./app/api/dashboard/route.ts

./app/api/dashboard/route.ts
Attempted import error: 'activitiesTable' is not exported from '../../../drizzle/db/schema' (imported as 'activitiesTable').

Import trace for requested module:
./app/api/dashboard/route.ts

./app/api/dashboard/route.ts
Attempted import error: 'activitiesTable' is not exported from '../../../drizzle/db/schema' (imported as 'activitiesTable').

Import trace for requested module:
./app/api/dashboard/route.ts

./app/api/dashboard/route.ts
Attempted import error: 'resourcesTable' is not exported from '../../../drizzle/db/schema' (imported as 'resourcesTable').

Import trace for requested module:
./app/api/dashboard/route.ts

./app/api/dashboard/route.ts
Attempted import error: 'resourcesTable' is not exported from '../../../drizzle/db/schema' (imported as 'resourcesTable').

Import trace for requested module:
./app/api/dashboard/route.ts

./app/api/dashboard/route.ts
Attempted import error: 'activityResourcesTable' is not exported from '../../../drizzle/db/schema' (imported as 'activityResourcesTable').

Import trace for requested module:
./app/api/dashboard/route.ts

./app/api/dashboard/route.ts
Attempted import error: 'resourcesTable' is not exported from '../../../drizzle/db/schema' (imported as 'resourcesTable').

Import trace for requested module:
./app/api/dashboard/route.ts

./app/api/dashboard/route.ts
Attempted import error: 'activitiesTable' is not exported from '../../../drizzle/db/schema' (imported as 'activitiesTable').

Import trace for requested module:
./app/api/dashboard/route.ts

./app/api/dashboard/route.ts
Attempted import error: 'activityResourcesTable' is not exported from '../../../drizzle/db/schema' (imported as 'activityResourcesTable').

Import trace for requested module:
./app/api/dashboard/route.ts

./app/api/dashboard/route.ts
Attempted import error: 'activityResourcesTable' is not exported from '../../../drizzle/db/schema' (imported as 'activityResourcesTable').

Import trace for requested module:
./app/api/dashboard/route.ts

./app/api/dashboard/route.ts
Attempted import error: 'activitiesTable' is not exported from '../../../drizzle/db/schema' (imported as 'activitiesTable').

Import trace for requested module:
./app/api/dashboard/route.ts

./app/api/dashboard/route.ts
Attempted import error: 'resourcesTable' is not exported from '../../../drizzle/db/schema' (imported as 'resourcesTable').

Import trace for requested module:
./app/api/dashboard/route.ts

./app/api/dashboard/route.ts
Attempted import error: 'resourcesTable' is not exported from '../../../drizzle/db/schema' (imported as 'resourcesTable').

Import trace for requested module:
./app/api/dashboard/route.ts

./app/api/dashboard/route.ts
Attempted import error: 'activityResourcesTable' is not exported from '../../../drizzle/db/schema' (imported as 'activityResourcesTable').

Import trace for requested module:
./app/api/dashboard/route.ts

./app/api/dashboard/route.ts
Attempted import error: 'activitiesTable' is not exported from '../../../drizzle/db/schema' (imported as 'activitiesTable').

Import trace for requested module:
./app/api/dashboard/route.ts

./app/api/dashboard/route.ts
Attempted import error: 'activitiesTable' is not exported from '../../../drizzle/db/schema' (imported as 'activitiesTable').

Import trace for requested module:
./app/api/dashboard/route.ts

./app/api/dashboard/route.ts
Attempted import error: 'activitiesTable' is not exported from '../../../drizzle/db/schema' (imported as 'activitiesTable').

Import trace for requested module:
./app/api/dashboard/route.ts

./app/api/dashboard/route.ts
Attempted import error: 'activitiesTable' is not exported from '../../../drizzle/db/schema' (imported as 'activitiesTable').

Import trace for requested module:
./app/api/dashboard/route.ts

./app/api/dashboard/route.ts
Attempted import error: 'activitiesTable' is not exported from '../../../drizzle/db/schema' (imported as 'activitiesTable').

Import trace for requested module:
./app/api/dashboard/route.ts

./app/api/dashboard/route.ts
Attempted import error: 'activitiesTable' is not exported from '../../../drizzle/db/schema' (imported as 'activitiesTable').

Import trace for requested module:
./app/api/dashboard/route.ts

./app/api/dashboard/route.ts
Attempted import error: 'activitiesTable' is not exported from '../../../drizzle/db/schema' (imported as 'activitiesTable').

Import trace for requested module:
./app/api/dashboard/route.ts

./app/api/performance/route.ts
Attempted import error: 'activitiesTable' is not exported from '../../../drizzle/db/schema' (imported as 'activitiesTable').

Import trace for requested module:
./app/api/performance/route.ts

./app/api/performance/route.ts
Attempted import error: 'activitiesTable' is not exported from '../../../drizzle/db/schema' (imported as 'activitiesTable').

Import trace for requested module:
./app/api/performance/route.ts

./app/api/performance/route.ts
Attempted import error: 'activitiesTable' is not exported from '../../../drizzle/db/schema' (imported as 'activitiesTable').

Import trace for requested module:
./app/api/performance/route.ts

./app/api/performance/route.ts
Attempted import error: 'activitiesTable' is not exported from '../../../drizzle/db/schema' (imported as 'activitiesTable').

Import trace for requested module:
./app/api/performance/route.ts

./app/api/performance/route.ts
Attempted import error: 'activitiesTable' is not exported from '../../../drizzle/db/schema' (imported as 'activitiesTable').

Import trace for requested module:
./app/api/performance/route.ts

./app/api/performance/route.ts
Attempted import error: 'activitiesTable' is not exported from '../../../drizzle/db/schema' (imported as 'activitiesTable').

Import trace for requested module:
./app/api/performance/route.ts

./app/api/schedules/route.ts
Attempted import error: 'activitiesTable' is not exported from '../../../drizzle/db/schema' (imported as 'activitiesTable').

Import trace for requested module:
./app/api/schedules/route.ts

./app/api/schedules/route.ts
Attempted import error: 'activitiesTable' is not exported from '../../../drizzle/db/schema' (imported as 'activitiesTable').

Import trace for requested module:
./app/api/schedules/route.ts

./app/api/schedules/route.ts
Attempted import error: 'activitiesTable' is not exported from '../../../drizzle/db/schema' (imported as 'activitiesTable').

Import trace for requested module:
./app/api/schedules/route.ts
 ⚠ ./app/api/dashboard/route.ts
Attempted import error: 'activitiesTable' is not exported from '../../../drizzle/db/schema' (imported as 'activitiesTable').

Import trace for requested module:
./app/api/dashboard/route.ts

./app/api/dashboard/route.ts
Attempted import error: 'activitiesTable' is not exported from '../../../drizzle/db/schema' (imported as 'activitiesTable').

Import trace for requested module:
./app/api/dashboard/route.ts

./app/api/dashboard/route.ts
Attempted import error: 'activitiesTable' is not exported from '../../../drizzle/db/schema' (imported as 'activitiesTable').

Import trace for requested module:
./app/api/dashboard/route.ts

./app/api/dashboard/route.ts
Attempted import error: 'activitiesTable' is not exported from '../../../drizzle/db/schema' (imported as 'activitiesTable').

Import trace for requested module:
./app/api/dashboard/route.ts

./app/api/dashboard/route.ts
Attempted import error: 'activitiesTable' is not exported from '../../../drizzle/db/schema' (imported as 'activitiesTable').

Import trace for requested module:
./app/api/dashboard/route.ts

./app/api/dashboard/route.ts
Attempted import error: 'activitiesTable' is not exported from '../../../drizzle/db/schema' (imported as 'activitiesTable').

Import trace for requested module:
./app/api/dashboard/route.ts

./app/api/dashboard/route.ts
Attempted import error: 'activitiesTable' is not exported from '../../../drizzle/db/schema' (imported as 'activitiesTable').

Import trace for requested module:
./app/api/dashboard/route.ts

./app/api/dashboard/route.ts
Attempted import error: 'activitiesTable' is not exported from '../../../drizzle/db/schema' (imported as 'activitiesTable').

Import trace for requested module:
./app/api/dashboard/route.ts

./app/api/dashboard/route.ts
Attempted import error: 'activitiesTable' is not exported from '../../../drizzle/db/schema' (imported as 'activitiesTable').

Import trace for requested module:
./app/api/dashboard/route.ts

./app/api/dashboard/route.ts
Attempted import error: 'activitiesTable' is not exported from '../../../drizzle/db/schema' (imported as 'activitiesTable').

Import trace for requested module:
./app/api/dashboard/route.ts

./app/api/dashboard/route.ts
Attempted import error: 'activitiesTable' is not exported from '../../../drizzle/db/schema' (imported as 'activitiesTable').

Import trace for requested module:
./app/api/dashboard/route.ts

./app/api/dashboard/route.ts
Attempted import error: 'activitiesTable' is not exported from '../../../drizzle/db/schema' (imported as 'activitiesTable').

Import trace for requested module:
./app/api/dashboard/route.ts

./app/api/dashboard/route.ts
Attempted import error: 'activitiesTable' is not exported from '../../../drizzle/db/schema' (imported as 'activitiesTable').

Import trace for requested module:
./app/api/dashboard/route.ts

./app/api/dashboard/route.ts
Attempted import error: 'activitiesTable' is not exported from '../../../drizzle/db/schema' (imported as 'activitiesTable').

Import trace for requested module:
./app/api/dashboard/route.ts

./app/api/dashboard/route.ts
Attempted import error: 'activitiesTable' is not exported from '../../../drizzle/db/schema' (imported as 'activitiesTable').

Import trace for requested module:
./app/api/dashboard/route.ts

./app/api/dashboard/route.ts
Attempted import error: 'activitiesTable' is not exported from '../../../drizzle/db/schema' (imported as 'activitiesTable').

Import trace for requested module:
./app/api/dashboard/route.ts

./app/api/dashboard/route.ts
Attempted import error: 'activitiesTable' is not exported from '../../../drizzle/db/schema' (imported as 'activitiesTable').

Import trace for requested module:
./app/api/dashboard/route.ts

./app/api/dashboard/route.ts
Attempted import error: 'activitiesTable' is not exported from '../../../drizzle/db/schema' (imported as 'activitiesTable').

Import trace for requested module:
./app/api/dashboard/route.ts

./app/api/dashboard/route.ts
Attempted import error: 'activitiesTable' is not exported from '../../../drizzle/db/schema' (imported as 'activitiesTable').

Import trace for requested module:
./app/api/dashboard/route.ts

./app/api/dashboard/route.ts
Attempted import error: 'resourcesTable' is not exported from '../../../drizzle/db/schema' (imported as 'resourcesTable').

Import trace for requested module:
./app/api/dashboard/route.ts

./app/api/dashboard/route.ts
Attempted import error: 'resourcesTable' is not exported from '../../../drizzle/db/schema' (imported as 'resourcesTable').

Import trace for requested module:
./app/api/dashboard/route.ts

./app/api/dashboard/route.ts
Attempted import error: 'activityResourcesTable' is not exported from '../../../drizzle/db/schema' (imported as 'activityResourcesTable').

Import trace for requested module:
./app/api/dashboard/route.ts

./app/api/dashboard/route.ts
Attempted import error: 'resourcesTable' is not exported from '../../../drizzle/db/schema' (imported as 'resourcesTable').

Import trace for requested module:
./app/api/dashboard/route.ts

./app/api/dashboard/route.ts
Attempted import error: 'activitiesTable' is not exported from '../../../drizzle/db/schema' (imported as 'activitiesTable').

Import trace for requested module:
./app/api/dashboard/route.ts

./app/api/dashboard/route.ts
Attempted import error: 'activityResourcesTable' is not exported from '../../../drizzle/db/schema' (imported as 'activityResourcesTable').

Import trace for requested module:
./app/api/dashboard/route.ts

./app/api/dashboard/route.ts
Attempted import error: 'activityResourcesTable' is not exported from '../../../drizzle/db/schema' (imported as 'activityResourcesTable').

Import trace for requested module:
./app/api/dashboard/route.ts

./app/api/dashboard/route.ts
Attempted import error: 'activitiesTable' is not exported from '../../../drizzle/db/schema' (imported as 'activitiesTable').

Import trace for requested module:
./app/api/dashboard/route.ts

./app/api/dashboard/route.ts
Attempted import error: 'resourcesTable' is not exported from '../../../drizzle/db/schema' (imported as 'resourcesTable').

Import trace for requested module:
./app/api/dashboard/route.ts

./app/api/dashboard/route.ts
Attempted import error: 'resourcesTable' is not exported from '../../../drizzle/db/schema' (imported as 'resourcesTable').

Import trace for requested module:
./app/api/dashboard/route.ts

./app/api/dashboard/route.ts
Attempted import error: 'activityResourcesTable' is not exported from '../../../drizzle/db/schema' (imported as 'activityResourcesTable').

Import trace for requested module:
./app/api/dashboard/route.ts

./app/api/dashboard/route.ts
Attempted import error: 'activitiesTable' is not exported from '../../../drizzle/db/schema' (imported as 'activitiesTable').

Import trace for requested module:
./app/api/dashboard/route.ts

./app/api/dashboard/route.ts
Attempted import error: 'activitiesTable' is not exported from '../../../drizzle/db/schema' (imported as 'activitiesTable').

Import trace for requested module:
./app/api/dashboard/route.ts

./app/api/dashboard/route.ts
Attempted import error: 'activitiesTable' is not exported from '../../../drizzle/db/schema' (imported as 'activitiesTable').

Import trace for requested module:
./app/api/dashboard/route.ts

./app/api/dashboard/route.ts
Attempted import error: 'activitiesTable' is not exported from '../../../drizzle/db/schema' (imported as 'activitiesTable').

Import trace for requested module:
./app/api/dashboard/route.ts

./app/api/dashboard/route.ts
Attempted import error: 'activitiesTable' is not exported from '../../../drizzle/db/schema' (imported as 'activitiesTable').

Import trace for requested module:
./app/api/dashboard/route.ts

./app/api/dashboard/route.ts
Attempted import error: 'activitiesTable' is not exported from '../../../drizzle/db/schema' (imported as 'activitiesTable').

Import trace for requested module:
./app/api/dashboard/route.ts

./app/api/dashboard/route.ts
Attempted import error: 'activitiesTable' is not exported from '../../../drizzle/db/schema' (imported as 'activitiesTable').

Import trace for requested module:
./app/api/dashboard/route.ts

./app/api/performance/route.ts
Attempted import error: 'activitiesTable' is not exported from '../../../drizzle/db/schema' (imported as 'activitiesTable').

Import trace for requested module:
./app/api/performance/route.ts

./app/api/performance/route.ts
Attempted import error: 'activitiesTable' is not exported from '../../../drizzle/db/schema' (imported as 'activitiesTable').

Import trace for requested module:
./app/api/performance/route.ts

./app/api/performance/route.ts
Attempted import error: 'activitiesTable' is not exported from '../../../drizzle/db/schema' (imported as 'activitiesTable').

Import trace for requested module:
./app/api/performance/route.ts

./app/api/performance/route.ts
Attempted import error: 'activitiesTable' is not exported from '../../../drizzle/db/schema' (imported as 'activitiesTable').

Import trace for requested module:
./app/api/performance/route.ts

./app/api/performance/route.ts
Attempted import error: 'activitiesTable' is not exported from '../../../drizzle/db/schema' (imported as 'activitiesTable').

Import trace for requested module:
./app/api/performance/route.ts

./app/api/performance/route.ts
Attempted import error: 'activitiesTable' is not exported from '../../../drizzle/db/schema' (imported as 'activitiesTable').

Import trace for requested module:
./app/api/performance/route.ts
 OPTIONS /api/users/login 204 in 1380ms
 POST /api/users/login 200 in 505ms
 OPTIONS /api/dashboard 204 in 92ms
Error fetching dashboard data: TypeError: Cannot read properties of undefined (reading 'activityType')
    at activitiesTable (webpack:///app/api/dashboard/route.ts?eb45:19:22)
    at run (file:///C:/Users/Administrator/Documents/Github/dashboard-diary/node_modules/.pnpm/next@15.0.2_@babel+core@7.2_6bb6baa81f2b198c05a89ed44e2ef849/node_modules/next/dist/compiled/next-server/dist/src/server/route-modules/app-route/module.ts:525:41)
    at handler (file:///C:/Users/Administrator/Documents/Github/dashboard-diary/node_modules/.pnpm/next@15.0.2_@babel+core@7.2_6bb6baa81f2b198c05a89ed44e2ef849/node_modules/next/dist/compiled/next-server/dist/src/server/route-modules/app-route/module.ts:722:20)
    at fn (file:///C:/Users/Administrator/Documents/Github/dashboard-diary/node_modules/.pnpm/next@15.0.2_@babel+core@7.2_6bb6baa81f2b198c05a89ed44e2ef849/node_modules/next/src/server/lib/trace/tracer.ts:351:27)
    at NoopContextManager.with (C:\Users\Administrator\Documents\Github\dashboard-diary\node_modules\.pnpm\next@15.0.2_@babel+core@7.2_6bb6baa81f2b198c05a89ed44e2ef849\node_modules\next\dist\compiled\@opentelemetry\api\index.js:1:7062)
    at ContextAPI.with (C:\Users\Administrator\Documents\Github\dashboard-diary\node_modules\.pnpm\next@15.0.2_@babel+core@7.2_6bb6baa81f2b198c05a89ed44e2ef849\node_modules\next\dist\compiled\@opentelemetry\api\index.js:1:518)
    at NoopTracer.startActiveSpan (C:\Users\Administrator\Documents\Github\dashboard-diary\node_modules\.pnpm\next@15.0.2_@babel+core@7.2_6bb6baa81f2b198c05a89ed44e2ef849\node_modules\next\dist\compiled\@opentelemetry\api\index.js:1:18093)
    at ProxyTracer.startActiveSpan (C:\Users\Administrator\Documents\Github\dashboard-diary\node_modules\.pnpm\next@15.0.2_@babel+core@7.2_6bb6baa81f2b198c05a89ed44e2ef849\node_modules\next\dist\compiled\@opentelemetry\api\index.js:1:18854)
    at startActiveSpan (file:///C:/Users/Administrator/Documents/Github/dashboard-diary/node_modules/.pnpm/next@15.0.2_@babel+core@7.2_6bb6baa81f2b198c05a89ed44e2ef849/node_modules/next/src/server/lib/trace/tracer.ts:304:31)
    at NoopContextManager.with (C:\Users\Administrator\Documents\Github\dashboard-diary\node_modules\.pnpm\next@15.0.2_@babel+core@7.2_6bb6baa81f2b198c05a89ed44e2ef849\node_modules\next\dist\compiled\@opentelemetry\api\index.js:1:7062)
    at ContextAPI.with (C:\Users\Administrator\Documents\Github\dashboard-diary\node_modules\.pnpm\next@15.0.2_@babel+core@7.2_6bb6baa81f2b198c05a89ed44e2ef849\node_modules\next\dist\compiled\@opentelemetry\api\index.js:1:518)
    at spanContext (file:///C:/Users/Administrator/Documents/Github/dashboard-diary/node_modules/.pnpm/next@15.0.2_@babel+core@7.2_6bb6baa81f2b198c05a89ed44e2ef849/node_modules/next/src/server/lib/trace/tracer.ts:303:24)
    at trace (file:///C:/Users/Administrator/Documents/Github/dashboard-diary/node_modules/.pnpm/next@15.0.2_@babel+core@7.2_6bb6baa81f2b198c05a89ed44e2ef849/node_modules/next/dist/compiled/next-server/dist/src/server/route-modules/app-route/module.ts:712:28)
    at run (file:///C:/Users/Administrator/Documents/Github/dashboard-diary/node_modules/.pnpm/next@15.0.2_@babel+core@7.2_6bb6baa81f2b198c05a89ed44e2ef849/node_modules/next/dist/compiled/next-server/dist/src/server/async-storage/with-work-store.ts:133:17)
    at withWorkStore (file:///C:/Users/Administrator/Documents/Github/dashboard-diary/node_modules/.pnpm/next@15.0.2_@babel+core@7.2_6bb6baa81f2b198c05a89ed44e2ef849/node_modules/next/dist/compiled/next-server/dist/src/server/route-modules/app-route/module.ts:656:10)
    at run (file:///C:/Users/Administrator/Documents/Github/dashboard-diary/node_modules/.pnpm/next@15.0.2_@babel+core@7.2_6bb6baa81f2b198c05a89ed44e2ef849/node_modules/next/dist/compiled/next-server/dist/src/server/route-modules/app-route/module.ts:655:34)
    at run (file:///C:/Users/Administrator/Documents/Github/dashboard-diary/node_modules/.pnpm/next@15.0.2_@babel+core@7.2_6bb6baa81f2b198c05a89ed44e2ef849/node_modules/next/dist/compiled/next-server/dist/src/server/route-modules/app-route/module.ts:652:60)
    at handle (file:///C:/Users/Administrator/Documents/Github/dashboard-diary/node_modules/.pnpm/next@15.0.2_@babel+core@7.2_6bb6baa81f2b198c05a89ed44e2ef849/node_modules/next/src/server/base-server.ts:2570:47)
    at doRender (file:///C:/Users/Administrator/Documents/Github/dashboard-diary/node_modules/.pnpm/next@15.0.2_@babel+core@7.2_6bb6baa81f2b198c05a89ed44e2ef849/node_modules/next/src/server/base-server.ts:3066:27)
    at responseGenerator (file:///C:/Users/Administrator/Documents/Github/dashboard-diary/node_modules/.pnpm/next@15.0.2_@babel+core@7.2_6bb6baa81f2b198c05a89ed44e2ef849/node_modules/next/src/server/response-cache/index.ts:67:13)
    at get (file:///C:/Users/Administrator/Documents/Github/dashboard-diary/node_modules/.pnpm/next@15.0.2_@babel+core@7.2_6bb6baa81f2b198c05a89ed44e2ef849/node_modules/next/src/server/base-server.ts:3121:48)
    at renderToResponseWithComponentsImpl (file:///C:/Users/Administrator/Documents/Github/dashboard-diary/node_modules/.pnpm/next@15.0.2_@babel+core@7.2_6bb6baa81f2b198c05a89ed44e2ef849/node_modules/next/src/server/base-server.ts:1917:13)
    at fn (file:///C:/Users/Administrator/Documents/Github/dashboard-diary/node_modules/.pnpm/next@15.0.2_@babel+core@7.2_6bb6baa81f2b198c05a89ed44e2ef849/node_modules/next/src/server/lib/trace/tracer.ts:279:13)
    at trace (file:///C:/Users/Administrator/Documents/Github/dashboard-diary/node_modules/.pnpm/next@15.0.2_@babel+core@7.2_6bb6baa81f2b198c05a89ed44e2ef849/node_modules/next/src/server/base-server.ts:1914:23)
    at renderToResponseWithComponents (file:///C:/Users/Administrator/Documents/Github/dashboard-diary/node_modules/.pnpm/next@15.0.2_@babel+core@7.2_6bb6baa81f2b198c05a89ed44e2ef849/node_modules/next/src/server/base-server.ts:3676:26)
    at async DevServer.renderToResponseImpl (file:///C:/Users/Administrator/Documents/Github/dashboard-diary/node_modules/.pnpm/next@15.0.2_@babel+core@7.2_6bb6baa81f2b198c05a89ed44e2ef849/node_modules/next/src/server/base-server.ts:3738:23)
    at async DevServer.pipeImpl (file:///C:/Users/Administrator/Documents/Github/dashboard-diary/node_modules/.pnpm/next@15.0.2_@babel+core@7.2_6bb6baa81f2b198c05a89ed44e2ef849/node_modules/next/src/server/base-server.ts:1738:20)
    at async NextNodeServer.handleCatchallRenderRequest (file:///C:/Users/Administrator/Documents/Github/dashboard-diary/node_modules/.pnpm/next@15.0.2_@babel+core@7.2_6bb6baa81f2b198c05a89ed44e2ef849/node_modules/next/src/server/next-server.ts:1032:6)
    at async DevServer.handleRequestImpl (file:///C:/Users/Administrator/Documents/Github/dashboard-diary/node_modules/.pnpm/next@15.0.2_@babel+core@7.2_6bb6baa81f2b198c05a89ed44e2ef849/node_modules/next/src/server/base-server.ts:1498:8)
    at async (file:///C:/Users/Administrator/Documents/Github/dashboard-diary/node_modules/.pnpm/next@15.0.2_@babel+core@7.2_6bb6baa81f2b198c05a89ed44e2ef849/node_modules/next/src/server/dev/next-dev-server.ts:514:13)
    at async Span.traceAsyncFn (file:///C:/Users/Administrator/Documents/Github/dashboard-diary/node_modules/.pnpm/next@15.0.2_@babel+core@7.2_6bb6baa81f2b198c05a89ed44e2ef849/node_modules/next/src/trace/trace.ts:143:13)
    at async DevServer.handleRequest (file:///C:/Users/Administrator/Documents/Github/dashboard-diary/node_modules/.pnpm/next@15.0.2_@babel+core@7.2_6bb6baa81f2b198c05a89ed44e2ef849/node_modules/next/src/server/dev/next-dev-server.ts:512:19)
    at async invokeRender (file:///C:/Users/Administrator/Documents/Github/dashboard-diary/node_modules/.pnpm/next@15.0.2_@babel+core@7.2_6bb6baa81f2b198c05a89ed44e2ef849/node_modules/next/src/server/lib/router-server.ts:284:10)
    at async handleRequest (file:///C:/Users/Administrator/Documents/Github/dashboard-diary/node_modules/.pnpm/next@15.0.2_@babel+core@7.2_6bb6baa81f2b198c05a89ed44e2ef849/node_modules/next/src/server/lib/router-server.ts:530:15)
    at async requestHandlerImpl (file:///C:/Users/Administrator/Documents/Github/dashboard-diary/node_modules/.pnpm/next@15.0.2_@babel+core@7.2_6bb6baa81f2b198c05a89ed44e2ef849/node_modules/next/src/server/lib/router-server.ts:576:6)
    at async Server.requestListener (file:///C:/Users/Administrator/Documents/Github/dashboard-diary/node_modules/.pnpm/next@15.0.2_@babel+core@7.2_6bb6baa81f2b198c05a89ed44e2ef849/node_modules/next/src/server/lib/start-server.ts:146:6)
  17 |     const activitiesByType = await db
  18 |       .select({
> 19 |         activityType: activitiesTable.activityType,
     |                      ^
  20 |         totalAmount: sql<number>`COALESCE(SUM(${activitiesTable.amount})::int, 0)`,
  21 |         revenueAmount: sql<number>`COALESCE(SUM(CASE WHEN LOWER(${activitiesTable.activityType}) = 'revenue' THEN ${activitiesTable.amount} ELSE 0 END)::int, 0)`,
  22 |         expenseAmount: sql<number>`COALESCE(SUM(CASE WHEN LOWER(${activitiesTable.activityType}) = 'expense' THEN ${activitiesTable.amount} ELSE 0 END)::int, 0)`,
 GET /api/dashboard 500 in 192ms
 ⚠ ./app/api/dashboard/route.ts
Attempted import error: 'activitiesTable' is not exported from '../../../drizzle/db/schema' (imported as 'activitiesTable').

Import trace for requested module:
./app/api/dashboard/route.ts

./app/api/dashboard/route.ts
Attempted import error: 'activitiesTable' is not exported from '../../../drizzle/db/schema' (imported as 'activitiesTable').

Import trace for requested module:
./app/api/dashboard/route.ts

./app/api/dashboard/route.ts
Attempted import error: 'activitiesTable' is not exported from '../../../drizzle/db/schema' (imported as 'activitiesTable').

Import trace for requested module:
./app/api/dashboard/route.ts

./app/api/dashboard/route.ts
Attempted import error: 'activitiesTable' is not exported from '../../../drizzle/db/schema' (imported as 'activitiesTable').

Import trace for requested module:
./app/api/dashboard/route.ts

./app/api/dashboard/route.ts
Attempted import error: 'activitiesTable' is not exported from '../../../drizzle/db/schema' (imported as 'activitiesTable').

Import trace for requested module:
./app/api/dashboard/route.ts

./app/api/dashboard/route.ts
Attempted import error: 'activitiesTable' is not exported from '../../../drizzle/db/schema' (imported as 'activitiesTable').

Import trace for requested module:
./app/api/dashboard/route.ts

./app/api/dashboard/route.ts
Attempted import error: 'activitiesTable' is not exported from '../../../drizzle/db/schema' (imported as 'activitiesTable').

Import trace for requested module:
./app/api/dashboard/route.ts

./app/api/dashboard/route.ts
Attempted import error: 'activitiesTable' is not exported from '../../../drizzle/db/schema' (imported as 'activitiesTable').

Import trace for requested module:
./app/api/dashboard/route.ts

./app/api/dashboard/route.ts
Attempted import error: 'activitiesTable' is not exported from '../../../drizzle/db/schema' (imported as 'activitiesTable').

Import trace for requested module:
./app/api/dashboard/route.ts

./app/api/dashboard/route.ts
Attempted import error: 'activitiesTable' is not exported from '../../../drizzle/db/schema' (imported as 'activitiesTable').

Import trace for requested module:
./app/api/dashboard/route.ts

./app/api/dashboard/route.ts
Attempted import error: 'activitiesTable' is not exported from '../../../drizzle/db/schema' (imported as 'activitiesTable').

Import trace for requested module:
./app/api/dashboard/route.ts

./app/api/dashboard/route.ts
Attempted import error: 'activitiesTable' is not exported from '../../../drizzle/db/schema' (imported as 'activitiesTable').

Import trace for requested module:
./app/api/dashboard/route.ts

./app/api/dashboard/route.ts
Attempted import error: 'activitiesTable' is not exported from '../../../drizzle/db/schema' (imported as 'activitiesTable').

Import trace for requested module:
./app/api/dashboard/route.ts

./app/api/dashboard/route.ts
Attempted import error: 'activitiesTable' is not exported from '../../../drizzle/db/schema' (imported as 'activitiesTable').

Import trace for requested module:
./app/api/dashboard/route.ts

./app/api/dashboard/route.ts
Attempted import error: 'activitiesTable' is not exported from '../../../drizzle/db/schema' (imported as 'activitiesTable').

Import trace for requested module:
./app/api/dashboard/route.ts

./app/api/dashboard/route.ts
Attempted import error: 'activitiesTable' is not exported from '../../../drizzle/db/schema' (imported as 'activitiesTable').

Import trace for requested module:
./app/api/dashboard/route.ts

./app/api/dashboard/route.ts
Attempted import error: 'activitiesTable' is not exported from '../../../drizzle/db/schema' (imported as 'activitiesTable').

Import trace for requested module:
./app/api/dashboard/route.ts

./app/api/dashboard/route.ts
Attempted import error: 'activitiesTable' is not exported from '../../../drizzle/db/schema' (imported as 'activitiesTable').

Import trace for requested module:
./app/api/dashboard/route.ts

./app/api/dashboard/route.ts
Attempted import error: 'activitiesTable' is not exported from '../../../drizzle/db/schema' (imported as 'activitiesTable').

Import trace for requested module:
./app/api/dashboard/route.ts

./app/api/dashboard/route.ts
Attempted import error: 'resourcesTable' is not exported from '../../../drizzle/db/schema' (imported as 'resourcesTable').

Import trace for requested module:
./app/api/dashboard/route.ts

./app/api/dashboard/route.ts
Attempted import error: 'resourcesTable' is not exported from '../../../drizzle/db/schema' (imported as 'resourcesTable').

Import trace for requested module:
./app/api/dashboard/route.ts

./app/api/dashboard/route.ts
Attempted import error: 'activityResourcesTable' is not exported from '../../../drizzle/db/schema' (imported as 'activityResourcesTable').

Import trace for requested module:
./app/api/dashboard/route.ts

./app/api/dashboard/route.ts
Attempted import error: 'resourcesTable' is not exported from '../../../drizzle/db/schema' (imported as 'resourcesTable').

Import trace for requested module:
./app/api/dashboard/route.ts

./app/api/dashboard/route.ts
Attempted import error: 'activitiesTable' is not exported from '../../../drizzle/db/schema' (imported as 'activitiesTable').

Import trace for requested module:
./app/api/dashboard/route.ts

./app/api/dashboard/route.ts
Attempted import error: 'activityResourcesTable' is not exported from '../../../drizzle/db/schema' (imported as 'activityResourcesTable').

Import trace for requested module:
./app/api/dashboard/route.ts

./app/api/dashboard/route.ts
Attempted import error: 'activityResourcesTable' is not exported from '../../../drizzle/db/schema' (imported as 'activityResourcesTable').

Import trace for requested module:
./app/api/dashboard/route.ts

./app/api/dashboard/route.ts
Attempted import error: 'activitiesTable' is not exported from '../../../drizzle/db/schema' (imported as 'activitiesTable').

Import trace for requested module:
./app/api/dashboard/route.ts

./app/api/dashboard/route.ts
Attempted import error: 'resourcesTable' is not exported from '../../../drizzle/db/schema' (imported as 'resourcesTable').

Import trace for requested module:
./app/api/dashboard/route.ts

./app/api/dashboard/route.ts
Attempted import error: 'resourcesTable' is not exported from '../../../drizzle/db/schema' (imported as 'resourcesTable').

Import trace for requested module:
./app/api/dashboard/route.ts

./app/api/dashboard/route.ts
Attempted import error: 'activityResourcesTable' is not exported from '../../../drizzle/db/schema' (imported as 'activityResourcesTable').

Import trace for requested module:
./app/api/dashboard/route.ts

./app/api/dashboard/route.ts
Attempted import error: 'activitiesTable' is not exported from '../../../drizzle/db/schema' (imported as 'activitiesTable').

Import trace for requested module:
./app/api/dashboard/route.ts

./app/api/dashboard/route.ts
Attempted import error: 'activitiesTable' is not exported from '../../../drizzle/db/schema' (imported as 'activitiesTable').

Import trace for requested module:
./app/api/dashboard/route.ts

./app/api/dashboard/route.ts
Attempted import error: 'activitiesTable' is not exported from '../../../drizzle/db/schema' (imported as 'activitiesTable').

Import trace for requested module:
./app/api/dashboard/route.ts

./app/api/dashboard/route.ts
Attempted import error: 'activitiesTable' is not exported from '../../../drizzle/db/schema' (imported as 'activitiesTable').

Import trace for requested module:
./app/api/dashboard/route.ts

./app/api/dashboard/route.ts
Attempted import error: 'activitiesTable' is not exported from '../../../drizzle/db/schema' (imported as 'activitiesTable').

Import trace for requested module:
./app/api/dashboard/route.ts

./app/api/dashboard/route.ts
Attempted import error: 'activitiesTable' is not exported from '../../../drizzle/db/schema' (imported as 'activitiesTable').

Import trace for requested module:
./app/api/dashboard/route.ts

./app/api/dashboard/route.ts
Attempted import error: 'activitiesTable' is not exported from '../../../drizzle/db/schema' (imported as 'activitiesTable').

Import trace for requested module:
./app/api/dashboard/route.ts

./app/api/performance/route.ts
Attempted import error: 'activitiesTable' is not exported from '../../../drizzle/db/schema' (imported as 'activitiesTable').

Import trace for requested module:
./app/api/performance/route.ts

./app/api/performance/route.ts
Attempted import error: 'activitiesTable' is not exported from '../../../drizzle/db/schema' (imported as 'activitiesTable').

Import trace for requested module:
./app/api/performance/route.ts

./app/api/performance/route.ts
Attempted import error: 'activitiesTable' is not exported from '../../../drizzle/db/schema' (imported as 'activitiesTable').

Import trace for requested module:
./app/api/performance/route.ts

./app/api/performance/route.ts
Attempted import error: 'activitiesTable' is not exported from '../../../drizzle/db/schema' (imported as 'activitiesTable').

Import trace for requested module:
./app/api/performance/route.ts

./app/api/performance/route.ts
Attempted import error: 'activitiesTable' is not exported from '../../../drizzle/db/schema' (imported as 'activitiesTable').

Import trace for requested module:
./app/api/performance/route.ts

./app/api/performance/route.ts
Attempted import error: 'activitiesTable' is not exported from '../../../drizzle/db/schema' (imported as 'activitiesTable').

Import trace for requested module:
./app/api/performance/route.ts
 ⚠ ./app/api/dashboard/route.ts
Attempted import error: 'activitiesTable' is not exported from '../../../drizzle/db/schema' (imported as 'activitiesTable').

Import trace for requested module:
./app/api/dashboard/route.ts

./app/api/dashboard/route.ts
Attempted import error: 'activitiesTable' is not exported from '../../../drizzle/db/schema' (imported as 'activitiesTable').

Import trace for requested module:
./app/api/dashboard/route.ts

./app/api/dashboard/route.ts
Attempted import error: 'activitiesTable' is not exported from '../../../drizzle/db/schema' (imported as 'activitiesTable').

Import trace for requested module:
./app/api/dashboard/route.ts

./app/api/dashboard/route.ts
Attempted import error: 'activitiesTable' is not exported from '../../../drizzle/db/schema' (imported as 'activitiesTable').

Import trace for requested module:
./app/api/dashboard/route.ts

./app/api/dashboard/route.ts
Attempted import error: 'activitiesTable' is not exported from '../../../drizzle/db/schema' (imported as 'activitiesTable').

Import trace for requested module:
./app/api/dashboard/route.ts

./app/api/dashboard/route.ts
Attempted import error: 'activitiesTable' is not exported from '../../../drizzle/db/schema' (imported as 'activitiesTable').

Import trace for requested module:
./app/api/dashboard/route.ts

./app/api/dashboard/route.ts
Attempted import error: 'activitiesTable' is not exported from '../../../drizzle/db/schema' (imported as 'activitiesTable').

Import trace for requested module:
./app/api/dashboard/route.ts

./app/api/dashboard/route.ts
Attempted import error: 'activitiesTable' is not exported from '../../../drizzle/db/schema' (imported as 'activitiesTable').

Import trace for requested module:
./app/api/dashboard/route.ts

./app/api/dashboard/route.ts
Attempted import error: 'activitiesTable' is not exported from '../../../drizzle/db/schema' (imported as 'activitiesTable').

Import trace for requested module:
./app/api/dashboard/route.ts

./app/api/dashboard/route.ts
Attempted import error: 'activitiesTable' is not exported from '../../../drizzle/db/schema' (imported as 'activitiesTable').

Import trace for requested module:
./app/api/dashboard/route.ts

./app/api/dashboard/route.ts
Attempted import error: 'activitiesTable' is not exported from '../../../drizzle/db/schema' (imported as 'activitiesTable').

Import trace for requested module:
./app/api/dashboard/route.ts

./app/api/dashboard/route.ts
Attempted import error: 'activitiesTable' is not exported from '../../../drizzle/db/schema' (imported as 'activitiesTable').

Import trace for requested module:
./app/api/dashboard/route.ts

./app/api/dashboard/route.ts
Attempted import error: 'activitiesTable' is not exported from '../../../drizzle/db/schema' (imported as 'activitiesTable').

Import trace for requested module:
./app/api/dashboard/route.ts

./app/api/dashboard/route.ts
Attempted import error: 'activitiesTable' is not exported from '../../../drizzle/db/schema' (imported as 'activitiesTable').

Import trace for requested module:
./app/api/dashboard/route.ts

./app/api/dashboard/route.ts
Attempted import error: 'activitiesTable' is not exported from '../../../drizzle/db/schema' (imported as 'activitiesTable').

Import trace for requested module:
./app/api/dashboard/route.ts

./app/api/dashboard/route.ts
Attempted import error: 'activitiesTable' is not exported from '../../../drizzle/db/schema' (imported as 'activitiesTable').

Import trace for requested module:
./app/api/dashboard/route.ts

./app/api/dashboard/route.ts
Attempted import error: 'activitiesTable' is not exported from '../../../drizzle/db/schema' (imported as 'activitiesTable').

Import trace for requested module:
./app/api/dashboard/route.ts

./app/api/dashboard/route.ts
Attempted import error: 'activitiesTable' is not exported from '../../../drizzle/db/schema' (imported as 'activitiesTable').

Import trace for requested module:
./app/api/dashboard/route.ts

./app/api/dashboard/route.ts
Attempted import error: 'activitiesTable' is not exported from '../../../drizzle/db/schema' (imported as 'activitiesTable').

Import trace for requested module:
./app/api/dashboard/route.ts

./app/api/dashboard/route.ts
Attempted import error: 'resourcesTable' is not exported from '../../../drizzle/db/schema' (imported as 'resourcesTable').

Import trace for requested module:
./app/api/dashboard/route.ts

./app/api/dashboard/route.ts
Attempted import error: 'resourcesTable' is not exported from '../../../drizzle/db/schema' (imported as 'resourcesTable').

Import trace for requested module:
./app/api/dashboard/route.ts

./app/api/dashboard/route.ts
Attempted import error: 'activityResourcesTable' is not exported from '../../../drizzle/db/schema' (imported as 'activityResourcesTable').

Import trace for requested module:
./app/api/dashboard/route.ts

./app/api/dashboard/route.ts
Attempted import error: 'resourcesTable' is not exported from '../../../drizzle/db/schema' (imported as 'resourcesTable').

Import trace for requested module:
./app/api/dashboard/route.ts

./app/api/dashboard/route.ts
Attempted import error: 'activitiesTable' is not exported from '../../../drizzle/db/schema' (imported as 'activitiesTable').

Import trace for requested module:
./app/api/dashboard/route.ts

./app/api/dashboard/route.ts
Attempted import error: 'activityResourcesTable' is not exported from '../../../drizzle/db/schema' (imported as 'activityResourcesTable').

Import trace for requested module:
./app/api/dashboard/route.ts

./app/api/dashboard/route.ts
Attempted import error: 'activityResourcesTable' is not exported from '../../../drizzle/db/schema' (imported as 'activityResourcesTable').

Import trace for requested module:
./app/api/dashboard/route.ts

./app/api/dashboard/route.ts
Attempted import error: 'activitiesTable' is not exported from '../../../drizzle/db/schema' (imported as 'activitiesTable').

Import trace for requested module:
./app/api/dashboard/route.ts

./app/api/dashboard/route.ts
Attempted import error: 'resourcesTable' is not exported from '../../../drizzle/db/schema' (imported as 'resourcesTable').

Import trace for requested module:
./app/api/dashboard/route.ts

./app/api/dashboard/route.ts
Attempted import error: 'resourcesTable' is not exported from '../../../drizzle/db/schema' (imported as 'resourcesTable').

Import trace for requested module:
./app/api/dashboard/route.ts

./app/api/dashboard/route.ts
Attempted import error: 'activityResourcesTable' is not exported from '../../../drizzle/db/schema' (imported as 'activityResourcesTable').

Import trace for requested module:
./app/api/dashboard/route.ts

./app/api/dashboard/route.ts
Attempted import error: 'activitiesTable' is not exported from '../../../drizzle/db/schema' (imported as 'activitiesTable').

Import trace for requested module:
./app/api/dashboard/route.ts

./app/api/dashboard/route.ts
Attempted import error: 'activitiesTable' is not exported from '../../../drizzle/db/schema' (imported as 'activitiesTable').

Import trace for requested module:
./app/api/dashboard/route.ts

./app/api/dashboard/route.ts
Attempted import error: 'activitiesTable' is not exported from '../../../drizzle/db/schema' (imported as 'activitiesTable').

Import trace for requested module:
./app/api/dashboard/route.ts

./app/api/dashboard/route.ts
Attempted import error: 'activitiesTable' is not exported from '../../../drizzle/db/schema' (imported as 'activitiesTable').

Import trace for requested module:
./app/api/dashboard/route.ts

./app/api/dashboard/route.ts
Attempted import error: 'activitiesTable' is not exported from '../../../drizzle/db/schema' (imported as 'activitiesTable').

Import trace for requested module:
./app/api/dashboard/route.ts

./app/api/dashboard/route.ts
Attempted import error: 'activitiesTable' is not exported from '../../../drizzle/db/schema' (imported as 'activitiesTable').

Import trace for requested module:
./app/api/dashboard/route.ts

./app/api/dashboard/route.ts
Attempted import error: 'activitiesTable' is not exported from '../../../drizzle/db/schema' (imported as 'activitiesTable').

Import trace for requested module:
./app/api/dashboard/route.ts
 OPTIONS /api/items 204 in 1336ms
 GET /api/items 200 in 56ms
 OPTIONS /api/items?sub_category=Office+Shoes 204 in 65ms
 GET /api/items?sub_category=Office+Shoes 200 in 21ms
 OPTIONS /api/items?sub_category=Office+Shoes&search=d 204 in 44ms
 GET /api/items?sub_category=Office+Shoes&search=d 200 in 24ms
 OPTIONS /api/items?sub_category=Office+Shoes&search=de 204 in 25ms
 GET /api/items?sub_category=Office+Shoes&search=de 200 in 25ms
 OPTIONS /api/items?sub_category=Office+Shoes&search=der 204 in 29ms
 GET /api/items?sub_category=Office+Shoes&search=der 200 in 32ms
 ⚠ ./app/api/dashboard/route.ts
Attempted import error: 'activitiesTable' is not exported from '../../../drizzle/db/schema' (imported as 'activitiesTable').

Import trace for requested module:
./app/api/dashboard/route.ts

./app/api/dashboard/route.ts
Attempted import error: 'activitiesTable' is not exported from '../../../drizzle/db/schema' (imported as 'activitiesTable').

Import trace for requested module:
./app/api/dashboard/route.ts

./app/api/dashboard/route.ts
Attempted import error: 'activitiesTable' is not exported from '../../../drizzle/db/schema' (imported as 'activitiesTable').

Import trace for requested module:
./app/api/dashboard/route.ts

./app/api/dashboard/route.ts
Attempted import error: 'activitiesTable' is not exported from '../../../drizzle/db/schema' (imported as 'activitiesTable').

Import trace for requested module:
./app/api/dashboard/route.ts

./app/api/dashboard/route.ts
Attempted import error: 'activitiesTable' is not exported from '../../../drizzle/db/schema' (imported as 'activitiesTable').

Import trace for requested module:
./app/api/dashboard/route.ts

./app/api/dashboard/route.ts
Attempted import error: 'activitiesTable' is not exported from '../../../drizzle/db/schema' (imported as 'activitiesTable').

Import trace for requested module:
./app/api/dashboard/route.ts

./app/api/dashboard/route.ts
Attempted import error: 'activitiesTable' is not exported from '../../../drizzle/db/schema' (imported as 'activitiesTable').

Import trace for requested module:
./app/api/dashboard/route.ts

./app/api/dashboard/route.ts
Attempted import error: 'activitiesTable' is not exported from '../../../drizzle/db/schema' (imported as 'activitiesTable').

Import trace for requested module:
./app/api/dashboard/route.ts

./app/api/dashboard/route.ts
Attempted import error: 'activitiesTable' is not exported from '../../../drizzle/db/schema' (imported as 'activitiesTable').

Import trace for requested module:
./app/api/dashboard/route.ts

./app/api/dashboard/route.ts
Attempted import error: 'activitiesTable' is not exported from '../../../drizzle/db/schema' (imported as 'activitiesTable').

Import trace for requested module:
./app/api/dashboard/route.ts

./app/api/dashboard/route.ts
Attempted import error: 'activitiesTable' is not exported from '../../../drizzle/db/schema' (imported as 'activitiesTable').

Import trace for requested module:
./app/api/dashboard/route.ts

./app/api/dashboard/route.ts
Attempted import error: 'activitiesTable' is not exported from '../../../drizzle/db/schema' (imported as 'activitiesTable').

Import trace for requested module:
./app/api/dashboard/route.ts

./app/api/dashboard/route.ts
Attempted import error: 'activitiesTable' is not exported from '../../../drizzle/db/schema' (imported as 'activitiesTable').

Import trace for requested module:
./app/api/dashboard/route.ts

./app/api/dashboard/route.ts
Attempted import error: 'activitiesTable' is not exported from '../../../drizzle/db/schema' (imported as 'activitiesTable').

Import trace for requested module:
./app/api/dashboard/route.ts

./app/api/dashboard/route.ts
Attempted import error: 'activitiesTable' is not exported from '../../../drizzle/db/schema' (imported as 'activitiesTable').

Import trace for requested module:
./app/api/dashboard/route.ts

./app/api/dashboard/route.ts
Attempted import error: 'activitiesTable' is not exported from '../../../drizzle/db/schema' (imported as 'activitiesTable').

Import trace for requested module:
./app/api/dashboard/route.ts

./app/api/dashboard/route.ts
Attempted import error: 'activitiesTable' is not exported from '../../../drizzle/db/schema' (imported as 'activitiesTable').

Import trace for requested module:
./app/api/dashboard/route.ts

./app/api/dashboard/route.ts
Attempted import error: 'activitiesTable' is not exported from '../../../drizzle/db/schema' (imported as 'activitiesTable').

Import trace for requested module:
./app/api/dashboard/route.ts

./app/api/dashboard/route.ts
Attempted import error: 'activitiesTable' is not exported from '../../../drizzle/db/schema' (imported as 'activitiesTable').

Import trace for requested module:
./app/api/dashboard/route.ts

./app/api/dashboard/route.ts
Attempted import error: 'resourcesTable' is not exported from '../../../drizzle/db/schema' (imported as 'resourcesTable').

Import trace for requested module:
./app/api/dashboard/route.ts

./app/api/dashboard/route.ts
Attempted import error: 'resourcesTable' is not exported from '../../../drizzle/db/schema' (imported as 'resourcesTable').

Import trace for requested module:
./app/api/dashboard/route.ts

./app/api/dashboard/route.ts
Attempted import error: 'activityResourcesTable' is not exported from '../../../drizzle/db/schema' (imported as 'activityResourcesTable').

Import trace for requested module:
./app/api/dashboard/route.ts

./app/api/dashboard/route.ts
Attempted import error: 'resourcesTable' is not exported from '../../../drizzle/db/schema' (imported as 'resourcesTable').

Import trace for requested module:
./app/api/dashboard/route.ts

./app/api/dashboard/route.ts
Attempted import error: 'activitiesTable' is not exported from '../../../drizzle/db/schema' (imported as 'activitiesTable').

Import trace for requested module:
./app/api/dashboard/route.ts

./app/api/dashboard/route.ts
Attempted import error: 'activityResourcesTable' is not exported from '../../../drizzle/db/schema' (imported as 'activityResourcesTable').

Import trace for requested module:
./app/api/dashboard/route.ts

./app/api/dashboard/route.ts
Attempted import error: 'activityResourcesTable' is not exported from '../../../drizzle/db/schema' (imported as 'activityResourcesTable').

Import trace for requested module:
./app/api/dashboard/route.ts

./app/api/dashboard/route.ts
Attempted import error: 'activitiesTable' is not exported from '../../../drizzle/db/schema' (imported as 'activitiesTable').

Import trace for requested module:
./app/api/dashboard/route.ts

./app/api/dashboard/route.ts
Attempted import error: 'resourcesTable' is not exported from '../../../drizzle/db/schema' (imported as 'resourcesTable').

Import trace for requested module:
./app/api/dashboard/route.ts

./app/api/dashboard/route.ts
Attempted import error: 'resourcesTable' is not exported from '../../../drizzle/db/schema' (imported as 'resourcesTable').

Import trace for requested module:
./app/api/dashboard/route.ts

./app/api/dashboard/route.ts
Attempted import error: 'activityResourcesTable' is not exported from '../../../drizzle/db/schema' (imported as 'activityResourcesTable').

Import trace for requested module:
./app/api/dashboard/route.ts

./app/api/dashboard/route.ts
Attempted import error: 'activitiesTable' is not exported from '../../../drizzle/db/schema' (imported as 'activitiesTable').

Import trace for requested module:
./app/api/dashboard/route.ts

./app/api/dashboard/route.ts
Attempted import error: 'activitiesTable' is not exported from '../../../drizzle/db/schema' (imported as 'activitiesTable').

Import trace for requested module:
./app/api/dashboard/route.ts

./app/api/dashboard/route.ts
Attempted import error: 'activitiesTable' is not exported from '../../../drizzle/db/schema' (imported as 'activitiesTable').

Import trace for requested module:
./app/api/dashboard/route.ts

./app/api/dashboard/route.ts
Attempted import error: 'activitiesTable' is not exported from '../../../drizzle/db/schema' (imported as 'activitiesTable').

Import trace for requested module:
./app/api/dashboard/route.ts

./app/api/dashboard/route.ts
Attempted import error: 'activitiesTable' is not exported from '../../../drizzle/db/schema' (imported as 'activitiesTable').

Import trace for requested module:
./app/api/dashboard/route.ts

./app/api/dashboard/route.ts
Attempted import error: 'activitiesTable' is not exported from '../../../drizzle/db/schema' (imported as 'activitiesTable').

Import trace for requested module:
./app/api/dashboard/route.ts

./app/api/dashboard/route.ts
Attempted import error: 'activitiesTable' is not exported from '../../../drizzle/db/schema' (imported as 'activitiesTable').

Import trace for requested module:
./app/api/dashboard/route.ts
 ⚠ ./app/api/dashboard/route.ts
Attempted import error: 'activitiesTable' is not exported from '../../../drizzle/db/schema' (imported as 'activitiesTable').

Import trace for requested module:
./app/api/dashboard/route.ts

./app/api/dashboard/route.ts
Attempted import error: 'activitiesTable' is not exported from '../../../drizzle/db/schema' (imported as 'activitiesTable').

Import trace for requested module:
./app/api/dashboard/route.ts

./app/api/dashboard/route.ts
Attempted import error: 'activitiesTable' is not exported from '../../../drizzle/db/schema' (imported as 'activitiesTable').

Import trace for requested module:
./app/api/dashboard/route.ts

./app/api/dashboard/route.ts
Attempted import error: 'activitiesTable' is not exported from '../../../drizzle/db/schema' (imported as 'activitiesTable').

Import trace for requested module:
./app/api/dashboard/route.ts

./app/api/dashboard/route.ts
Attempted import error: 'activitiesTable' is not exported from '../../../drizzle/db/schema' (imported as 'activitiesTable').

Import trace for requested module:
./app/api/dashboard/route.ts

./app/api/dashboard/route.ts
Attempted import error: 'activitiesTable' is not exported from '../../../drizzle/db/schema' (imported as 'activitiesTable').

Import trace for requested module:
./app/api/dashboard/route.ts

./app/api/dashboard/route.ts
Attempted import error: 'activitiesTable' is not exported from '../../../drizzle/db/schema' (imported as 'activitiesTable').

Import trace for requested module:
./app/api/dashboard/route.ts

./app/api/dashboard/route.ts
Attempted import error: 'activitiesTable' is not exported from '../../../drizzle/db/schema' (imported as 'activitiesTable').

Import trace for requested module:
./app/api/dashboard/route.ts

./app/api/dashboard/route.ts
Attempted import error: 'activitiesTable' is not exported from '../../../drizzle/db/schema' (imported as 'activitiesTable').

Import trace for requested module:
./app/api/dashboard/route.ts

./app/api/dashboard/route.ts
Attempted import error: 'activitiesTable' is not exported from '../../../drizzle/db/schema' (imported as 'activitiesTable').

Import trace for requested module:
./app/api/dashboard/route.ts

./app/api/dashboard/route.ts
Attempted import error: 'activitiesTable' is not exported from '../../../drizzle/db/schema' (imported as 'activitiesTable').

Import trace for requested module:
./app/api/dashboard/route.ts

./app/api/dashboard/route.ts
Attempted import error: 'activitiesTable' is not exported from '../../../drizzle/db/schema' (imported as 'activitiesTable').

Import trace for requested module:
./app/api/dashboard/route.ts

./app/api/dashboard/route.ts
Attempted import error: 'activitiesTable' is not exported from '../../../drizzle/db/schema' (imported as 'activitiesTable').

Import trace for requested module:
./app/api/dashboard/route.ts

./app/api/dashboard/route.ts
Attempted import error: 'activitiesTable' is not exported from '../../../drizzle/db/schema' (imported as 'activitiesTable').

Import trace for requested module:
./app/api/dashboard/route.ts

./app/api/dashboard/route.ts
Attempted import error: 'activitiesTable' is not exported from '../../../drizzle/db/schema' (imported as 'activitiesTable').

Import trace for requested module:
./app/api/dashboard/route.ts

./app/api/dashboard/route.ts
Attempted import error: 'activitiesTable' is not exported from '../../../drizzle/db/schema' (imported as 'activitiesTable').

Import trace for requested module:
./app/api/dashboard/route.ts

./app/api/dashboard/route.ts
Attempted import error: 'activitiesTable' is not exported from '../../../drizzle/db/schema' (imported as 'activitiesTable').

Import trace for requested module:
./app/api/dashboard/route.ts

./app/api/dashboard/route.ts
Attempted import error: 'activitiesTable' is not exported from '../../../drizzle/db/schema' (imported as 'activitiesTable').

Import trace for requested module:
./app/api/dashboard/route.ts

./app/api/dashboard/route.ts
Attempted import error: 'activitiesTable' is not exported from '../../../drizzle/db/schema' (imported as 'activitiesTable').

Import trace for requested module:
./app/api/dashboard/route.ts

./app/api/dashboard/route.ts
Attempted import error: 'resourcesTable' is not exported from '../../../drizzle/db/schema' (imported as 'resourcesTable').

Import trace for requested module:
./app/api/dashboard/route.ts

./app/api/dashboard/route.ts
Attempted import error: 'resourcesTable' is not exported from '../../../drizzle/db/schema' (imported as 'resourcesTable').

Import trace for requested module:
./app/api/dashboard/route.ts

./app/api/dashboard/route.ts
Attempted import error: 'activityResourcesTable' is not exported from '../../../drizzle/db/schema' (imported as 'activityResourcesTable').

Import trace for requested module:
./app/api/dashboard/route.ts

./app/api/dashboard/route.ts
Attempted import error: 'resourcesTable' is not exported from '../../../drizzle/db/schema' (imported as 'resourcesTable').

Import trace for requested module:
./app/api/dashboard/route.ts

./app/api/dashboard/route.ts
Attempted import error: 'activitiesTable' is not exported from '../../../drizzle/db/schema' (imported as 'activitiesTable').

Import trace for requested module:
./app/api/dashboard/route.ts

./app/api/dashboard/route.ts
Attempted import error: 'activityResourcesTable' is not exported from '../../../drizzle/db/schema' (imported as 'activityResourcesTable').

Import trace for requested module:
./app/api/dashboard/route.ts

./app/api/dashboard/route.ts
Attempted import error: 'activityResourcesTable' is not exported from '../../../drizzle/db/schema' (imported as 'activityResourcesTable').

Import trace for requested module:
./app/api/dashboard/route.ts

./app/api/dashboard/route.ts
Attempted import error: 'activitiesTable' is not exported from '../../../drizzle/db/schema' (imported as 'activitiesTable').

Import trace for requested module:
./app/api/dashboard/route.ts

./app/api/dashboard/route.ts
Attempted import error: 'resourcesTable' is not exported from '../../../drizzle/db/schema' (imported as 'resourcesTable').

Import trace for requested module:
./app/api/dashboard/route.ts

./app/api/dashboard/route.ts
Attempted import error: 'resourcesTable' is not exported from '../../../drizzle/db/schema' (imported as 'resourcesTable').

Import trace for requested module:
./app/api/dashboard/route.ts

./app/api/dashboard/route.ts
Attempted import error: 'activityResourcesTable' is not exported from '../../../drizzle/db/schema' (imported as 'activityResourcesTable').

Import trace for requested module:
./app/api/dashboard/route.ts

./app/api/dashboard/route.ts
Attempted import error: 'activitiesTable' is not exported from '../../../drizzle/db/schema' (imported as 'activitiesTable').

Import trace for requested module:
./app/api/dashboard/route.ts

./app/api/dashboard/route.ts
Attempted import error: 'activitiesTable' is not exported from '../../../drizzle/db/schema' (imported as 'activitiesTable').

Import trace for requested module:
./app/api/dashboard/route.ts

./app/api/dashboard/route.ts
Attempted import error: 'activitiesTable' is not exported from '../../../drizzle/db/schema' (imported as 'activitiesTable').

Import trace for requested module:
./app/api/dashboard/route.ts

./app/api/dashboard/route.ts
Attempted import error: 'activitiesTable' is not exported from '../../../drizzle/db/schema' (imported as 'activitiesTable').

Import trace for requested module:
./app/api/dashboard/route.ts

./app/api/dashboard/route.ts
Attempted import error: 'activitiesTable' is not exported from '../../../drizzle/db/schema' (imported as 'activitiesTable').

Import trace for requested module:
./app/api/dashboard/route.ts

./app/api/dashboard/route.ts
Attempted import error: 'activitiesTable' is not exported from '../../../drizzle/db/schema' (imported as 'activitiesTable').

Import trace for requested module:
./app/api/dashboard/route.ts

./app/api/dashboard/route.ts
Attempted import error: 'activitiesTable' is not exported from '../../../drizzle/db/schema' (imported as 'activitiesTable').

Import trace for requested module:
./app/api/dashboard/route.ts
 OPTIONS /api/items/2 204 in 1006ms
 GET /api/items/2 200 in 65ms
 OPTIONS /api/items?sub_category=Office+Shoes&search=der 204 in 77ms
 GET /api/items?sub_category=Office+Shoes&search=der 200 in 23ms
 OPTIONS /api/items?sub_category=Office+Shoes&search=der 204 in 78ms
 GET /api/items?sub_category=Office+Shoes&search=der 200 in 43ms
 ⚠ ./app/api/dashboard/route.ts
Attempted import error: 'activitiesTable' is not exported from '../../../drizzle/db/schema' (imported as 'activitiesTable').

Import trace for requested module:
./app/api/dashboard/route.ts

./app/api/dashboard/route.ts
Attempted import error: 'activitiesTable' is not exported from '../../../drizzle/db/schema' (imported as 'activitiesTable').

Import trace for requested module:
./app/api/dashboard/route.ts

./app/api/dashboard/route.ts
Attempted import error: 'activitiesTable' is not exported from '../../../drizzle/db/schema' (imported as 'activitiesTable').

Import trace for requested module:
./app/api/dashboard/route.ts

./app/api/dashboard/route.ts
Attempted import error: 'activitiesTable' is not exported from '../../../drizzle/db/schema' (imported as 'activitiesTable').

Import trace for requested module:
./app/api/dashboard/route.ts

./app/api/dashboard/route.ts
Attempted import error: 'activitiesTable' is not exported from '../../../drizzle/db/schema' (imported as 'activitiesTable').

Import trace for requested module:
./app/api/dashboard/route.ts

./app/api/dashboard/route.ts
Attempted import error: 'activitiesTable' is not exported from '../../../drizzle/db/schema' (imported as 'activitiesTable').

Import trace for requested module:
./app/api/dashboard/route.ts

./app/api/dashboard/route.ts
Attempted import error: 'activitiesTable' is not exported from '../../../drizzle/db/schema' (imported as 'activitiesTable').

Import trace for requested module:
./app/api/dashboard/route.ts

./app/api/dashboard/route.ts
Attempted import error: 'activitiesTable' is not exported from '../../../drizzle/db/schema' (imported as 'activitiesTable').

Import trace for requested module:
./app/api/dashboard/route.ts

./app/api/dashboard/route.ts
Attempted import error: 'activitiesTable' is not exported from '../../../drizzle/db/schema' (imported as 'activitiesTable').

Import trace for requested module:
./app/api/dashboard/route.ts

./app/api/dashboard/route.ts
Attempted import error: 'activitiesTable' is not exported from '../../../drizzle/db/schema' (imported as 'activitiesTable').

Import trace for requested module:
./app/api/dashboard/route.ts

./app/api/dashboard/route.ts
Attempted import error: 'activitiesTable' is not exported from '../../../drizzle/db/schema' (imported as 'activitiesTable').

Import trace for requested module:
./app/api/dashboard/route.ts

./app/api/dashboard/route.ts
Attempted import error: 'activitiesTable' is not exported from '../../../drizzle/db/schema' (imported as 'activitiesTable').

Import trace for requested module:
./app/api/dashboard/route.ts

./app/api/dashboard/route.ts
Attempted import error: 'activitiesTable' is not exported from '../../../drizzle/db/schema' (imported as 'activitiesTable').

Import trace for requested module:
./app/api/dashboard/route.ts

./app/api/dashboard/route.ts
Attempted import error: 'activitiesTable' is not exported from '../../../drizzle/db/schema' (imported as 'activitiesTable').

Import trace for requested module:
./app/api/dashboard/route.ts

./app/api/dashboard/route.ts
Attempted import error: 'activitiesTable' is not exported from '../../../drizzle/db/schema' (imported as 'activitiesTable').

Import trace for requested module:
./app/api/dashboard/route.ts

./app/api/dashboard/route.ts
Attempted import error: 'activitiesTable' is not exported from '../../../drizzle/db/schema' (imported as 'activitiesTable').

Import trace for requested module:
./app/api/dashboard/route.ts

./app/api/dashboard/route.ts
Attempted import error: 'activitiesTable' is not exported from '../../../drizzle/db/schema' (imported as 'activitiesTable').

Import trace for requested module:
./app/api/dashboard/route.ts

./app/api/dashboard/route.ts
Attempted import error: 'activitiesTable' is not exported from '../../../drizzle/db/schema' (imported as 'activitiesTable').

Import trace for requested module:
./app/api/dashboard/route.ts

./app/api/dashboard/route.ts
Attempted import error: 'activitiesTable' is not exported from '../../../drizzle/db/schema' (imported as 'activitiesTable').

Import trace for requested module:
./app/api/dashboard/route.ts

./app/api/dashboard/route.ts
Attempted import error: 'resourcesTable' is not exported from '../../../drizzle/db/schema' (imported as 'resourcesTable').

Import trace for requested module:
./app/api/dashboard/route.ts

./app/api/dashboard/route.ts
Attempted import error: 'resourcesTable' is not exported from '../../../drizzle/db/schema' (imported as 'resourcesTable').

Import trace for requested module:
./app/api/dashboard/route.ts

./app/api/dashboard/route.ts
Attempted import error: 'activityResourcesTable' is not exported from '../../../drizzle/db/schema' (imported as 'activityResourcesTable').

Import trace for requested module:
./app/api/dashboard/route.ts

./app/api/dashboard/route.ts
Attempted import error: 'resourcesTable' is not exported from '../../../drizzle/db/schema' (imported as 'resourcesTable').

Import trace for requested module:
./app/api/dashboard/route.ts

./app/api/dashboard/route.ts
Attempted import error: 'activitiesTable' is not exported from '../../../drizzle/db/schema' (imported as 'activitiesTable').

Import trace for requested module:
./app/api/dashboard/route.ts

./app/api/dashboard/route.ts
Attempted import error: 'activityResourcesTable' is not exported from '../../../drizzle/db/schema' (imported as 'activityResourcesTable').

Import trace for requested module:
./app/api/dashboard/route.ts

./app/api/dashboard/route.ts
Attempted import error: 'activityResourcesTable' is not exported from '../../../drizzle/db/schema' (imported as 'activityResourcesTable').

Import trace for requested module:
./app/api/dashboard/route.ts

./app/api/dashboard/route.ts
Attempted import error: 'activitiesTable' is not exported from '../../../drizzle/db/schema' (imported as 'activitiesTable').

Import trace for requested module:
./app/api/dashboard/route.ts

./app/api/dashboard/route.ts
Attempted import error: 'resourcesTable' is not exported from '../../../drizzle/db/schema' (imported as 'resourcesTable').

Import trace for requested module:
./app/api/dashboard/route.ts

./app/api/dashboard/route.ts
Attempted import error: 'resourcesTable' is not exported from '../../../drizzle/db/schema' (imported as 'resourcesTable').

Import trace for requested module:
./app/api/dashboard/route.ts

./app/api/dashboard/route.ts
Attempted import error: 'activityResourcesTable' is not exported from '../../../drizzle/db/schema' (imported as 'activityResourcesTable').

Import trace for requested module:
./app/api/dashboard/route.ts

./app/api/dashboard/route.ts
Attempted import error: 'activitiesTable' is not exported from '../../../drizzle/db/schema' (imported as 'activitiesTable').

Import trace for requested module:
./app/api/dashboard/route.ts

./app/api/dashboard/route.ts
Attempted import error: 'activitiesTable' is not exported from '../../../drizzle/db/schema' (imported as 'activitiesTable').

Import trace for requested module:
./app/api/dashboard/route.ts

./app/api/dashboard/route.ts
Attempted import error: 'activitiesTable' is not exported from '../../../drizzle/db/schema' (imported as 'activitiesTable').

Import trace for requested module:
./app/api/dashboard/route.ts

./app/api/dashboard/route.ts
Attempted import error: 'activitiesTable' is not exported from '../../../drizzle/db/schema' (imported as 'activitiesTable').

Import trace for requested module:
./app/api/dashboard/route.ts

./app/api/dashboard/route.ts
Attempted import error: 'activitiesTable' is not exported from '../../../drizzle/db/schema' (imported as 'activitiesTable').

Import trace for requested module:
./app/api/dashboard/route.ts

./app/api/dashboard/route.ts
Attempted import error: 'activitiesTable' is not exported from '../../../drizzle/db/schema' (imported as 'activitiesTable').

Import trace for requested module:
./app/api/dashboard/route.ts

./app/api/dashboard/route.ts
Attempted import error: 'activitiesTable' is not exported from '../../../drizzle/db/schema' (imported as 'activitiesTable').

Import trace for requested module:
./app/api/dashboard/route.ts
 ⚠ ./app/api/dashboard/route.ts
Attempted import error: 'activitiesTable' is not exported from '../../../drizzle/db/schema' (imported as 'activitiesTable').

Import trace for requested module:
./app/api/dashboard/route.ts

./app/api/dashboard/route.ts
Attempted import error: 'activitiesTable' is not exported from '../../../drizzle/db/schema' (imported as 'activitiesTable').

Import trace for requested module:
./app/api/dashboard/route.ts

./app/api/dashboard/route.ts
Attempted import error: 'activitiesTable' is not exported from '../../../drizzle/db/schema' (imported as 'activitiesTable').

Import trace for requested module:
./app/api/dashboard/route.ts

./app/api/dashboard/route.ts
Attempted import error: 'activitiesTable' is not exported from '../../../drizzle/db/schema' (imported as 'activitiesTable').

Import trace for requested module:
./app/api/dashboard/route.ts

./app/api/dashboard/route.ts
Attempted import error: 'activitiesTable' is not exported from '../../../drizzle/db/schema' (imported as 'activitiesTable').

Import trace for requested module:
./app/api/dashboard/route.ts

./app/api/dashboard/route.ts
Attempted import error: 'activitiesTable' is not exported from '../../../drizzle/db/schema' (imported as 'activitiesTable').

Import trace for requested module:
./app/api/dashboard/route.ts

./app/api/dashboard/route.ts
Attempted import error: 'activitiesTable' is not exported from '../../../drizzle/db/schema' (imported as 'activitiesTable').

Import trace for requested module:
./app/api/dashboard/route.ts

./app/api/dashboard/route.ts
Attempted import error: 'activitiesTable' is not exported from '../../../drizzle/db/schema' (imported as 'activitiesTable').

Import trace for requested module:
./app/api/dashboard/route.ts

./app/api/dashboard/route.ts
Attempted import error: 'activitiesTable' is not exported from '../../../drizzle/db/schema' (imported as 'activitiesTable').

Import trace for requested module:
./app/api/dashboard/route.ts

./app/api/dashboard/route.ts
Attempted import error: 'activitiesTable' is not exported from '../../../drizzle/db/schema' (imported as 'activitiesTable').

Import trace for requested module:
./app/api/dashboard/route.ts

./app/api/dashboard/route.ts
Attempted import error: 'activitiesTable' is not exported from '../../../drizzle/db/schema' (imported as 'activitiesTable').

Import trace for requested module:
./app/api/dashboard/route.ts

./app/api/dashboard/route.ts
Attempted import error: 'activitiesTable' is not exported from '../../../drizzle/db/schema' (imported as 'activitiesTable').

Import trace for requested module:
./app/api/dashboard/route.ts

./app/api/dashboard/route.ts
Attempted import error: 'activitiesTable' is not exported from '../../../drizzle/db/schema' (imported as 'activitiesTable').

Import trace for requested module:
./app/api/dashboard/route.ts

./app/api/dashboard/route.ts
Attempted import error: 'activitiesTable' is not exported from '../../../drizzle/db/schema' (imported as 'activitiesTable').

Import trace for requested module:
./app/api/dashboard/route.ts

./app/api/dashboard/route.ts
Attempted import error: 'activitiesTable' is not exported from '../../../drizzle/db/schema' (imported as 'activitiesTable').

Import trace for requested module:
./app/api/dashboard/route.ts

./app/api/dashboard/route.ts
Attempted import error: 'activitiesTable' is not exported from '../../../drizzle/db/schema' (imported as 'activitiesTable').

Import trace for requested module:
./app/api/dashboard/route.ts

./app/api/dashboard/route.ts
Attempted import error: 'activitiesTable' is not exported from '../../../drizzle/db/schema' (imported as 'activitiesTable').

Import trace for requested module:
./app/api/dashboard/route.ts

./app/api/dashboard/route.ts
Attempted import error: 'activitiesTable' is not exported from '../../../drizzle/db/schema' (imported as 'activitiesTable').

Import trace for requested module:
./app/api/dashboard/route.ts

./app/api/dashboard/route.ts
Attempted import error: 'activitiesTable' is not exported from '../../../drizzle/db/schema' (imported as 'activitiesTable').

Import trace for requested module:
./app/api/dashboard/route.ts

./app/api/dashboard/route.ts
Attempted import error: 'resourcesTable' is not exported from '../../../drizzle/db/schema' (imported as 'resourcesTable').

Import trace for requested module:
./app/api/dashboard/route.ts

./app/api/dashboard/route.ts
Attempted import error: 'resourcesTable' is not exported from '../../../drizzle/db/schema' (imported as 'resourcesTable').

Import trace for requested module:
./app/api/dashboard/route.ts

./app/api/dashboard/route.ts
Attempted import error: 'activityResourcesTable' is not exported from '../../../drizzle/db/schema' (imported as 'activityResourcesTable').

Import trace for requested module:
./app/api/dashboard/route.ts

./app/api/dashboard/route.ts
Attempted import error: 'resourcesTable' is not exported from '../../../drizzle/db/schema' (imported as 'resourcesTable').

Import trace for requested module:
./app/api/dashboard/route.ts

./app/api/dashboard/route.ts
Attempted import error: 'activitiesTable' is not exported from '../../../drizzle/db/schema' (imported as 'activitiesTable').

Import trace for requested module:
./app/api/dashboard/route.ts

./app/api/dashboard/route.ts
Attempted import error: 'activityResourcesTable' is not exported from '../../../drizzle/db/schema' (imported as 'activityResourcesTable').

Import trace for requested module:
./app/api/dashboard/route.ts

./app/api/dashboard/route.ts
Attempted import error: 'activityResourcesTable' is not exported from '../../../drizzle/db/schema' (imported as 'activityResourcesTable').

Import trace for requested module:
./app/api/dashboard/route.ts

./app/api/dashboard/route.ts
Attempted import error: 'activitiesTable' is not exported from '../../../drizzle/db/schema' (imported as 'activitiesTable').

Import trace for requested module:
./app/api/dashboard/route.ts

./app/api/dashboard/route.ts
Attempted import error: 'resourcesTable' is not exported from '../../../drizzle/db/schema' (imported as 'resourcesTable').

Import trace for requested module:
./app/api/dashboard/route.ts

./app/api/dashboard/route.ts
Attempted import error: 'resourcesTable' is not exported from '../../../drizzle/db/schema' (imported as 'resourcesTable').

Import trace for requested module:
./app/api/dashboard/route.ts

./app/api/dashboard/route.ts
Attempted import error: 'activityResourcesTable' is not exported from '../../../drizzle/db/schema' (imported as 'activityResourcesTable').

Import trace for requested module:
./app/api/dashboard/route.ts

./app/api/dashboard/route.ts
Attempted import error: 'activitiesTable' is not exported from '../../../drizzle/db/schema' (imported as 'activitiesTable').

Import trace for requested module:
./app/api/dashboard/route.ts

./app/api/dashboard/route.ts
Attempted import error: 'activitiesTable' is not exported from '../../../drizzle/db/schema' (imported as 'activitiesTable').

Import trace for requested module:
./app/api/dashboard/route.ts

./app/api/dashboard/route.ts
Attempted import error: 'activitiesTable' is not exported from '../../../drizzle/db/schema' (imported as 'activitiesTable').

Import trace for requested module:
./app/api/dashboard/route.ts

./app/api/dashboard/route.ts
Attempted import error: 'activitiesTable' is not exported from '../../../drizzle/db/schema' (imported as 'activitiesTable').

Import trace for requested module:
./app/api/dashboard/route.ts

./app/api/dashboard/route.ts
Attempted import error: 'activitiesTable' is not exported from '../../../drizzle/db/schema' (imported as 'activitiesTable').

Import trace for requested module:
./app/api/dashboard/route.ts

./app/api/dashboard/route.ts
Attempted import error: 'activitiesTable' is not exported from '../../../drizzle/db/schema' (imported as 'activitiesTable').

Import trace for requested module:
./app/api/dashboard/route.ts

./app/api/dashboard/route.ts
Attempted import error: 'activitiesTable' is not exported from '../../../drizzle/db/schema' (imported as 'activitiesTable').

Import trace for requested module:
./app/api/dashboard/route.ts
 OPTIONS /api/branches 204 in 744ms
 GET /api/branches 200 in 54ms
 ⚠ ./app/api/dashboard/route.ts
Attempted import error: 'activitiesTable' is not exported from '../../../drizzle/db/schema' (imported as 'activitiesTable').

Import trace for requested module:
./app/api/dashboard/route.ts

./app/api/dashboard/route.ts
Attempted import error: 'activitiesTable' is not exported from '../../../drizzle/db/schema' (imported as 'activitiesTable').

Import trace for requested module:
./app/api/dashboard/route.ts

./app/api/dashboard/route.ts
Attempted import error: 'activitiesTable' is not exported from '../../../drizzle/db/schema' (imported as 'activitiesTable').

Import trace for requested module:
./app/api/dashboard/route.ts

./app/api/dashboard/route.ts
Attempted import error: 'activitiesTable' is not exported from '../../../drizzle/db/schema' (imported as 'activitiesTable').

Import trace for requested module:
./app/api/dashboard/route.ts

./app/api/dashboard/route.ts
Attempted import error: 'activitiesTable' is not exported from '../../../drizzle/db/schema' (imported as 'activitiesTable').

Import trace for requested module:
./app/api/dashboard/route.ts

./app/api/dashboard/route.ts
Attempted import error: 'activitiesTable' is not exported from '../../../drizzle/db/schema' (imported as 'activitiesTable').

Import trace for requested module:
./app/api/dashboard/route.ts

./app/api/dashboard/route.ts
Attempted import error: 'activitiesTable' is not exported from '../../../drizzle/db/schema' (imported as 'activitiesTable').

Import trace for requested module:
./app/api/dashboard/route.ts

./app/api/dashboard/route.ts
Attempted import error: 'activitiesTable' is not exported from '../../../drizzle/db/schema' (imported as 'activitiesTable').

Import trace for requested module:
./app/api/dashboard/route.ts

./app/api/dashboard/route.ts
Attempted import error: 'activitiesTable' is not exported from '../../../drizzle/db/schema' (imported as 'activitiesTable').

Import trace for requested module:
./app/api/dashboard/route.ts

./app/api/dashboard/route.ts
Attempted import error: 'activitiesTable' is not exported from '../../../drizzle/db/schema' (imported as 'activitiesTable').

Import trace for requested module:
./app/api/dashboard/route.ts

./app/api/dashboard/route.ts
Attempted import error: 'activitiesTable' is not exported from '../../../drizzle/db/schema' (imported as 'activitiesTable').

Import trace for requested module:
./app/api/dashboard/route.ts

./app/api/dashboard/route.ts
Attempted import error: 'activitiesTable' is not exported from '../../../drizzle/db/schema' (imported as 'activitiesTable').

Import trace for requested module:
./app/api/dashboard/route.ts

./app/api/dashboard/route.ts
Attempted import error: 'activitiesTable' is not exported from '../../../drizzle/db/schema' (imported as 'activitiesTable').

Import trace for requested module:
./app/api/dashboard/route.ts

./app/api/dashboard/route.ts
Attempted import error: 'activitiesTable' is not exported from '../../../drizzle/db/schema' (imported as 'activitiesTable').

Import trace for requested module:
./app/api/dashboard/route.ts

./app/api/dashboard/route.ts
Attempted import error: 'activitiesTable' is not exported from '../../../drizzle/db/schema' (imported as 'activitiesTable').

Import trace for requested module:
./app/api/dashboard/route.ts

./app/api/dashboard/route.ts
Attempted import error: 'activitiesTable' is not exported from '../../../drizzle/db/schema' (imported as 'activitiesTable').

Import trace for requested module:
./app/api/dashboard/route.ts

./app/api/dashboard/route.ts
Attempted import error: 'activitiesTable' is not exported from '../../../drizzle/db/schema' (imported as 'activitiesTable').

Import trace for requested module:
./app/api/dashboard/route.ts

./app/api/dashboard/route.ts
Attempted import error: 'activitiesTable' is not exported from '../../../drizzle/db/schema' (imported as 'activitiesTable').

Import trace for requested module:
./app/api/dashboard/route.ts

./app/api/dashboard/route.ts
Attempted import error: 'activitiesTable' is not exported from '../../../drizzle/db/schema' (imported as 'activitiesTable').

Import trace for requested module:
./app/api/dashboard/route.ts

./app/api/dashboard/route.ts
Attempted import error: 'resourcesTable' is not exported from '../../../drizzle/db/schema' (imported as 'resourcesTable').

Import trace for requested module:
./app/api/dashboard/route.ts

./app/api/dashboard/route.ts
Attempted import error: 'resourcesTable' is not exported from '../../../drizzle/db/schema' (imported as 'resourcesTable').

Import trace for requested module:
./app/api/dashboard/route.ts

./app/api/dashboard/route.ts
Attempted import error: 'activityResourcesTable' is not exported from '../../../drizzle/db/schema' (imported as 'activityResourcesTable').

Import trace for requested module:
./app/api/dashboard/route.ts

./app/api/dashboard/route.ts
Attempted import error: 'resourcesTable' is not exported from '../../../drizzle/db/schema' (imported as 'resourcesTable').

Import trace for requested module:
./app/api/dashboard/route.ts

./app/api/dashboard/route.ts
Attempted import error: 'activitiesTable' is not exported from '../../../drizzle/db/schema' (imported as 'activitiesTable').

Import trace for requested module:
./app/api/dashboard/route.ts

./app/api/dashboard/route.ts
Attempted import error: 'activityResourcesTable' is not exported from '../../../drizzle/db/schema' (imported as 'activityResourcesTable').

Import trace for requested module:
./app/api/dashboard/route.ts

./app/api/dashboard/route.ts
Attempted import error: 'activityResourcesTable' is not exported from '../../../drizzle/db/schema' (imported as 'activityResourcesTable').

Import trace for requested module:
./app/api/dashboard/route.ts

./app/api/dashboard/route.ts
Attempted import error: 'activitiesTable' is not exported from '../../../drizzle/db/schema' (imported as 'activitiesTable').

Import trace for requested module:
./app/api/dashboard/route.ts

./app/api/dashboard/route.ts
Attempted import error: 'resourcesTable' is not exported from '../../../drizzle/db/schema' (imported as 'resourcesTable').

Import trace for requested module:
./app/api/dashboard/route.ts

./app/api/dashboard/route.ts
Attempted import error: 'resourcesTable' is not exported from '../../../drizzle/db/schema' (imported as 'resourcesTable').

Import trace for requested module:
./app/api/dashboard/route.ts

./app/api/dashboard/route.ts
Attempted import error: 'activityResourcesTable' is not exported from '../../../drizzle/db/schema' (imported as 'activityResourcesTable').

Import trace for requested module:
./app/api/dashboard/route.ts

./app/api/dashboard/route.ts
Attempted import error: 'activitiesTable' is not exported from '../../../drizzle/db/schema' (imported as 'activitiesTable').

Import trace for requested module:
./app/api/dashboard/route.ts

./app/api/dashboard/route.ts
Attempted import error: 'activitiesTable' is not exported from '../../../drizzle/db/schema' (imported as 'activitiesTable').

Import trace for requested module:
./app/api/dashboard/route.ts

./app/api/dashboard/route.ts
Attempted import error: 'activitiesTable' is not exported from '../../../drizzle/db/schema' (imported as 'activitiesTable').

Import trace for requested module:
./app/api/dashboard/route.ts

./app/api/dashboard/route.ts
Attempted import error: 'activitiesTable' is not exported from '../../../drizzle/db/schema' (imported as 'activitiesTable').

Import trace for requested module:
./app/api/dashboard/route.ts

./app/api/dashboard/route.ts
Attempted import error: 'activitiesTable' is not exported from '../../../drizzle/db/schema' (imported as 'activitiesTable').

Import trace for requested module:
./app/api/dashboard/route.ts

./app/api/dashboard/route.ts
Attempted import error: 'activitiesTable' is not exported from '../../../drizzle/db/schema' (imported as 'activitiesTable').

Import trace for requested module:
./app/api/dashboard/route.ts

./app/api/dashboard/route.ts
Attempted import error: 'activitiesTable' is not exported from '../../../drizzle/db/schema' (imported as 'activitiesTable').

Import trace for requested module:
./app/api/dashboard/route.ts
 ⚠ ./app/api/dashboard/route.ts
Attempted import error: 'activitiesTable' is not exported from '../../../drizzle/db/schema' (imported as 'activitiesTable').

Import trace for requested module:
./app/api/dashboard/route.ts

./app/api/dashboard/route.ts
Attempted import error: 'activitiesTable' is not exported from '../../../drizzle/db/schema' (imported as 'activitiesTable').

Import trace for requested module:
./app/api/dashboard/route.ts

./app/api/dashboard/route.ts
Attempted import error: 'activitiesTable' is not exported from '../../../drizzle/db/schema' (imported as 'activitiesTable').

Import trace for requested module:
./app/api/dashboard/route.ts

./app/api/dashboard/route.ts
Attempted import error: 'activitiesTable' is not exported from '../../../drizzle/db/schema' (imported as 'activitiesTable').

Import trace for requested module:
./app/api/dashboard/route.ts

./app/api/dashboard/route.ts
Attempted import error: 'activitiesTable' is not exported from '../../../drizzle/db/schema' (imported as 'activitiesTable').

Import trace for requested module:
./app/api/dashboard/route.ts

./app/api/dashboard/route.ts
Attempted import error: 'activitiesTable' is not exported from '../../../drizzle/db/schema' (imported as 'activitiesTable').

Import trace for requested module:
./app/api/dashboard/route.ts

./app/api/dashboard/route.ts
Attempted import error: 'activitiesTable' is not exported from '../../../drizzle/db/schema' (imported as 'activitiesTable').

Import trace for requested module:
./app/api/dashboard/route.ts

./app/api/dashboard/route.ts
Attempted import error: 'activitiesTable' is not exported from '../../../drizzle/db/schema' (imported as 'activitiesTable').

Import trace for requested module:
./app/api/dashboard/route.ts

./app/api/dashboard/route.ts
Attempted import error: 'activitiesTable' is not exported from '../../../drizzle/db/schema' (imported as 'activitiesTable').

Import trace for requested module:
./app/api/dashboard/route.ts

./app/api/dashboard/route.ts
Attempted import error: 'activitiesTable' is not exported from '../../../drizzle/db/schema' (imported as 'activitiesTable').

Import trace for requested module:
./app/api/dashboard/route.ts

./app/api/dashboard/route.ts
Attempted import error: 'activitiesTable' is not exported from '../../../drizzle/db/schema' (imported as 'activitiesTable').

Import trace for requested module:
./app/api/dashboard/route.ts

./app/api/dashboard/route.ts
Attempted import error: 'activitiesTable' is not exported from '../../../drizzle/db/schema' (imported as 'activitiesTable').

Import trace for requested module:
./app/api/dashboard/route.ts

./app/api/dashboard/route.ts
Attempted import error: 'activitiesTable' is not exported from '../../../drizzle/db/schema' (imported as 'activitiesTable').

Import trace for requested module:
./app/api/dashboard/route.ts

./app/api/dashboard/route.ts
Attempted import error: 'activitiesTable' is not exported from '../../../drizzle/db/schema' (imported as 'activitiesTable').

Import trace for requested module:
./app/api/dashboard/route.ts

./app/api/dashboard/route.ts
Attempted import error: 'activitiesTable' is not exported from '../../../drizzle/db/schema' (imported as 'activitiesTable').

Import trace for requested module:
./app/api/dashboard/route.ts

./app/api/dashboard/route.ts
Attempted import error: 'activitiesTable' is not exported from '../../../drizzle/db/schema' (imported as 'activitiesTable').

Import trace for requested module:
./app/api/dashboard/route.ts

./app/api/dashboard/route.ts
Attempted import error: 'activitiesTable' is not exported from '../../../drizzle/db/schema' (imported as 'activitiesTable').

Import trace for requested module:
./app/api/dashboard/route.ts

./app/api/dashboard/route.ts
Attempted import error: 'activitiesTable' is not exported from '../../../drizzle/db/schema' (imported as 'activitiesTable').

Import trace for requested module:
./app/api/dashboard/route.ts

./app/api/dashboard/route.ts
Attempted import error: 'activitiesTable' is not exported from '../../../drizzle/db/schema' (imported as 'activitiesTable').

Import trace for requested module:
./app/api/dashboard/route.ts

./app/api/dashboard/route.ts
Attempted import error: 'resourcesTable' is not exported from '../../../drizzle/db/schema' (imported as 'resourcesTable').

Import trace for requested module:
./app/api/dashboard/route.ts

./app/api/dashboard/route.ts
Attempted import error: 'resourcesTable' is not exported from '../../../drizzle/db/schema' (imported as 'resourcesTable').

Import trace for requested module:
./app/api/dashboard/route.ts

./app/api/dashboard/route.ts
Attempted import error: 'activityResourcesTable' is not exported from '../../../drizzle/db/schema' (imported as 'activityResourcesTable').

Import trace for requested module:
./app/api/dashboard/route.ts

./app/api/dashboard/route.ts
Attempted import error: 'resourcesTable' is not exported from '../../../drizzle/db/schema' (imported as 'resourcesTable').

Import trace for requested module:
./app/api/dashboard/route.ts

./app/api/dashboard/route.ts
Attempted import error: 'activitiesTable' is not exported from '../../../drizzle/db/schema' (imported as 'activitiesTable').

Import trace for requested module:
./app/api/dashboard/route.ts

./app/api/dashboard/route.ts
Attempted import error: 'activityResourcesTable' is not exported from '../../../drizzle/db/schema' (imported as 'activityResourcesTable').

Import trace for requested module:
./app/api/dashboard/route.ts

./app/api/dashboard/route.ts
Attempted import error: 'activityResourcesTable' is not exported from '../../../drizzle/db/schema' (imported as 'activityResourcesTable').

Import trace for requested module:
./app/api/dashboard/route.ts

./app/api/dashboard/route.ts
Attempted import error: 'activitiesTable' is not exported from '../../../drizzle/db/schema' (imported as 'activitiesTable').

Import trace for requested module:
./app/api/dashboard/route.ts

./app/api/dashboard/route.ts
Attempted import error: 'resourcesTable' is not exported from '../../../drizzle/db/schema' (imported as 'resourcesTable').

Import trace for requested module:
./app/api/dashboard/route.ts

./app/api/dashboard/route.ts
Attempted import error: 'resourcesTable' is not exported from '../../../drizzle/db/schema' (imported as 'resourcesTable').

Import trace for requested module:
./app/api/dashboard/route.ts

./app/api/dashboard/route.ts
Attempted import error: 'activityResourcesTable' is not exported from '../../../drizzle/db/schema' (imported as 'activityResourcesTable').

Import trace for requested module:
./app/api/dashboard/route.ts

./app/api/dashboard/route.ts
Attempted import error: 'activitiesTable' is not exported from '../../../drizzle/db/schema' (imported as 'activitiesTable').

Import trace for requested module:
./app/api/dashboard/route.ts

./app/api/dashboard/route.ts
Attempted import error: 'activitiesTable' is not exported from '../../../drizzle/db/schema' (imported as 'activitiesTable').

Import trace for requested module:
./app/api/dashboard/route.ts

./app/api/dashboard/route.ts
Attempted import error: 'activitiesTable' is not exported from '../../../drizzle/db/schema' (imported as 'activitiesTable').

Import trace for requested module:
./app/api/dashboard/route.ts

./app/api/dashboard/route.ts
Attempted import error: 'activitiesTable' is not exported from '../../../drizzle/db/schema' (imported as 'activitiesTable').

Import trace for requested module:
./app/api/dashboard/route.ts

./app/api/dashboard/route.ts
Attempted import error: 'activitiesTable' is not exported from '../../../drizzle/db/schema' (imported as 'activitiesTable').

Import trace for requested module:
./app/api/dashboard/route.ts

./app/api/dashboard/route.ts
Attempted import error: 'activitiesTable' is not exported from '../../../drizzle/db/schema' (imported as 'activitiesTable').

Import trace for requested module:
./app/api/dashboard/route.ts

./app/api/dashboard/route.ts
Attempted import error: 'activitiesTable' is not exported from '../../../drizzle/db/schema' (imported as 'activitiesTable').

Import trace for requested module:
./app/api/dashboard/route.ts
 OPTIONS /api/events?event_type=sale 204 in 739ms
 GET /api/events?event_type=sale 200 in 327ms
 OPTIONS /api/events 204 in 95ms
 GET /api/events 200 in 22ms
 OPTIONS /api/events?event_type=transfer 204 in 39ms
 GET /api/events?event_type=transfer 200 in 23ms
 OPTIONS /api/events?event_type=sale 204 in 36ms
 GET /api/events?event_type=sale 200 in 27ms
 GET /api/events 200 in 33ms
 ⚠ ./app/api/dashboard/route.ts
Attempted import error: 'activitiesTable' is not exported from '../../../drizzle/db/schema' (imported as 'activitiesTable').

Import trace for requested module:
./app/api/dashboard/route.ts

./app/api/dashboard/route.ts
Attempted import error: 'activitiesTable' is not exported from '../../../drizzle/db/schema' (imported as 'activitiesTable').

Import trace for requested module:
./app/api/dashboard/route.ts

./app/api/dashboard/route.ts
Attempted import error: 'activitiesTable' is not exported from '../../../drizzle/db/schema' (imported as 'activitiesTable').

Import trace for requested module:
./app/api/dashboard/route.ts

./app/api/dashboard/route.ts
Attempted import error: 'activitiesTable' is not exported from '../../../drizzle/db/schema' (imported as 'activitiesTable').

Import trace for requested module:
./app/api/dashboard/route.ts

./app/api/dashboard/route.ts
Attempted import error: 'activitiesTable' is not exported from '../../../drizzle/db/schema' (imported as 'activitiesTable').

Import trace for requested module:
./app/api/dashboard/route.ts

./app/api/dashboard/route.ts
Attempted import error: 'activitiesTable' is not exported from '../../../drizzle/db/schema' (imported as 'activitiesTable').

Import trace for requested module:
./app/api/dashboard/route.ts

./app/api/dashboard/route.ts
Attempted import error: 'activitiesTable' is not exported from '../../../drizzle/db/schema' (imported as 'activitiesTable').

Import trace for requested module:
./app/api/dashboard/route.ts

./app/api/dashboard/route.ts
Attempted import error: 'activitiesTable' is not exported from '../../../drizzle/db/schema' (imported as 'activitiesTable').

Import trace for requested module:
./app/api/dashboard/route.ts

./app/api/dashboard/route.ts
Attempted import error: 'activitiesTable' is not exported from '../../../drizzle/db/schema' (imported as 'activitiesTable').

Import trace for requested module:
./app/api/dashboard/route.ts

./app/api/dashboard/route.ts
Attempted import error: 'activitiesTable' is not exported from '../../../drizzle/db/schema' (imported as 'activitiesTable').

Import trace for requested module:
./app/api/dashboard/route.ts

./app/api/dashboard/route.ts
Attempted import error: 'activitiesTable' is not exported from '../../../drizzle/db/schema' (imported as 'activitiesTable').

Import trace for requested module:
./app/api/dashboard/route.ts

./app/api/dashboard/route.ts
Attempted import error: 'activitiesTable' is not exported from '../../../drizzle/db/schema' (imported as 'activitiesTable').

Import trace for requested module:
./app/api/dashboard/route.ts

./app/api/dashboard/route.ts
Attempted import error: 'activitiesTable' is not exported from '../../../drizzle/db/schema' (imported as 'activitiesTable').

Import trace for requested module:
./app/api/dashboard/route.ts

./app/api/dashboard/route.ts
Attempted import error: 'activitiesTable' is not exported from '../../../drizzle/db/schema' (imported as 'activitiesTable').

Import trace for requested module:
./app/api/dashboard/route.ts

./app/api/dashboard/route.ts
Attempted import error: 'activitiesTable' is not exported from '../../../drizzle/db/schema' (imported as 'activitiesTable').

Import trace for requested module:
./app/api/dashboard/route.ts

./app/api/dashboard/route.ts
Attempted import error: 'activitiesTable' is not exported from '../../../drizzle/db/schema' (imported as 'activitiesTable').

Import trace for requested module:
./app/api/dashboard/route.ts

./app/api/dashboard/route.ts
Attempted import error: 'activitiesTable' is not exported from '../../../drizzle/db/schema' (imported as 'activitiesTable').

Import trace for requested module:
./app/api/dashboard/route.ts

./app/api/dashboard/route.ts
Attempted import error: 'activitiesTable' is not exported from '../../../drizzle/db/schema' (imported as 'activitiesTable').

Import trace for requested module:
./app/api/dashboard/route.ts

./app/api/dashboard/route.ts
Attempted import error: 'activitiesTable' is not exported from '../../../drizzle/db/schema' (imported as 'activitiesTable').

Import trace for requested module:
./app/api/dashboard/route.ts

./app/api/dashboard/route.ts
Attempted import error: 'resourcesTable' is not exported from '../../../drizzle/db/schema' (imported as 'resourcesTable').

Import trace for requested module:
./app/api/dashboard/route.ts

./app/api/dashboard/route.ts
Attempted import error: 'resourcesTable' is not exported from '../../../drizzle/db/schema' (imported as 'resourcesTable').

Import trace for requested module:
./app/api/dashboard/route.ts

./app/api/dashboard/route.ts
Attempted import error: 'activityResourcesTable' is not exported from '../../../drizzle/db/schema' (imported as 'activityResourcesTable').

Import trace for requested module:
./app/api/dashboard/route.ts

./app/api/dashboard/route.ts
Attempted import error: 'resourcesTable' is not exported from '../../../drizzle/db/schema' (imported as 'resourcesTable').

Import trace for requested module:
./app/api/dashboard/route.ts

./app/api/dashboard/route.ts
Attempted import error: 'activitiesTable' is not exported from '../../../drizzle/db/schema' (imported as 'activitiesTable').

Import trace for requested module:
./app/api/dashboard/route.ts

./app/api/dashboard/route.ts
Attempted import error: 'activityResourcesTable' is not exported from '../../../drizzle/db/schema' (imported as 'activityResourcesTable').

Import trace for requested module:
./app/api/dashboard/route.ts

./app/api/dashboard/route.ts
Attempted import error: 'activityResourcesTable' is not exported from '../../../drizzle/db/schema' (imported as 'activityResourcesTable').

Import trace for requested module:
./app/api/dashboard/route.ts

./app/api/dashboard/route.ts
Attempted import error: 'activitiesTable' is not exported from '../../../drizzle/db/schema' (imported as 'activitiesTable').

Import trace for requested module:
./app/api/dashboard/route.ts

./app/api/dashboard/route.ts
Attempted import error: 'resourcesTable' is not exported from '../../../drizzle/db/schema' (imported as 'resourcesTable').

Import trace for requested module:
./app/api/dashboard/route.ts

./app/api/dashboard/route.ts
Attempted import error: 'resourcesTable' is not exported from '../../../drizzle/db/schema' (imported as 'resourcesTable').

Import trace for requested module:
./app/api/dashboard/route.ts

./app/api/dashboard/route.ts
Attempted import error: 'activityResourcesTable' is not exported from '../../../drizzle/db/schema' (imported as 'activityResourcesTable').

Import trace for requested module:
./app/api/dashboard/route.ts

./app/api/dashboard/route.ts
Attempted import error: 'activitiesTable' is not exported from '../../../drizzle/db/schema' (imported as 'activitiesTable').

Import trace for requested module:
./app/api/dashboard/route.ts

./app/api/dashboard/route.ts
Attempted import error: 'activitiesTable' is not exported from '../../../drizzle/db/schema' (imported as 'activitiesTable').

Import trace for requested module:
./app/api/dashboard/route.ts

./app/api/dashboard/route.ts
Attempted import error: 'activitiesTable' is not exported from '../../../drizzle/db/schema' (imported as 'activitiesTable').

Import trace for requested module:
./app/api/dashboard/route.ts

./app/api/dashboard/route.ts
Attempted import error: 'activitiesTable' is not exported from '../../../drizzle/db/schema' (imported as 'activitiesTable').

Import trace for requested module:
./app/api/dashboard/route.ts

./app/api/dashboard/route.ts
Attempted import error: 'activitiesTable' is not exported from '../../../drizzle/db/schema' (imported as 'activitiesTable').

Import trace for requested module:
./app/api/dashboard/route.ts

./app/api/dashboard/route.ts
Attempted import error: 'activitiesTable' is not exported from '../../../drizzle/db/schema' (imported as 'activitiesTable').

Import trace for requested module:
./app/api/dashboard/route.ts

./app/api/dashboard/route.ts
Attempted import error: 'activitiesTable' is not exported from '../../../drizzle/db/schema' (imported as 'activitiesTable').

Import trace for requested module:
./app/api/dashboard/route.ts
 ⚠ ./app/api/schedules/route.ts
Attempted import error: 'activitiesTable' is not exported from '../../../drizzle/db/schema' (imported as 'activitiesTable').

Import trace for requested module:
./app/api/schedules/route.ts

./app/api/schedules/route.ts
Attempted import error: 'activitiesTable' is not exported from '../../../drizzle/db/schema' (imported as 'activitiesTable').

Import trace for requested module:
./app/api/schedules/route.ts

./app/api/schedules/route.ts
Attempted import error: 'activitiesTable' is not exported from '../../../drizzle/db/schema' (imported as 'activitiesTable').

Import trace for requested module:
./app/api/schedules/route.ts
 ⚠ ./app/api/schedules/route.ts
Attempted import error: 'activitiesTable' is not exported from '../../../drizzle/db/schema' (imported as 'activitiesTable').

Import trace for requested module:
./app/api/schedules/route.ts

./app/api/schedules/route.ts
Attempted import error: 'activitiesTable' is not exported from '../../../drizzle/db/schema' (imported as 'activitiesTable').

Import trace for requested module:
./app/api/schedules/route.ts

./app/api/schedules/route.ts
Attempted import error: 'activitiesTable' is not exported from '../../../drizzle/db/schema' (imported as 'activitiesTable').

Import trace for requested module:
./app/api/schedules/route.ts
 ⚠ ./app/api/dashboard/route.ts
Attempted import error: 'activitiesTable' is not exported from '../../../drizzle/db/schema' (imported as 'activitiesTable').

Import trace for requested module:
./app/api/dashboard/route.ts

./app/api/dashboard/route.ts
Attempted import error: 'activitiesTable' is not exported from '../../../drizzle/db/schema' (imported as 'activitiesTable').

Import trace for requested module:
./app/api/dashboard/route.ts

./app/api/dashboard/route.ts
Attempted import error: 'activitiesTable' is not exported from '../../../drizzle/db/schema' (imported as 'activitiesTable').

Import trace for requested module:
./app/api/dashboard/route.ts

./app/api/dashboard/route.ts
Attempted import error: 'activitiesTable' is not exported from '../../../drizzle/db/schema' (imported as 'activitiesTable').

Import trace for requested module:
./app/api/dashboard/route.ts

./app/api/dashboard/route.ts
Attempted import error: 'activitiesTable' is not exported from '../../../drizzle/db/schema' (imported as 'activitiesTable').

Import trace for requested module:
./app/api/dashboard/route.ts

./app/api/dashboard/route.ts
Attempted import error: 'activitiesTable' is not exported from '../../../drizzle/db/schema' (imported as 'activitiesTable').

Import trace for requested module:
./app/api/dashboard/route.ts

./app/api/dashboard/route.ts
Attempted import error: 'activitiesTable' is not exported from '../../../drizzle/db/schema' (imported as 'activitiesTable').

Import trace for requested module:
./app/api/dashboard/route.ts

./app/api/dashboard/route.ts
Attempted import error: 'activitiesTable' is not exported from '../../../drizzle/db/schema' (imported as 'activitiesTable').

Import trace for requested module:
./app/api/dashboard/route.ts

./app/api/dashboard/route.ts
Attempted import error: 'activitiesTable' is not exported from '../../../drizzle/db/schema' (imported as 'activitiesTable').

Import trace for requested module:
./app/api/dashboard/route.ts

./app/api/dashboard/route.ts
Attempted import error: 'activitiesTable' is not exported from '../../../drizzle/db/schema' (imported as 'activitiesTable').

Import trace for requested module:
./app/api/dashboard/route.ts

./app/api/dashboard/route.ts
Attempted import error: 'activitiesTable' is not exported from '../../../drizzle/db/schema' (imported as 'activitiesTable').

Import trace for requested module:
./app/api/dashboard/route.ts

./app/api/dashboard/route.ts
Attempted import error: 'activitiesTable' is not exported from '../../../drizzle/db/schema' (imported as 'activitiesTable').

Import trace for requested module:
./app/api/dashboard/route.ts

./app/api/dashboard/route.ts
Attempted import error: 'activitiesTable' is not exported from '../../../drizzle/db/schema' (imported as 'activitiesTable').

Import trace for requested module:
./app/api/dashboard/route.ts

./app/api/dashboard/route.ts
Attempted import error: 'activitiesTable' is not exported from '../../../drizzle/db/schema' (imported as 'activitiesTable').

Import trace for requested module:
./app/api/dashboard/route.ts

./app/api/dashboard/route.ts
Attempted import error: 'activitiesTable' is not exported from '../../../drizzle/db/schema' (imported as 'activitiesTable').

Import trace for requested module:
./app/api/dashboard/route.ts

./app/api/dashboard/route.ts
Attempted import error: 'activitiesTable' is not exported from '../../../drizzle/db/schema' (imported as 'activitiesTable').

Import trace for requested module:
./app/api/dashboard/route.ts

./app/api/dashboard/route.ts
Attempted import error: 'activitiesTable' is not exported from '../../../drizzle/db/schema' (imported as 'activitiesTable').

Import trace for requested module:
./app/api/dashboard/route.ts

./app/api/dashboard/route.ts
Attempted import error: 'activitiesTable' is not exported from '../../../drizzle/db/schema' (imported as 'activitiesTable').

Import trace for requested module:
./app/api/dashboard/route.ts

./app/api/dashboard/route.ts
Attempted import error: 'activitiesTable' is not exported from '../../../drizzle/db/schema' (imported as 'activitiesTable').

Import trace for requested module:
./app/api/dashboard/route.ts

./app/api/dashboard/route.ts
Attempted import error: 'resourcesTable' is not exported from '../../../drizzle/db/schema' (imported as 'resourcesTable').

Import trace for requested module:
./app/api/dashboard/route.ts

./app/api/dashboard/route.ts
Attempted import error: 'resourcesTable' is not exported from '../../../drizzle/db/schema' (imported as 'resourcesTable').

Import trace for requested module:
./app/api/dashboard/route.ts

./app/api/dashboard/route.ts
Attempted import error: 'activityResourcesTable' is not exported from '../../../drizzle/db/schema' (imported as 'activityResourcesTable').

Import trace for requested module:
./app/api/dashboard/route.ts

./app/api/dashboard/route.ts
Attempted import error: 'resourcesTable' is not exported from '../../../drizzle/db/schema' (imported as 'resourcesTable').

Import trace for requested module:
./app/api/dashboard/route.ts

./app/api/dashboard/route.ts
Attempted import error: 'activitiesTable' is not exported from '../../../drizzle/db/schema' (imported as 'activitiesTable').

Import trace for requested module:
./app/api/dashboard/route.ts

./app/api/dashboard/route.ts
Attempted import error: 'activityResourcesTable' is not exported from '../../../drizzle/db/schema' (imported as 'activityResourcesTable').

Import trace for requested module:
./app/api/dashboard/route.ts

./app/api/dashboard/route.ts
Attempted import error: 'activityResourcesTable' is not exported from '../../../drizzle/db/schema' (imported as 'activityResourcesTable').

Import trace for requested module:
./app/api/dashboard/route.ts

./app/api/dashboard/route.ts
Attempted import error: 'activitiesTable' is not exported from '../../../drizzle/db/schema' (imported as 'activitiesTable').

Import trace for requested module:
./app/api/dashboard/route.ts

./app/api/dashboard/route.ts
Attempted import error: 'resourcesTable' is not exported from '../../../drizzle/db/schema' (imported as 'resourcesTable').

Import trace for requested module:
./app/api/dashboard/route.ts

./app/api/dashboard/route.ts
Attempted import error: 'resourcesTable' is not exported from '../../../drizzle/db/schema' (imported as 'resourcesTable').

Import trace for requested module:
./app/api/dashboard/route.ts

./app/api/dashboard/route.ts
Attempted import error: 'activityResourcesTable' is not exported from '../../../drizzle/db/schema' (imported as 'activityResourcesTable').

Import trace for requested module:
./app/api/dashboard/route.ts

./app/api/dashboard/route.ts
Attempted import error: 'activitiesTable' is not exported from '../../../drizzle/db/schema' (imported as 'activitiesTable').

Import trace for requested module:
./app/api/dashboard/route.ts

./app/api/dashboard/route.ts
Attempted import error: 'activitiesTable' is not exported from '../../../drizzle/db/schema' (imported as 'activitiesTable').

Import trace for requested module:
./app/api/dashboard/route.ts

./app/api/dashboard/route.ts
Attempted import error: 'activitiesTable' is not exported from '../../../drizzle/db/schema' (imported as 'activitiesTable').

Import trace for requested module:
./app/api/dashboard/route.ts

./app/api/dashboard/route.ts
Attempted import error: 'activitiesTable' is not exported from '../../../drizzle/db/schema' (imported as 'activitiesTable').

Import trace for requested module:
./app/api/dashboard/route.ts

./app/api/dashboard/route.ts
Attempted import error: 'activitiesTable' is not exported from '../../../drizzle/db/schema' (imported as 'activitiesTable').

Import trace for requested module:
./app/api/dashboard/route.ts

./app/api/dashboard/route.ts
Attempted import error: 'activitiesTable' is not exported from '../../../drizzle/db/schema' (imported as 'activitiesTable').

Import trace for requested module:
./app/api/dashboard/route.ts

./app/api/dashboard/route.ts
Attempted import error: 'activitiesTable' is not exported from '../../../drizzle/db/schema' (imported as 'activitiesTable').

Import trace for requested module:
./app/api/dashboard/route.ts

./app/api/schedules/route.ts
Attempted import error: 'activitiesTable' is not exported from '../../../drizzle/db/schema' (imported as 'activitiesTable').

Import trace for requested module:
./app/api/schedules/route.ts

./app/api/schedules/route.ts
Attempted import error: 'activitiesTable' is not exported from '../../../drizzle/db/schema' (imported as 'activitiesTable').

Import trace for requested module:
./app/api/schedules/route.ts

./app/api/schedules/route.ts
Attempted import error: 'activitiesTable' is not exported from '../../../drizzle/db/schema' (imported as 'activitiesTable').

Import trace for requested module:
./app/api/schedules/route.ts
 OPTIONS /api/schedules 204 in 1507ms
 OPTIONS /api/dashboard 204 in 1516ms
Error fetching schedules: TypeError: Cannot read properties of undefined (reading 'description')
    at activitiesTable (webpack:///app/api/schedules/route.ts?99ed:13:37)
    at run (file:///C:/Users/Administrator/Documents/Github/dashboard-diary/node_modules/.pnpm/next@15.0.2_@babel+core@7.2_6bb6baa81f2b198c05a89ed44e2ef849/node_modules/next/dist/compiled/next-server/dist/src/server/route-modules/app-route/module.ts:525:41)
    at handler (file:///C:/Users/Administrator/Documents/Github/dashboard-diary/node_modules/.pnpm/next@15.0.2_@babel+core@7.2_6bb6baa81f2b198c05a89ed44e2ef849/node_modules/next/dist/compiled/next-server/dist/src/server/route-modules/app-route/module.ts:722:20)
    at fn (file:///C:/Users/Administrator/Documents/Github/dashboard-diary/node_modules/.pnpm/next@15.0.2_@babel+core@7.2_6bb6baa81f2b198c05a89ed44e2ef849/node_modules/next/src/server/lib/trace/tracer.ts:351:27)
    at NoopContextManager.with (C:\Users\Administrator\Documents\Github\dashboard-diary\node_modules\.pnpm\next@15.0.2_@babel+core@7.2_6bb6baa81f2b198c05a89ed44e2ef849\node_modules\next\dist\compiled\@opentelemetry\api\index.js:1:7062)
    at ContextAPI.with (C:\Users\Administrator\Documents\Github\dashboard-diary\node_modules\.pnpm\next@15.0.2_@babel+core@7.2_6bb6baa81f2b198c05a89ed44e2ef849\node_modules\next\dist\compiled\@opentelemetry\api\index.js:1:518)
    at NoopTracer.startActiveSpan (C:\Users\Administrator\Documents\Github\dashboard-diary\node_modules\.pnpm\next@15.0.2_@babel+core@7.2_6bb6baa81f2b198c05a89ed44e2ef849\node_modules\next\dist\compiled\@opentelemetry\api\index.js:1:18093)
    at ProxyTracer.startActiveSpan (C:\Users\Administrator\Documents\Github\dashboard-diary\node_modules\.pnpm\next@15.0.2_@babel+core@7.2_6bb6baa81f2b198c05a89ed44e2ef849\node_modules\next\dist\compiled\@opentelemetry\api\index.js:1:18854)
    at startActiveSpan (file:///C:/Users/Administrator/Documents/Github/dashboard-diary/node_modules/.pnpm/next@15.0.2_@babel+core@7.2_6bb6baa81f2b198c05a89ed44e2ef849/node_modules/next/src/server/lib/trace/tracer.ts:304:31)
    at NoopContextManager.with (C:\Users\Administrator\Documents\Github\dashboard-diary\node_modules\.pnpm\next@15.0.2_@babel+core@7.2_6bb6baa81f2b198c05a89ed44e2ef849\node_modules\next\dist\compiled\@opentelemetry\api\index.js:1:7062)
    at ContextAPI.with (C:\Users\Administrator\Documents\Github\dashboard-diary\node_modules\.pnpm\next@15.0.2_@babel+core@7.2_6bb6baa81f2b198c05a89ed44e2ef849\node_modules\next\dist\compiled\@opentelemetry\api\index.js:1:518)
    at spanContext (file:///C:/Users/Administrator/Documents/Github/dashboard-diary/node_modules/.pnpm/next@15.0.2_@babel+core@7.2_6bb6baa81f2b198c05a89ed44e2ef849/node_modules/next/src/server/lib/trace/tracer.ts:303:24)
    at trace (file:///C:/Users/Administrator/Documents/Github/dashboard-diary/node_modules/.pnpm/next@15.0.2_@babel+core@7.2_6bb6baa81f2b198c05a89ed44e2ef849/node_modules/next/dist/compiled/next-server/dist/src/server/route-modules/app-route/module.ts:712:28)
    at run (file:///C:/Users/Administrator/Documents/Github/dashboard-diary/node_modules/.pnpm/next@15.0.2_@babel+core@7.2_6bb6baa81f2b198c05a89ed44e2ef849/node_modules/next/dist/compiled/next-server/dist/src/server/async-storage/with-work-store.ts:133:17)
    at withWorkStore (file:///C:/Users/Administrator/Documents/Github/dashboard-diary/node_modules/.pnpm/next@15.0.2_@babel+core@7.2_6bb6baa81f2b198c05a89ed44e2ef849/node_modules/next/dist/compiled/next-server/dist/src/server/route-modules/app-route/module.ts:656:10)
    at run (file:///C:/Users/Administrator/Documents/Github/dashboard-diary/node_modules/.pnpm/next@15.0.2_@babel+core@7.2_6bb6baa81f2b198c05a89ed44e2ef849/node_modules/next/dist/compiled/next-server/dist/src/server/route-modules/app-route/module.ts:655:34)
    at run (file:///C:/Users/Administrator/Documents/Github/dashboard-diary/node_modules/.pnpm/next@15.0.2_@babel+core@7.2_6bb6baa81f2b198c05a89ed44e2ef849/node_modules/next/dist/compiled/next-server/dist/src/server/route-modules/app-route/module.ts:652:60)
    at handle (file:///C:/Users/Administrator/Documents/Github/dashboard-diary/node_modules/.pnpm/next@15.0.2_@babel+core@7.2_6bb6baa81f2b198c05a89ed44e2ef849/node_modules/next/src/server/base-server.ts:2570:47)
    at doRender (file:///C:/Users/Administrator/Documents/Github/dashboard-diary/node_modules/.pnpm/next@15.0.2_@babel+core@7.2_6bb6baa81f2b198c05a89ed44e2ef849/node_modules/next/src/server/base-server.ts:3066:27)
    at responseGenerator (file:///C:/Users/Administrator/Documents/Github/dashboard-diary/node_modules/.pnpm/next@15.0.2_@babel+core@7.2_6bb6baa81f2b198c05a89ed44e2ef849/node_modules/next/src/server/response-cache/index.ts:67:13)
    at get (file:///C:/Users/Administrator/Documents/Github/dashboard-diary/node_modules/.pnpm/next@15.0.2_@babel+core@7.2_6bb6baa81f2b198c05a89ed44e2ef849/node_modules/next/src/server/base-server.ts:3121:48)
    at renderToResponseWithComponentsImpl (file:///C:/Users/Administrator/Documents/Github/dashboard-diary/node_modules/.pnpm/next@15.0.2_@babel+core@7.2_6bb6baa81f2b198c05a89ed44e2ef849/node_modules/next/src/server/base-server.ts:1917:13)
    at fn (file:///C:/Users/Administrator/Documents/Github/dashboard-diary/node_modules/.pnpm/next@15.0.2_@babel+core@7.2_6bb6baa81f2b198c05a89ed44e2ef849/node_modules/next/src/server/lib/trace/tracer.ts:279:13)
    at trace (file:///C:/Users/Administrator/Documents/Github/dashboard-diary/node_modules/.pnpm/next@15.0.2_@babel+core@7.2_6bb6baa81f2b198c05a89ed44e2ef849/node_modules/next/src/server/base-server.ts:1914:23)
    at renderToResponseWithComponents (file:///C:/Users/Administrator/Documents/Github/dashboard-diary/node_modules/.pnpm/next@15.0.2_@babel+core@7.2_6bb6baa81f2b198c05a89ed44e2ef849/node_modules/next/src/server/base-server.ts:3676:26)
    at async DevServer.renderToResponseImpl (file:///C:/Users/Administrator/Documents/Github/dashboard-diary/node_modules/.pnpm/next@15.0.2_@babel+core@7.2_6bb6baa81f2b198c05a89ed44e2ef849/node_modules/next/src/server/base-server.ts:3738:23)
    at async DevServer.pipeImpl (file:///C:/Users/Administrator/Documents/Github/dashboard-diary/node_modules/.pnpm/next@15.0.2_@babel+core@7.2_6bb6baa81f2b198c05a89ed44e2ef849/node_modules/next/src/server/base-server.ts:1738:20)
    at async NextNodeServer.handleCatchallRenderRequest (file:///C:/Users/Administrator/Documents/Github/dashboard-diary/node_modules/.pnpm/next@15.0.2_@babel+core@7.2_6bb6baa81f2b198c05a89ed44e2ef849/node_modules/next/src/server/next-server.ts:1032:6)
    at async DevServer.handleRequestImpl (file:///C:/Users/Administrator/Documents/Github/dashboard-diary/node_modules/.pnpm/next@15.0.2_@babel+core@7.2_6bb6baa81f2b198c05a89ed44e2ef849/node_modules/next/src/server/base-server.ts:1498:8)
    at async (file:///C:/Users/Administrator/Documents/Github/dashboard-diary/node_modules/.pnpm/next@15.0.2_@babel+core@7.2_6bb6baa81f2b198c05a89ed44e2ef849/node_modules/next/src/server/dev/next-dev-server.ts:514:13)
    at async Span.traceAsyncFn (file:///C:/Users/Administrator/Documents/Github/dashboard-diary/node_modules/.pnpm/next@15.0.2_@babel+core@7.2_6bb6baa81f2b198c05a89ed44e2ef849/node_modules/next/src/trace/trace.ts:143:13)
    at async DevServer.handleRequest (file:///C:/Users/Administrator/Documents/Github/dashboard-diary/node_modules/.pnpm/next@15.0.2_@babel+core@7.2_6bb6baa81f2b198c05a89ed44e2ef849/node_modules/next/src/server/dev/next-dev-server.ts:512:19)
    at async invokeRender (file:///C:/Users/Administrator/Documents/Github/dashboard-diary/node_modules/.pnpm/next@15.0.2_@babel+core@7.2_6bb6baa81f2b198c05a89ed44e2ef849/node_modules/next/src/server/lib/router-server.ts:284:10)
    at async handleRequest (file:///C:/Users/Administrator/Documents/Github/dashboard-diary/node_modules/.pnpm/next@15.0.2_@babel+core@7.2_6bb6baa81f2b198c05a89ed44e2ef849/node_modules/next/src/server/lib/router-server.ts:530:15)
    at async requestHandlerImpl (file:///C:/Users/Administrator/Documents/Github/dashboard-diary/node_modules/.pnpm/next@15.0.2_@babel+core@7.2_6bb6baa81f2b198c05a89ed44e2ef849/node_modules/next/src/server/lib/router-server.ts:576:6)
    at async Server.requestListener (file:///C:/Users/Administrator/Documents/Github/dashboard-diary/node_modules/.pnpm/next@15.0.2_@babel+core@7.2_6bb6baa81f2b198c05a89ed44e2ef849/node_modules/next/src/server/lib/start-server.ts:146:6)
  11 |                 scheduleId: schedulesTable.id,
  12 |                 scheduledDate: schedulesTable.scheduledDate,
> 13 |                 activityDescription: activitiesTable.description,
     |                                     ^
  14 |             })
  15 |             .from(schedulesTable)
  16 |             .leftJoin(activitiesTable, eq(activitiesTable.id, schedulesTable.activityId));
 GET /api/schedules 500 in 145ms
Error fetching dashboard data: TypeError: Cannot read properties of undefined (reading 'activityType')
    at activitiesTable (webpack:///app/api/dashboard/route.ts?eb45:19:22)
    at run (file:///C:/Users/Administrator/Documents/Github/dashboard-diary/node_modules/.pnpm/next@15.0.2_@babel+core@7.2_6bb6baa81f2b198c05a89ed44e2ef849/node_modules/next/dist/compiled/next-server/dist/src/server/route-modules/app-route/module.ts:525:41)
    at handler (file:///C:/Users/Administrator/Documents/Github/dashboard-diary/node_modules/.pnpm/next@15.0.2_@babel+core@7.2_6bb6baa81f2b198c05a89ed44e2ef849/node_modules/next/dist/compiled/next-server/dist/src/server/route-modules/app-route/module.ts:722:20)
    at fn (file:///C:/Users/Administrator/Documents/Github/dashboard-diary/node_modules/.pnpm/next@15.0.2_@babel+core@7.2_6bb6baa81f2b198c05a89ed44e2ef849/node_modules/next/src/server/lib/trace/tracer.ts:351:27)
    at NoopContextManager.with (C:\Users\Administrator\Documents\Github\dashboard-diary\node_modules\.pnpm\next@15.0.2_@babel+core@7.2_6bb6baa81f2b198c05a89ed44e2ef849\node_modules\next\dist\compiled\@opentelemetry\api\index.js:1:7062)
    at ContextAPI.with (C:\Users\Administrator\Documents\Github\dashboard-diary\node_modules\.pnpm\next@15.0.2_@babel+core@7.2_6bb6baa81f2b198c05a89ed44e2ef849\node_modules\next\dist\compiled\@opentelemetry\api\index.js:1:518)
    at NoopTracer.startActiveSpan (C:\Users\Administrator\Documents\Github\dashboard-diary\node_modules\.pnpm\next@15.0.2_@babel+core@7.2_6bb6baa81f2b198c05a89ed44e2ef849\node_modules\next\dist\compiled\@opentelemetry\api\index.js:1:18093)
    at ProxyTracer.startActiveSpan (C:\Users\Administrator\Documents\Github\dashboard-diary\node_modules\.pnpm\next@15.0.2_@babel+core@7.2_6bb6baa81f2b198c05a89ed44e2ef849\node_modules\next\dist\compiled\@opentelemetry\api\index.js:1:18854)
    at startActiveSpan (file:///C:/Users/Administrator/Documents/Github/dashboard-diary/node_modules/.pnpm/next@15.0.2_@babel+core@7.2_6bb6baa81f2b198c05a89ed44e2ef849/node_modules/next/src/server/lib/trace/tracer.ts:304:31)
    at NoopContextManager.with (C:\Users\Administrator\Documents\Github\dashboard-diary\node_modules\.pnpm\next@15.0.2_@babel+core@7.2_6bb6baa81f2b198c05a89ed44e2ef849\node_modules\next\dist\compiled\@opentelemetry\api\index.js:1:7062)
    at ContextAPI.with (C:\Users\Administrator\Documents\Github\dashboard-diary\node_modules\.pnpm\next@15.0.2_@babel+core@7.2_6bb6baa81f2b198c05a89ed44e2ef849\node_modules\next\dist\compiled\@opentelemetry\api\index.js:1:518)
    at spanContext (file:///C:/Users/Administrator/Documents/Github/dashboard-diary/node_modules/.pnpm/next@15.0.2_@babel+core@7.2_6bb6baa81f2b198c05a89ed44e2ef849/node_modules/next/src/server/lib/trace/tracer.ts:303:24)
    at trace (file:///C:/Users/Administrator/Documents/Github/dashboard-diary/node_modules/.pnpm/next@15.0.2_@babel+core@7.2_6bb6baa81f2b198c05a89ed44e2ef849/node_modules/next/dist/compiled/next-server/dist/src/server/route-modules/app-route/module.ts:712:28)
    at run (file:///C:/Users/Administrator/Documents/Github/dashboard-diary/node_modules/.pnpm/next@15.0.2_@babel+core@7.2_6bb6baa81f2b198c05a89ed44e2ef849/node_modules/next/dist/compiled/next-server/dist/src/server/async-storage/with-work-store.ts:133:17)
    at withWorkStore (file:///C:/Users/Administrator/Documents/Github/dashboard-diary/node_modules/.pnpm/next@15.0.2_@babel+core@7.2_6bb6baa81f2b198c05a89ed44e2ef849/node_modules/next/dist/compiled/next-server/dist/src/server/route-modules/app-route/module.ts:656:10)
    at run (file:///C:/Users/Administrator/Documents/Github/dashboard-diary/node_modules/.pnpm/next@15.0.2_@babel+core@7.2_6bb6baa81f2b198c05a89ed44e2ef849/node_modules/next/dist/compiled/next-server/dist/src/server/route-modules/app-route/module.ts:655:34)
    at run (file:///C:/Users/Administrator/Documents/Github/dashboard-diary/node_modules/.pnpm/next@15.0.2_@babel+core@7.2_6bb6baa81f2b198c05a89ed44e2ef849/node_modules/next/dist/compiled/next-server/dist/src/server/route-modules/app-route/module.ts:652:60)
    at handle (file:///C:/Users/Administrator/Documents/Github/dashboard-diary/node_modules/.pnpm/next@15.0.2_@babel+core@7.2_6bb6baa81f2b198c05a89ed44e2ef849/node_modules/next/src/server/base-server.ts:2570:47)
    at doRender (file:///C:/Users/Administrator/Documents/Github/dashboard-diary/node_modules/.pnpm/next@15.0.2_@babel+core@7.2_6bb6baa81f2b198c05a89ed44e2ef849/node_modules/next/src/server/base-server.ts:3066:27)
    at responseGenerator (file:///C:/Users/Administrator/Documents/Github/dashboard-diary/node_modules/.pnpm/next@15.0.2_@babel+core@7.2_6bb6baa81f2b198c05a89ed44e2ef849/node_modules/next/src/server/response-cache/index.ts:67:13)
    at get (file:///C:/Users/Administrator/Documents/Github/dashboard-diary/node_modules/.pnpm/next@15.0.2_@babel+core@7.2_6bb6baa81f2b198c05a89ed44e2ef849/node_modules/next/src/server/base-server.ts:3121:48)
    at renderToResponseWithComponentsImpl (file:///C:/Users/Administrator/Documents/Github/dashboard-diary/node_modules/.pnpm/next@15.0.2_@babel+core@7.2_6bb6baa81f2b198c05a89ed44e2ef849/node_modules/next/src/server/base-server.ts:1917:13)
    at fn (file:///C:/Users/Administrator/Documents/Github/dashboard-diary/node_modules/.pnpm/next@15.0.2_@babel+core@7.2_6bb6baa81f2b198c05a89ed44e2ef849/node_modules/next/src/server/lib/trace/tracer.ts:279:13)
    at trace (file:///C:/Users/Administrator/Documents/Github/dashboard-diary/node_modules/.pnpm/next@15.0.2_@babel+core@7.2_6bb6baa81f2b198c05a89ed44e2ef849/node_modules/next/src/server/base-server.ts:1914:23)
    at renderToResponseWithComponents (file:///C:/Users/Administrator/Documents/Github/dashboard-diary/node_modules/.pnpm/next@15.0.2_@babel+core@7.2_6bb6baa81f2b198c05a89ed44e2ef849/node_modules/next/src/server/base-server.ts:3676:26)
    at async DevServer.renderToResponseImpl (file:///C:/Users/Administrator/Documents/Github/dashboard-diary/node_modules/.pnpm/next@15.0.2_@babel+core@7.2_6bb6baa81f2b198c05a89ed44e2ef849/node_modules/next/src/server/base-server.ts:3738:23)
    at async DevServer.pipeImpl (file:///C:/Users/Administrator/Documents/Github/dashboard-diary/node_modules/.pnpm/next@15.0.2_@babel+core@7.2_6bb6baa81f2b198c05a89ed44e2ef849/node_modules/next/src/server/base-server.ts:1738:20)
    at async NextNodeServer.handleCatchallRenderRequest (file:///C:/Users/Administrator/Documents/Github/dashboard-diary/node_modules/.pnpm/next@15.0.2_@babel+core@7.2_6bb6baa81f2b198c05a89ed44e2ef849/node_modules/next/src/server/next-server.ts:1032:6)
    at async DevServer.handleRequestImpl (file:///C:/Users/Administrator/Documents/Github/dashboard-diary/node_modules/.pnpm/next@15.0.2_@babel+core@7.2_6bb6baa81f2b198c05a89ed44e2ef849/node_modules/next/src/server/base-server.ts:1498:8)
    at async (file:///C:/Users/Administrator/Documents/Github/dashboard-diary/node_modules/.pnpm/next@15.0.2_@babel+core@7.2_6bb6baa81f2b198c05a89ed44e2ef849/node_modules/next/src/server/dev/next-dev-server.ts:514:13)
    at async Span.traceAsyncFn (file:///C:/Users/Administrator/Documents/Github/dashboard-diary/node_modules/.pnpm/next@15.0.2_@babel+core@7.2_6bb6baa81f2b198c05a89ed44e2ef849/node_modules/next/src/trace/trace.ts:143:13)
    at async DevServer.handleRequest (file:///C:/Users/Administrator/Documents/Github/dashboard-diary/node_modules/.pnpm/next@15.0.2_@babel+core@7.2_6bb6baa81f2b198c05a89ed44e2ef849/node_modules/next/src/server/dev/next-dev-server.ts:512:19)
    at async invokeRender (file:///C:/Users/Administrator/Documents/Github/dashboard-diary/node_modules/.pnpm/next@15.0.2_@babel+core@7.2_6bb6baa81f2b198c05a89ed44e2ef849/node_modules/next/src/server/lib/router-server.ts:284:10)
    at async handleRequest (file:///C:/Users/Administrator/Documents/Github/dashboard-diary/node_modules/.pnpm/next@15.0.2_@babel+core@7.2_6bb6baa81f2b198c05a89ed44e2ef849/node_modules/next/src/server/lib/router-server.ts:530:15)
    at async requestHandlerImpl (file:///C:/Users/Administrator/Documents/Github/dashboard-diary/node_modules/.pnpm/next@15.0.2_@babel+core@7.2_6bb6baa81f2b198c05a89ed44e2ef849/node_modules/next/src/server/lib/router-server.ts:576:6)
    at async Server.requestListener (file:///C:/Users/Administrator/Documents/Github/dashboard-diary/node_modules/.pnpm/next@15.0.2_@babel+core@7.2_6bb6baa81f2b198c05a89ed44e2ef849/node_modules/next/src/server/lib/start-server.ts:146:6)
  17 |     const activitiesByType = await db
  18 |       .select({
> 19 |         activityType: activitiesTable.activityType,
     |                      ^
  20 |         totalAmount: sql<number>`COALESCE(SUM(${activitiesTable.amount})::int, 0)`,
  21 |         revenueAmount: sql<number>`COALESCE(SUM(CASE WHEN LOWER(${activitiesTable.activityType}) = 'revenue' THEN ${activitiesTable.amount} ELSE 0 END)::int, 0)`,
  22 |         expenseAmount: sql<number>`COALESCE(SUM(CASE WHEN LOWER(${activitiesTable.activityType}) = 'expense' THEN ${activitiesTable.amount} ELSE 0 END)::int, 0)`,
 GET /api/dashboard 500 in 327ms
 ⚠ ./app/api/dashboard/route.ts
Attempted import error: 'activitiesTable' is not exported from '../../../drizzle/db/schema' (imported as 'activitiesTable').

Import trace for requested module:
./app/api/dashboard/route.ts

./app/api/dashboard/route.ts
Attempted import error: 'activitiesTable' is not exported from '../../../drizzle/db/schema' (imported as 'activitiesTable').

Import trace for requested module:
./app/api/dashboard/route.ts

./app/api/dashboard/route.ts
Attempted import error: 'activitiesTable' is not exported from '../../../drizzle/db/schema' (imported as 'activitiesTable').

Import trace for requested module:
./app/api/dashboard/route.ts

./app/api/dashboard/route.ts
Attempted import error: 'activitiesTable' is not exported from '../../../drizzle/db/schema' (imported as 'activitiesTable').

Import trace for requested module:
./app/api/dashboard/route.ts

./app/api/dashboard/route.ts
Attempted import error: 'activitiesTable' is not exported from '../../../drizzle/db/schema' (imported as 'activitiesTable').

Import trace for requested module:
./app/api/dashboard/route.ts

./app/api/dashboard/route.ts
Attempted import error: 'activitiesTable' is not exported from '../../../drizzle/db/schema' (imported as 'activitiesTable').

Import trace for requested module:
./app/api/dashboard/route.ts

./app/api/dashboard/route.ts
Attempted import error: 'activitiesTable' is not exported from '../../../drizzle/db/schema' (imported as 'activitiesTable').

Import trace for requested module:
./app/api/dashboard/route.ts

./app/api/dashboard/route.ts
Attempted import error: 'activitiesTable' is not exported from '../../../drizzle/db/schema' (imported as 'activitiesTable').

Import trace for requested module:
./app/api/dashboard/route.ts

./app/api/dashboard/route.ts
Attempted import error: 'activitiesTable' is not exported from '../../../drizzle/db/schema' (imported as 'activitiesTable').

Import trace for requested module:
./app/api/dashboard/route.ts

./app/api/dashboard/route.ts
Attempted import error: 'activitiesTable' is not exported from '../../../drizzle/db/schema' (imported as 'activitiesTable').

Import trace for requested module:
./app/api/dashboard/route.ts

./app/api/dashboard/route.ts
Attempted import error: 'activitiesTable' is not exported from '../../../drizzle/db/schema' (imported as 'activitiesTable').

Import trace for requested module:
./app/api/dashboard/route.ts

./app/api/dashboard/route.ts
Attempted import error: 'activitiesTable' is not exported from '../../../drizzle/db/schema' (imported as 'activitiesTable').

Import trace for requested module:
./app/api/dashboard/route.ts

./app/api/dashboard/route.ts
Attempted import error: 'activitiesTable' is not exported from '../../../drizzle/db/schema' (imported as 'activitiesTable').

Import trace for requested module:
./app/api/dashboard/route.ts

./app/api/dashboard/route.ts
Attempted import error: 'activitiesTable' is not exported from '../../../drizzle/db/schema' (imported as 'activitiesTable').

Import trace for requested module:
./app/api/dashboard/route.ts

./app/api/dashboard/route.ts
Attempted import error: 'activitiesTable' is not exported from '../../../drizzle/db/schema' (imported as 'activitiesTable').

Import trace for requested module:
./app/api/dashboard/route.ts

./app/api/dashboard/route.ts
Attempted import error: 'activitiesTable' is not exported from '../../../drizzle/db/schema' (imported as 'activitiesTable').

Import trace for requested module:
./app/api/dashboard/route.ts

./app/api/dashboard/route.ts
Attempted import error: 'activitiesTable' is not exported from '../../../drizzle/db/schema' (imported as 'activitiesTable').

Import trace for requested module:
./app/api/dashboard/route.ts

./app/api/dashboard/route.ts
Attempted import error: 'activitiesTable' is not exported from '../../../drizzle/db/schema' (imported as 'activitiesTable').

Import trace for requested module:
./app/api/dashboard/route.ts

./app/api/dashboard/route.ts
Attempted import error: 'activitiesTable' is not exported from '../../../drizzle/db/schema' (imported as 'activitiesTable').

Import trace for requested module:
./app/api/dashboard/route.ts

./app/api/dashboard/route.ts
Attempted import error: 'resourcesTable' is not exported from '../../../drizzle/db/schema' (imported as 'resourcesTable').

Import trace for requested module:
./app/api/dashboard/route.ts

./app/api/dashboard/route.ts
Attempted import error: 'resourcesTable' is not exported from '../../../drizzle/db/schema' (imported as 'resourcesTable').

Import trace for requested module:
./app/api/dashboard/route.ts

./app/api/dashboard/route.ts
Attempted import error: 'activityResourcesTable' is not exported from '../../../drizzle/db/schema' (imported as 'activityResourcesTable').

Import trace for requested module:
./app/api/dashboard/route.ts

./app/api/dashboard/route.ts
Attempted import error: 'resourcesTable' is not exported from '../../../drizzle/db/schema' (imported as 'resourcesTable').

Import trace for requested module:
./app/api/dashboard/route.ts

./app/api/dashboard/route.ts
Attempted import error: 'activitiesTable' is not exported from '../../../drizzle/db/schema' (imported as 'activitiesTable').

Import trace for requested module:
./app/api/dashboard/route.ts

./app/api/dashboard/route.ts
Attempted import error: 'activityResourcesTable' is not exported from '../../../drizzle/db/schema' (imported as 'activityResourcesTable').

Import trace for requested module:
./app/api/dashboard/route.ts

./app/api/dashboard/route.ts
Attempted import error: 'activityResourcesTable' is not exported from '../../../drizzle/db/schema' (imported as 'activityResourcesTable').

Import trace for requested module:
./app/api/dashboard/route.ts

./app/api/dashboard/route.ts
Attempted import error: 'activitiesTable' is not exported from '../../../drizzle/db/schema' (imported as 'activitiesTable').

Import trace for requested module:
./app/api/dashboard/route.ts

./app/api/dashboard/route.ts
Attempted import error: 'resourcesTable' is not exported from '../../../drizzle/db/schema' (imported as 'resourcesTable').

Import trace for requested module:
./app/api/dashboard/route.ts

./app/api/dashboard/route.ts
Attempted import error: 'resourcesTable' is not exported from '../../../drizzle/db/schema' (imported as 'resourcesTable').

Import trace for requested module:
./app/api/dashboard/route.ts

./app/api/dashboard/route.ts
Attempted import error: 'activityResourcesTable' is not exported from '../../../drizzle/db/schema' (imported as 'activityResourcesTable').

Import trace for requested module:
./app/api/dashboard/route.ts

./app/api/dashboard/route.ts
Attempted import error: 'activitiesTable' is not exported from '../../../drizzle/db/schema' (imported as 'activitiesTable').

Import trace for requested module:
./app/api/dashboard/route.ts

./app/api/dashboard/route.ts
Attempted import error: 'activitiesTable' is not exported from '../../../drizzle/db/schema' (imported as 'activitiesTable').

Import trace for requested module:
./app/api/dashboard/route.ts

./app/api/dashboard/route.ts
Attempted import error: 'activitiesTable' is not exported from '../../../drizzle/db/schema' (imported as 'activitiesTable').

Import trace for requested module:
./app/api/dashboard/route.ts

./app/api/dashboard/route.ts
Attempted import error: 'activitiesTable' is not exported from '../../../drizzle/db/schema' (imported as 'activitiesTable').

Import trace for requested module:
./app/api/dashboard/route.ts

./app/api/dashboard/route.ts
Attempted import error: 'activitiesTable' is not exported from '../../../drizzle/db/schema' (imported as 'activitiesTable').

Import trace for requested module:
./app/api/dashboard/route.ts

./app/api/dashboard/route.ts
Attempted import error: 'activitiesTable' is not exported from '../../../drizzle/db/schema' (imported as 'activitiesTable').

Import trace for requested module:
./app/api/dashboard/route.ts

./app/api/dashboard/route.ts
Attempted import error: 'activitiesTable' is not exported from '../../../drizzle/db/schema' (imported as 'activitiesTable').

Import trace for requested module:
./app/api/dashboard/route.ts

./app/api/schedules/route.ts
Attempted import error: 'activitiesTable' is not exported from '../../../drizzle/db/schema' (imported as 'activitiesTable').

Import trace for requested module:
./app/api/schedules/route.ts

./app/api/schedules/route.ts
Attempted import error: 'activitiesTable' is not exported from '../../../drizzle/db/schema' (imported as 'activitiesTable').

Import trace for requested module:
./app/api/schedules/route.ts

./app/api/schedules/route.ts
Attempted import error: 'activitiesTable' is not exported from '../../../drizzle/db/schema' (imported as 'activitiesTable').

Import trace for requested module:
./app/api/schedules/route.ts
 ⚠ ./app/api/dashboard/route.ts
Attempted import error: 'activitiesTable' is not exported from '../../../drizzle/db/schema' (imported as 'activitiesTable').

Import trace for requested module:
./app/api/dashboard/route.ts

./app/api/dashboard/route.ts
Attempted import error: 'activitiesTable' is not exported from '../../../drizzle/db/schema' (imported as 'activitiesTable').

Import trace for requested module:
./app/api/dashboard/route.ts

./app/api/dashboard/route.ts
Attempted import error: 'activitiesTable' is not exported from '../../../drizzle/db/schema' (imported as 'activitiesTable').

Import trace for requested module:
./app/api/dashboard/route.ts

./app/api/dashboard/route.ts
Attempted import error: 'activitiesTable' is not exported from '../../../drizzle/db/schema' (imported as 'activitiesTable').

Import trace for requested module:
./app/api/dashboard/route.ts

./app/api/dashboard/route.ts
Attempted import error: 'activitiesTable' is not exported from '../../../drizzle/db/schema' (imported as 'activitiesTable').

Import trace for requested module:
./app/api/dashboard/route.ts

./app/api/dashboard/route.ts
Attempted import error: 'activitiesTable' is not exported from '../../../drizzle/db/schema' (imported as 'activitiesTable').

Import trace for requested module:
./app/api/dashboard/route.ts

./app/api/dashboard/route.ts
Attempted import error: 'activitiesTable' is not exported from '../../../drizzle/db/schema' (imported as 'activitiesTable').

Import trace for requested module:
./app/api/dashboard/route.ts

./app/api/dashboard/route.ts
Attempted import error: 'activitiesTable' is not exported from '../../../drizzle/db/schema' (imported as 'activitiesTable').

Import trace for requested module:
./app/api/dashboard/route.ts

./app/api/dashboard/route.ts
Attempted import error: 'activitiesTable' is not exported from '../../../drizzle/db/schema' (imported as 'activitiesTable').

Import trace for requested module:
./app/api/dashboard/route.ts

./app/api/dashboard/route.ts
Attempted import error: 'activitiesTable' is not exported from '../../../drizzle/db/schema' (imported as 'activitiesTable').

Import trace for requested module:
./app/api/dashboard/route.ts

./app/api/dashboard/route.ts
Attempted import error: 'activitiesTable' is not exported from '../../../drizzle/db/schema' (imported as 'activitiesTable').

Import trace for requested module:
./app/api/dashboard/route.ts

./app/api/dashboard/route.ts
Attempted import error: 'activitiesTable' is not exported from '../../../drizzle/db/schema' (imported as 'activitiesTable').

Import trace for requested module:
./app/api/dashboard/route.ts

./app/api/dashboard/route.ts
Attempted import error: 'activitiesTable' is not exported from '../../../drizzle/db/schema' (imported as 'activitiesTable').

Import trace for requested module:
./app/api/dashboard/route.ts

./app/api/dashboard/route.ts
Attempted import error: 'activitiesTable' is not exported from '../../../drizzle/db/schema' (imported as 'activitiesTable').

Import trace for requested module:
./app/api/dashboard/route.ts

./app/api/dashboard/route.ts
Attempted import error: 'activitiesTable' is not exported from '../../../drizzle/db/schema' (imported as 'activitiesTable').

Import trace for requested module:
./app/api/dashboard/route.ts

./app/api/dashboard/route.ts
Attempted import error: 'activitiesTable' is not exported from '../../../drizzle/db/schema' (imported as 'activitiesTable').

Import trace for requested module:
./app/api/dashboard/route.ts

./app/api/dashboard/route.ts
Attempted import error: 'activitiesTable' is not exported from '../../../drizzle/db/schema' (imported as 'activitiesTable').

Import trace for requested module:
./app/api/dashboard/route.ts

./app/api/dashboard/route.ts
Attempted import error: 'activitiesTable' is not exported from '../../../drizzle/db/schema' (imported as 'activitiesTable').

Import trace for requested module:
./app/api/dashboard/route.ts

./app/api/dashboard/route.ts
Attempted import error: 'activitiesTable' is not exported from '../../../drizzle/db/schema' (imported as 'activitiesTable').

Import trace for requested module:
./app/api/dashboard/route.ts

./app/api/dashboard/route.ts
Attempted import error: 'resourcesTable' is not exported from '../../../drizzle/db/schema' (imported as 'resourcesTable').

Import trace for requested module:
./app/api/dashboard/route.ts

./app/api/dashboard/route.ts
Attempted import error: 'resourcesTable' is not exported from '../../../drizzle/db/schema' (imported as 'resourcesTable').

Import trace for requested module:
./app/api/dashboard/route.ts

./app/api/dashboard/route.ts
Attempted import error: 'activityResourcesTable' is not exported from '../../../drizzle/db/schema' (imported as 'activityResourcesTable').

Import trace for requested module:
./app/api/dashboard/route.ts

./app/api/dashboard/route.ts
Attempted import error: 'resourcesTable' is not exported from '../../../drizzle/db/schema' (imported as 'resourcesTable').

Import trace for requested module:
./app/api/dashboard/route.ts

./app/api/dashboard/route.ts
Attempted import error: 'activitiesTable' is not exported from '../../../drizzle/db/schema' (imported as 'activitiesTable').

Import trace for requested module:
./app/api/dashboard/route.ts

./app/api/dashboard/route.ts
Attempted import error: 'activityResourcesTable' is not exported from '../../../drizzle/db/schema' (imported as 'activityResourcesTable').

Import trace for requested module:
./app/api/dashboard/route.ts

./app/api/dashboard/route.ts
Attempted import error: 'activityResourcesTable' is not exported from '../../../drizzle/db/schema' (imported as 'activityResourcesTable').

Import trace for requested module:
./app/api/dashboard/route.ts

./app/api/dashboard/route.ts
Attempted import error: 'activitiesTable' is not exported from '../../../drizzle/db/schema' (imported as 'activitiesTable').

Import trace for requested module:
./app/api/dashboard/route.ts

./app/api/dashboard/route.ts
Attempted import error: 'resourcesTable' is not exported from '../../../drizzle/db/schema' (imported as 'resourcesTable').

Import trace for requested module:
./app/api/dashboard/route.ts

./app/api/dashboard/route.ts
Attempted import error: 'resourcesTable' is not exported from '../../../drizzle/db/schema' (imported as 'resourcesTable').

Import trace for requested module:
./app/api/dashboard/route.ts

./app/api/dashboard/route.ts
Attempted import error: 'activityResourcesTable' is not exported from '../../../drizzle/db/schema' (imported as 'activityResourcesTable').

Import trace for requested module:
./app/api/dashboard/route.ts

./app/api/dashboard/route.ts
Attempted import error: 'activitiesTable' is not exported from '../../../drizzle/db/schema' (imported as 'activitiesTable').

Import trace for requested module:
./app/api/dashboard/route.ts

./app/api/dashboard/route.ts
Attempted import error: 'activitiesTable' is not exported from '../../../drizzle/db/schema' (imported as 'activitiesTable').

Import trace for requested module:
./app/api/dashboard/route.ts

./app/api/dashboard/route.ts
Attempted import error: 'activitiesTable' is not exported from '../../../drizzle/db/schema' (imported as 'activitiesTable').

Import trace for requested module:
./app/api/dashboard/route.ts

./app/api/dashboard/route.ts
Attempted import error: 'activitiesTable' is not exported from '../../../drizzle/db/schema' (imported as 'activitiesTable').

Import trace for requested module:
./app/api/dashboard/route.ts

./app/api/dashboard/route.ts
Attempted import error: 'activitiesTable' is not exported from '../../../drizzle/db/schema' (imported as 'activitiesTable').

Import trace for requested module:
./app/api/dashboard/route.ts

./app/api/dashboard/route.ts
Attempted import error: 'activitiesTable' is not exported from '../../../drizzle/db/schema' (imported as 'activitiesTable').

Import trace for requested module:
./app/api/dashboard/route.ts

./app/api/dashboard/route.ts
Attempted import error: 'activitiesTable' is not exported from '../../../drizzle/db/schema' (imported as 'activitiesTable').

Import trace for requested module:
./app/api/dashboard/route.ts

./app/api/schedules/route.ts
Attempted import error: 'activitiesTable' is not exported from '../../../drizzle/db/schema' (imported as 'activitiesTable').

Import trace for requested module:
./app/api/schedules/route.ts

./app/api/schedules/route.ts
Attempted import error: 'activitiesTable' is not exported from '../../../drizzle/db/schema' (imported as 'activitiesTable').

Import trace for requested module:
./app/api/schedules/route.ts

./app/api/schedules/route.ts
Attempted import error: 'activitiesTable' is not exported from '../../../drizzle/db/schema' (imported as 'activitiesTable').

Import trace for requested module:
./app/api/schedules/route.ts
 OPTIONS /api/notifications 204 in 786ms
 GET /api/notifications 200 in 124ms
 ⚠ ./app/api/dashboard/route.ts
Attempted import error: 'activitiesTable' is not exported from '../../../drizzle/db/schema' (imported as 'activitiesTable').

Import trace for requested module:
./app/api/dashboard/route.ts

./app/api/dashboard/route.ts
Attempted import error: 'activitiesTable' is not exported from '../../../drizzle/db/schema' (imported as 'activitiesTable').

Import trace for requested module:
./app/api/dashboard/route.ts

./app/api/dashboard/route.ts
Attempted import error: 'activitiesTable' is not exported from '../../../drizzle/db/schema' (imported as 'activitiesTable').

Import trace for requested module:
./app/api/dashboard/route.ts

./app/api/dashboard/route.ts
Attempted import error: 'activitiesTable' is not exported from '../../../drizzle/db/schema' (imported as 'activitiesTable').

Import trace for requested module:
./app/api/dashboard/route.ts

./app/api/dashboard/route.ts
Attempted import error: 'activitiesTable' is not exported from '../../../drizzle/db/schema' (imported as 'activitiesTable').

Import trace for requested module:
./app/api/dashboard/route.ts

./app/api/dashboard/route.ts
Attempted import error: 'activitiesTable' is not exported from '../../../drizzle/db/schema' (imported as 'activitiesTable').

Import trace for requested module:
./app/api/dashboard/route.ts

./app/api/dashboard/route.ts
Attempted import error: 'activitiesTable' is not exported from '../../../drizzle/db/schema' (imported as 'activitiesTable').

Import trace for requested module:
./app/api/dashboard/route.ts

./app/api/dashboard/route.ts
Attempted import error: 'activitiesTable' is not exported from '../../../drizzle/db/schema' (imported as 'activitiesTable').

Import trace for requested module:
./app/api/dashboard/route.ts

./app/api/dashboard/route.ts
Attempted import error: 'activitiesTable' is not exported from '../../../drizzle/db/schema' (imported as 'activitiesTable').

Import trace for requested module:
./app/api/dashboard/route.ts

./app/api/dashboard/route.ts
Attempted import error: 'activitiesTable' is not exported from '../../../drizzle/db/schema' (imported as 'activitiesTable').

Import trace for requested module:
./app/api/dashboard/route.ts

./app/api/dashboard/route.ts
Attempted import error: 'activitiesTable' is not exported from '../../../drizzle/db/schema' (imported as 'activitiesTable').

Import trace for requested module:
./app/api/dashboard/route.ts

./app/api/dashboard/route.ts
Attempted import error: 'activitiesTable' is not exported from '../../../drizzle/db/schema' (imported as 'activitiesTable').

Import trace for requested module:
./app/api/dashboard/route.ts

./app/api/dashboard/route.ts
Attempted import error: 'activitiesTable' is not exported from '../../../drizzle/db/schema' (imported as 'activitiesTable').

Import trace for requested module:
./app/api/dashboard/route.ts

./app/api/dashboard/route.ts
Attempted import error: 'activitiesTable' is not exported from '../../../drizzle/db/schema' (imported as 'activitiesTable').

Import trace for requested module:
./app/api/dashboard/route.ts

./app/api/dashboard/route.ts
Attempted import error: 'activitiesTable' is not exported from '../../../drizzle/db/schema' (imported as 'activitiesTable').

Import trace for requested module:
./app/api/dashboard/route.ts

./app/api/dashboard/route.ts
Attempted import error: 'activitiesTable' is not exported from '../../../drizzle/db/schema' (imported as 'activitiesTable').

Import trace for requested module:
./app/api/dashboard/route.ts

./app/api/dashboard/route.ts
Attempted import error: 'activitiesTable' is not exported from '../../../drizzle/db/schema' (imported as 'activitiesTable').

Import trace for requested module:
./app/api/dashboard/route.ts

./app/api/dashboard/route.ts
Attempted import error: 'activitiesTable' is not exported from '../../../drizzle/db/schema' (imported as 'activitiesTable').

Import trace for requested module:
./app/api/dashboard/route.ts

./app/api/dashboard/route.ts
Attempted import error: 'activitiesTable' is not exported from '../../../drizzle/db/schema' (imported as 'activitiesTable').

Import trace for requested module:
./app/api/dashboard/route.ts

./app/api/dashboard/route.ts
Attempted import error: 'resourcesTable' is not exported from '../../../drizzle/db/schema' (imported as 'resourcesTable').

Import trace for requested module:
./app/api/dashboard/route.ts

./app/api/dashboard/route.ts
Attempted import error: 'resourcesTable' is not exported from '../../../drizzle/db/schema' (imported as 'resourcesTable').

Import trace for requested module:
./app/api/dashboard/route.ts

./app/api/dashboard/route.ts
Attempted import error: 'activityResourcesTable' is not exported from '../../../drizzle/db/schema' (imported as 'activityResourcesTable').

Import trace for requested module:
./app/api/dashboard/route.ts

./app/api/dashboard/route.ts
Attempted import error: 'resourcesTable' is not exported from '../../../drizzle/db/schema' (imported as 'resourcesTable').

Import trace for requested module:
./app/api/dashboard/route.ts

./app/api/dashboard/route.ts
Attempted import error: 'activitiesTable' is not exported from '../../../drizzle/db/schema' (imported as 'activitiesTable').

Import trace for requested module:
./app/api/dashboard/route.ts

./app/api/dashboard/route.ts
Attempted import error: 'activityResourcesTable' is not exported from '../../../drizzle/db/schema' (imported as 'activityResourcesTable').

Import trace for requested module:
./app/api/dashboard/route.ts

./app/api/dashboard/route.ts
Attempted import error: 'activityResourcesTable' is not exported from '../../../drizzle/db/schema' (imported as 'activityResourcesTable').

Import trace for requested module:
./app/api/dashboard/route.ts

./app/api/dashboard/route.ts
Attempted import error: 'activitiesTable' is not exported from '../../../drizzle/db/schema' (imported as 'activitiesTable').

Import trace for requested module:
./app/api/dashboard/route.ts

./app/api/dashboard/route.ts
Attempted import error: 'resourcesTable' is not exported from '../../../drizzle/db/schema' (imported as 'resourcesTable').

Import trace for requested module:
./app/api/dashboard/route.ts

./app/api/dashboard/route.ts
Attempted import error: 'resourcesTable' is not exported from '../../../drizzle/db/schema' (imported as 'resourcesTable').

Import trace for requested module:
./app/api/dashboard/route.ts

./app/api/dashboard/route.ts
Attempted import error: 'activityResourcesTable' is not exported from '../../../drizzle/db/schema' (imported as 'activityResourcesTable').

Import trace for requested module:
./app/api/dashboard/route.ts

./app/api/dashboard/route.ts
Attempted import error: 'activitiesTable' is not exported from '../../../drizzle/db/schema' (imported as 'activitiesTable').

Import trace for requested module:
./app/api/dashboard/route.ts

./app/api/dashboard/route.ts
Attempted import error: 'activitiesTable' is not exported from '../../../drizzle/db/schema' (imported as 'activitiesTable').

Import trace for requested module:
./app/api/dashboard/route.ts

./app/api/dashboard/route.ts
Attempted import error: 'activitiesTable' is not exported from '../../../drizzle/db/schema' (imported as 'activitiesTable').

Import trace for requested module:
./app/api/dashboard/route.ts

./app/api/dashboard/route.ts
Attempted import error: 'activitiesTable' is not exported from '../../../drizzle/db/schema' (imported as 'activitiesTable').

Import trace for requested module:
./app/api/dashboard/route.ts

./app/api/dashboard/route.ts
Attempted import error: 'activitiesTable' is not exported from '../../../drizzle/db/schema' (imported as 'activitiesTable').

Import trace for requested module:
./app/api/dashboard/route.ts

./app/api/dashboard/route.ts
Attempted import error: 'activitiesTable' is not exported from '../../../drizzle/db/schema' (imported as 'activitiesTable').

Import trace for requested module:
./app/api/dashboard/route.ts

./app/api/dashboard/route.ts
Attempted import error: 'activitiesTable' is not exported from '../../../drizzle/db/schema' (imported as 'activitiesTable').

Import trace for requested module:
./app/api/dashboard/route.ts

./app/api/schedules/route.ts
Attempted import error: 'activitiesTable' is not exported from '../../../drizzle/db/schema' (imported as 'activitiesTable').

Import trace for requested module:
./app/api/schedules/route.ts

./app/api/schedules/route.ts
Attempted import error: 'activitiesTable' is not exported from '../../../drizzle/db/schema' (imported as 'activitiesTable').

Import trace for requested module:
./app/api/schedules/route.ts

./app/api/schedules/route.ts
Attempted import error: 'activitiesTable' is not exported from '../../../drizzle/db/schema' (imported as 'activitiesTable').

Import trace for requested module:
./app/api/schedules/route.ts
 ⚠ ./app/api/dashboard/route.ts
Attempted import error: 'activitiesTable' is not exported from '../../../drizzle/db/schema' (imported as 'activitiesTable').

Import trace for requested module:
./app/api/dashboard/route.ts

./app/api/dashboard/route.ts
Attempted import error: 'activitiesTable' is not exported from '../../../drizzle/db/schema' (imported as 'activitiesTable').

Import trace for requested module:
./app/api/dashboard/route.ts

./app/api/dashboard/route.ts
Attempted import error: 'activitiesTable' is not exported from '../../../drizzle/db/schema' (imported as 'activitiesTable').

Import trace for requested module:
./app/api/dashboard/route.ts

./app/api/dashboard/route.ts
Attempted import error: 'activitiesTable' is not exported from '../../../drizzle/db/schema' (imported as 'activitiesTable').

Import trace for requested module:
./app/api/dashboard/route.ts

./app/api/dashboard/route.ts
Attempted import error: 'activitiesTable' is not exported from '../../../drizzle/db/schema' (imported as 'activitiesTable').

Import trace for requested module:
./app/api/dashboard/route.ts

./app/api/dashboard/route.ts
Attempted import error: 'activitiesTable' is not exported from '../../../drizzle/db/schema' (imported as 'activitiesTable').

Import trace for requested module:
./app/api/dashboard/route.ts

./app/api/dashboard/route.ts
Attempted import error: 'activitiesTable' is not exported from '../../../drizzle/db/schema' (imported as 'activitiesTable').

Import trace for requested module:
./app/api/dashboard/route.ts

./app/api/dashboard/route.ts
Attempted import error: 'activitiesTable' is not exported from '../../../drizzle/db/schema' (imported as 'activitiesTable').

Import trace for requested module:
./app/api/dashboard/route.ts

./app/api/dashboard/route.ts
Attempted import error: 'activitiesTable' is not exported from '../../../drizzle/db/schema' (imported as 'activitiesTable').

Import trace for requested module:
./app/api/dashboard/route.ts

./app/api/dashboard/route.ts
Attempted import error: 'activitiesTable' is not exported from '../../../drizzle/db/schema' (imported as 'activitiesTable').

Import trace for requested module:
./app/api/dashboard/route.ts

./app/api/dashboard/route.ts
Attempted import error: 'activitiesTable' is not exported from '../../../drizzle/db/schema' (imported as 'activitiesTable').

Import trace for requested module:
./app/api/dashboard/route.ts

./app/api/dashboard/route.ts
Attempted import error: 'activitiesTable' is not exported from '../../../drizzle/db/schema' (imported as 'activitiesTable').

Import trace for requested module:
./app/api/dashboard/route.ts

./app/api/dashboard/route.ts
Attempted import error: 'activitiesTable' is not exported from '../../../drizzle/db/schema' (imported as 'activitiesTable').

Import trace for requested module:
./app/api/dashboard/route.ts

./app/api/dashboard/route.ts
Attempted import error: 'activitiesTable' is not exported from '../../../drizzle/db/schema' (imported as 'activitiesTable').

Import trace for requested module:
./app/api/dashboard/route.ts

./app/api/dashboard/route.ts
Attempted import error: 'activitiesTable' is not exported from '../../../drizzle/db/schema' (imported as 'activitiesTable').

Import trace for requested module:
./app/api/dashboard/route.ts

./app/api/dashboard/route.ts
Attempted import error: 'activitiesTable' is not exported from '../../../drizzle/db/schema' (imported as 'activitiesTable').

Import trace for requested module:
./app/api/dashboard/route.ts

./app/api/dashboard/route.ts
Attempted import error: 'activitiesTable' is not exported from '../../../drizzle/db/schema' (imported as 'activitiesTable').

Import trace for requested module:
./app/api/dashboard/route.ts

./app/api/dashboard/route.ts
Attempted import error: 'activitiesTable' is not exported from '../../../drizzle/db/schema' (imported as 'activitiesTable').

Import trace for requested module:
./app/api/dashboard/route.ts

./app/api/dashboard/route.ts
Attempted import error: 'activitiesTable' is not exported from '../../../drizzle/db/schema' (imported as 'activitiesTable').

Import trace for requested module:
./app/api/dashboard/route.ts

./app/api/dashboard/route.ts
Attempted import error: 'resourcesTable' is not exported from '../../../drizzle/db/schema' (imported as 'resourcesTable').

Import trace for requested module:
./app/api/dashboard/route.ts

./app/api/dashboard/route.ts
Attempted import error: 'resourcesTable' is not exported from '../../../drizzle/db/schema' (imported as 'resourcesTable').

Import trace for requested module:
./app/api/dashboard/route.ts

./app/api/dashboard/route.ts
Attempted import error: 'activityResourcesTable' is not exported from '../../../drizzle/db/schema' (imported as 'activityResourcesTable').

Import trace for requested module:
./app/api/dashboard/route.ts

./app/api/dashboard/route.ts
Attempted import error: 'resourcesTable' is not exported from '../../../drizzle/db/schema' (imported as 'resourcesTable').

Import trace for requested module:
./app/api/dashboard/route.ts

./app/api/dashboard/route.ts
Attempted import error: 'activitiesTable' is not exported from '../../../drizzle/db/schema' (imported as 'activitiesTable').

Import trace for requested module:
./app/api/dashboard/route.ts

./app/api/dashboard/route.ts
Attempted import error: 'activityResourcesTable' is not exported from '../../../drizzle/db/schema' (imported as 'activityResourcesTable').

Import trace for requested module:
./app/api/dashboard/route.ts

./app/api/dashboard/route.ts
Attempted import error: 'activityResourcesTable' is not exported from '../../../drizzle/db/schema' (imported as 'activityResourcesTable').

Import trace for requested module:
./app/api/dashboard/route.ts

./app/api/dashboard/route.ts
Attempted import error: 'activitiesTable' is not exported from '../../../drizzle/db/schema' (imported as 'activitiesTable').

Import trace for requested module:
./app/api/dashboard/route.ts

./app/api/dashboard/route.ts
Attempted import error: 'resourcesTable' is not exported from '../../../drizzle/db/schema' (imported as 'resourcesTable').

Import trace for requested module:
./app/api/dashboard/route.ts

./app/api/dashboard/route.ts
Attempted import error: 'resourcesTable' is not exported from '../../../drizzle/db/schema' (imported as 'resourcesTable').

Import trace for requested module:
./app/api/dashboard/route.ts

./app/api/dashboard/route.ts
Attempted import error: 'activityResourcesTable' is not exported from '../../../drizzle/db/schema' (imported as 'activityResourcesTable').

Import trace for requested module:
./app/api/dashboard/route.ts

./app/api/dashboard/route.ts
Attempted import error: 'activitiesTable' is not exported from '../../../drizzle/db/schema' (imported as 'activitiesTable').

Import trace for requested module:
./app/api/dashboard/route.ts

./app/api/dashboard/route.ts
Attempted import error: 'activitiesTable' is not exported from '../../../drizzle/db/schema' (imported as 'activitiesTable').

Import trace for requested module:
./app/api/dashboard/route.ts

./app/api/dashboard/route.ts
Attempted import error: 'activitiesTable' is not exported from '../../../drizzle/db/schema' (imported as 'activitiesTable').

Import trace for requested module:
./app/api/dashboard/route.ts

./app/api/dashboard/route.ts
Attempted import error: 'activitiesTable' is not exported from '../../../drizzle/db/schema' (imported as 'activitiesTable').

Import trace for requested module:
./app/api/dashboard/route.ts

./app/api/dashboard/route.ts
Attempted import error: 'activitiesTable' is not exported from '../../../drizzle/db/schema' (imported as 'activitiesTable').

Import trace for requested module:
./app/api/dashboard/route.ts

./app/api/dashboard/route.ts
Attempted import error: 'activitiesTable' is not exported from '../../../drizzle/db/schema' (imported as 'activitiesTable').

Import trace for requested module:
./app/api/dashboard/route.ts

./app/api/dashboard/route.ts
Attempted import error: 'activitiesTable' is not exported from '../../../drizzle/db/schema' (imported as 'activitiesTable').

Import trace for requested module:
./app/api/dashboard/route.ts

./app/api/performance/route.ts
Attempted import error: 'activitiesTable' is not exported from '../../../drizzle/db/schema' (imported as 'activitiesTable').

Import trace for requested module:
./app/api/performance/route.ts

./app/api/performance/route.ts
Attempted import error: 'activitiesTable' is not exported from '../../../drizzle/db/schema' (imported as 'activitiesTable').

Import trace for requested module:
./app/api/performance/route.ts

./app/api/performance/route.ts
Attempted import error: 'activitiesTable' is not exported from '../../../drizzle/db/schema' (imported as 'activitiesTable').

Import trace for requested module:
./app/api/performance/route.ts

./app/api/performance/route.ts
Attempted import error: 'activitiesTable' is not exported from '../../../drizzle/db/schema' (imported as 'activitiesTable').

Import trace for requested module:
./app/api/performance/route.ts

./app/api/performance/route.ts
Attempted import error: 'activitiesTable' is not exported from '../../../drizzle/db/schema' (imported as 'activitiesTable').

Import trace for requested module:
./app/api/performance/route.ts

./app/api/performance/route.ts
Attempted import error: 'activitiesTable' is not exported from '../../../drizzle/db/schema' (imported as 'activitiesTable').

Import trace for requested module:
./app/api/performance/route.ts

./app/api/schedules/route.ts
Attempted import error: 'activitiesTable' is not exported from '../../../drizzle/db/schema' (imported as 'activitiesTable').

Import trace for requested module:
./app/api/schedules/route.ts

./app/api/schedules/route.ts
Attempted import error: 'activitiesTable' is not exported from '../../../drizzle/db/schema' (imported as 'activitiesTable').

Import trace for requested module:
./app/api/schedules/route.ts

./app/api/schedules/route.ts
Attempted import error: 'activitiesTable' is not exported from '../../../drizzle/db/schema' (imported as 'activitiesTable').

Import trace for requested module:
./app/api/schedules/route.ts
 OPTIONS /api/performance 204 in 762ms
Error fetching performance data: TypeError: Cannot read properties of undefined (reading 'description')
    at activitiesTable (webpack:///app/api/performance/route.ts?151c:48:30)
    at run (file:///C:/Users/Administrator/Documents/Github/dashboard-diary/node_modules/.pnpm/next@15.0.2_@babel+core@7.2_6bb6baa81f2b198c05a89ed44e2ef849/node_modules/next/dist/compiled/next-server/dist/src/server/route-modules/app-route/module.ts:525:41)
    at handler (file:///C:/Users/Administrator/Documents/Github/dashboard-diary/node_modules/.pnpm/next@15.0.2_@babel+core@7.2_6bb6baa81f2b198c05a89ed44e2ef849/node_modules/next/dist/compiled/next-server/dist/src/server/route-modules/app-route/module.ts:722:20)
    at fn (file:///C:/Users/Administrator/Documents/Github/dashboard-diary/node_modules/.pnpm/next@15.0.2_@babel+core@7.2_6bb6baa81f2b198c05a89ed44e2ef849/node_modules/next/src/server/lib/trace/tracer.ts:351:27)
    at NoopContextManager.with (C:\Users\Administrator\Documents\Github\dashboard-diary\node_modules\.pnpm\next@15.0.2_@babel+core@7.2_6bb6baa81f2b198c05a89ed44e2ef849\node_modules\next\dist\compiled\@opentelemetry\api\index.js:1:7062)
    at ContextAPI.with (C:\Users\Administrator\Documents\Github\dashboard-diary\node_modules\.pnpm\next@15.0.2_@babel+core@7.2_6bb6baa81f2b198c05a89ed44e2ef849\node_modules\next\dist\compiled\@opentelemetry\api\index.js:1:518)
    at NoopTracer.startActiveSpan (C:\Users\Administrator\Documents\Github\dashboard-diary\node_modules\.pnpm\next@15.0.2_@babel+core@7.2_6bb6baa81f2b198c05a89ed44e2ef849\node_modules\next\dist\compiled\@opentelemetry\api\index.js:1:18093)
    at ProxyTracer.startActiveSpan (C:\Users\Administrator\Documents\Github\dashboard-diary\node_modules\.pnpm\next@15.0.2_@babel+core@7.2_6bb6baa81f2b198c05a89ed44e2ef849\node_modules\next\dist\compiled\@opentelemetry\api\index.js:1:18854)
    at startActiveSpan (file:///C:/Users/Administrator/Documents/Github/dashboard-diary/node_modules/.pnpm/next@15.0.2_@babel+core@7.2_6bb6baa81f2b198c05a89ed44e2ef849/node_modules/next/src/server/lib/trace/tracer.ts:304:31)
    at NoopContextManager.with (C:\Users\Administrator\Documents\Github\dashboard-diary\node_modules\.pnpm\next@15.0.2_@babel+core@7.2_6bb6baa81f2b198c05a89ed44e2ef849\node_modules\next\dist\compiled\@opentelemetry\api\index.js:1:7062)
    at ContextAPI.with (C:\Users\Administrator\Documents\Github\dashboard-diary\node_modules\.pnpm\next@15.0.2_@babel+core@7.2_6bb6baa81f2b198c05a89ed44e2ef849\node_modules\next\dist\compiled\@opentelemetry\api\index.js:1:518)
    at spanContext (file:///C:/Users/Administrator/Documents/Github/dashboard-diary/node_modules/.pnpm/next@15.0.2_@babel+core@7.2_6bb6baa81f2b198c05a89ed44e2ef849/node_modules/next/src/server/lib/trace/tracer.ts:303:24)
    at trace (file:///C:/Users/Administrator/Documents/Github/dashboard-diary/node_modules/.pnpm/next@15.0.2_@babel+core@7.2_6bb6baa81f2b198c05a89ed44e2ef849/node_modules/next/dist/compiled/next-server/dist/src/server/route-modules/app-route/module.ts:712:28)
    at run (file:///C:/Users/Administrator/Documents/Github/dashboard-diary/node_modules/.pnpm/next@15.0.2_@babel+core@7.2_6bb6baa81f2b198c05a89ed44e2ef849/node_modules/next/dist/compiled/next-server/dist/src/server/async-storage/with-work-store.ts:133:17)
    at withWorkStore (file:///C:/Users/Administrator/Documents/Github/dashboard-diary/node_modules/.pnpm/next@15.0.2_@babel+core@7.2_6bb6baa81f2b198c05a89ed44e2ef849/node_modules/next/dist/compiled/next-server/dist/src/server/route-modules/app-route/module.ts:656:10)
    at run (file:///C:/Users/Administrator/Documents/Github/dashboard-diary/node_modules/.pnpm/next@15.0.2_@babel+core@7.2_6bb6baa81f2b198c05a89ed44e2ef849/node_modules/next/dist/compiled/next-server/dist/src/server/route-modules/app-route/module.ts:655:34)
    at run (file:///C:/Users/Administrator/Documents/Github/dashboard-diary/node_modules/.pnpm/next@15.0.2_@babel+core@7.2_6bb6baa81f2b198c05a89ed44e2ef849/node_modules/next/dist/compiled/next-server/dist/src/server/route-modules/app-route/module.ts:652:60)
    at handle (file:///C:/Users/Administrator/Documents/Github/dashboard-diary/node_modules/.pnpm/next@15.0.2_@babel+core@7.2_6bb6baa81f2b198c05a89ed44e2ef849/node_modules/next/src/server/base-server.ts:2570:47)
    at doRender (file:///C:/Users/Administrator/Documents/Github/dashboard-diary/node_modules/.pnpm/next@15.0.2_@babel+core@7.2_6bb6baa81f2b198c05a89ed44e2ef849/node_modules/next/src/server/base-server.ts:3066:27)
    at responseGenerator (file:///C:/Users/Administrator/Documents/Github/dashboard-diary/node_modules/.pnpm/next@15.0.2_@babel+core@7.2_6bb6baa81f2b198c05a89ed44e2ef849/node_modules/next/src/server/response-cache/index.ts:67:13)
    at get (file:///C:/Users/Administrator/Documents/Github/dashboard-diary/node_modules/.pnpm/next@15.0.2_@babel+core@7.2_6bb6baa81f2b198c05a89ed44e2ef849/node_modules/next/src/server/base-server.ts:3121:48)
    at renderToResponseWithComponentsImpl (file:///C:/Users/Administrator/Documents/Github/dashboard-diary/node_modules/.pnpm/next@15.0.2_@babel+core@7.2_6bb6baa81f2b198c05a89ed44e2ef849/node_modules/next/src/server/base-server.ts:1917:13)
    at fn (file:///C:/Users/Administrator/Documents/Github/dashboard-diary/node_modules/.pnpm/next@15.0.2_@babel+core@7.2_6bb6baa81f2b198c05a89ed44e2ef849/node_modules/next/src/server/lib/trace/tracer.ts:279:13)
    at trace (file:///C:/Users/Administrator/Documents/Github/dashboard-diary/node_modules/.pnpm/next@15.0.2_@babel+core@7.2_6bb6baa81f2b198c05a89ed44e2ef849/node_modules/next/src/server/base-server.ts:1914:23)
    at renderToResponseWithComponents (file:///C:/Users/Administrator/Documents/Github/dashboard-diary/node_modules/.pnpm/next@15.0.2_@babel+core@7.2_6bb6baa81f2b198c05a89ed44e2ef849/node_modules/next/src/server/base-server.ts:3676:26)
    at async DevServer.renderToResponseImpl (file:///C:/Users/Administrator/Documents/Github/dashboard-diary/node_modules/.pnpm/next@15.0.2_@babel+core@7.2_6bb6baa81f2b198c05a89ed44e2ef849/node_modules/next/src/server/base-server.ts:3738:23)
    at async DevServer.pipeImpl (file:///C:/Users/Administrator/Documents/Github/dashboard-diary/node_modules/.pnpm/next@15.0.2_@babel+core@7.2_6bb6baa81f2b198c05a89ed44e2ef849/node_modules/next/src/server/base-server.ts:1738:20)
    at async NextNodeServer.handleCatchallRenderRequest (file:///C:/Users/Administrator/Documents/Github/dashboard-diary/node_modules/.pnpm/next@15.0.2_@babel+core@7.2_6bb6baa81f2b198c05a89ed44e2ef849/node_modules/next/src/server/next-server.ts:1032:6)
    at async DevServer.handleRequestImpl (file:///C:/Users/Administrator/Documents/Github/dashboard-diary/node_modules/.pnpm/next@15.0.2_@babel+core@7.2_6bb6baa81f2b198c05a89ed44e2ef849/node_modules/next/src/server/base-server.ts:1498:8)
    at async (file:///C:/Users/Administrator/Documents/Github/dashboard-diary/node_modules/.pnpm/next@15.0.2_@babel+core@7.2_6bb6baa81f2b198c05a89ed44e2ef849/node_modules/next/src/server/dev/next-dev-server.ts:514:13)
    at async Span.traceAsyncFn (file:///C:/Users/Administrator/Documents/Github/dashboard-diary/node_modules/.pnpm/next@15.0.2_@babel+core@7.2_6bb6baa81f2b198c05a89ed44e2ef849/node_modules/next/src/trace/trace.ts:143:13)
    at async DevServer.handleRequest (file:///C:/Users/Administrator/Documents/Github/dashboard-diary/node_modules/.pnpm/next@15.0.2_@babel+core@7.2_6bb6baa81f2b198c05a89ed44e2ef849/node_modules/next/src/server/dev/next-dev-server.ts:512:19)
    at async invokeRender (file:///C:/Users/Administrator/Documents/Github/dashboard-diary/node_modules/.pnpm/next@15.0.2_@babel+core@7.2_6bb6baa81f2b198c05a89ed44e2ef849/node_modules/next/src/server/lib/router-server.ts:284:10)
    at async handleRequest (file:///C:/Users/Administrator/Documents/Github/dashboard-diary/node_modules/.pnpm/next@15.0.2_@babel+core@7.2_6bb6baa81f2b198c05a89ed44e2ef849/node_modules/next/src/server/lib/router-server.ts:530:15)
    at async requestHandlerImpl (file:///C:/Users/Administrator/Documents/Github/dashboard-diary/node_modules/.pnpm/next@15.0.2_@babel+core@7.2_6bb6baa81f2b198c05a89ed44e2ef849/node_modules/next/src/server/lib/router-server.ts:576:6)
    at async Server.requestListener (file:///C:/Users/Administrator/Documents/Github/dashboard-diary/node_modules/.pnpm/next@15.0.2_@babel+core@7.2_6bb6baa81f2b198c05a89ed44e2ef849/node_modules/next/src/server/lib/start-server.ts:146:6)
  46 |                     branch_name: branchesTable.name,
  47 |                     role: usersTable.role,
> 48 |                     activity: activitiesTable.description,
     |                              ^
  49 |                     status: performanceTable.status,
  50 |                     updatedAt: performanceTable.updatedAt,
  51 |                 })
 GET /api/performance 500 in 102ms
 ⚠ ./app/api/dashboard/route.ts
Attempted import error: 'activitiesTable' is not exported from '../../../drizzle/db/schema' (imported as 'activitiesTable').

Import trace for requested module:
./app/api/dashboard/route.ts

./app/api/dashboard/route.ts
Attempted import error: 'activitiesTable' is not exported from '../../../drizzle/db/schema' (imported as 'activitiesTable').

Import trace for requested module:
./app/api/dashboard/route.ts

./app/api/dashboard/route.ts
Attempted import error: 'activitiesTable' is not exported from '../../../drizzle/db/schema' (imported as 'activitiesTable').

Import trace for requested module:
./app/api/dashboard/route.ts

./app/api/dashboard/route.ts
Attempted import error: 'activitiesTable' is not exported from '../../../drizzle/db/schema' (imported as 'activitiesTable').

Import trace for requested module:
./app/api/dashboard/route.ts

./app/api/dashboard/route.ts
Attempted import error: 'activitiesTable' is not exported from '../../../drizzle/db/schema' (imported as 'activitiesTable').

Import trace for requested module:
./app/api/dashboard/route.ts

./app/api/dashboard/route.ts
Attempted import error: 'activitiesTable' is not exported from '../../../drizzle/db/schema' (imported as 'activitiesTable').

Import trace for requested module:
./app/api/dashboard/route.ts

./app/api/dashboard/route.ts
Attempted import error: 'activitiesTable' is not exported from '../../../drizzle/db/schema' (imported as 'activitiesTable').

Import trace for requested module:
./app/api/dashboard/route.ts

./app/api/dashboard/route.ts
Attempted import error: 'activitiesTable' is not exported from '../../../drizzle/db/schema' (imported as 'activitiesTable').

Import trace for requested module:
./app/api/dashboard/route.ts

./app/api/dashboard/route.ts
Attempted import error: 'activitiesTable' is not exported from '../../../drizzle/db/schema' (imported as 'activitiesTable').

Import trace for requested module:
./app/api/dashboard/route.ts

./app/api/dashboard/route.ts
Attempted import error: 'activitiesTable' is not exported from '../../../drizzle/db/schema' (imported as 'activitiesTable').

Import trace for requested module:
./app/api/dashboard/route.ts

./app/api/dashboard/route.ts
Attempted import error: 'activitiesTable' is not exported from '../../../drizzle/db/schema' (imported as 'activitiesTable').

Import trace for requested module:
./app/api/dashboard/route.ts

./app/api/dashboard/route.ts
Attempted import error: 'activitiesTable' is not exported from '../../../drizzle/db/schema' (imported as 'activitiesTable').

Import trace for requested module:
./app/api/dashboard/route.ts

./app/api/dashboard/route.ts
Attempted import error: 'activitiesTable' is not exported from '../../../drizzle/db/schema' (imported as 'activitiesTable').

Import trace for requested module:
./app/api/dashboard/route.ts

./app/api/dashboard/route.ts
Attempted import error: 'activitiesTable' is not exported from '../../../drizzle/db/schema' (imported as 'activitiesTable').

Import trace for requested module:
./app/api/dashboard/route.ts

./app/api/dashboard/route.ts
Attempted import error: 'activitiesTable' is not exported from '../../../drizzle/db/schema' (imported as 'activitiesTable').

Import trace for requested module:
./app/api/dashboard/route.ts

./app/api/dashboard/route.ts
Attempted import error: 'activitiesTable' is not exported from '../../../drizzle/db/schema' (imported as 'activitiesTable').

Import trace for requested module:
./app/api/dashboard/route.ts

./app/api/dashboard/route.ts
Attempted import error: 'activitiesTable' is not exported from '../../../drizzle/db/schema' (imported as 'activitiesTable').

Import trace for requested module:
./app/api/dashboard/route.ts

./app/api/dashboard/route.ts
Attempted import error: 'activitiesTable' is not exported from '../../../drizzle/db/schema' (imported as 'activitiesTable').

Import trace for requested module:
./app/api/dashboard/route.ts

./app/api/dashboard/route.ts
Attempted import error: 'activitiesTable' is not exported from '../../../drizzle/db/schema' (imported as 'activitiesTable').

Import trace for requested module:
./app/api/dashboard/route.ts

./app/api/dashboard/route.ts
Attempted import error: 'resourcesTable' is not exported from '../../../drizzle/db/schema' (imported as 'resourcesTable').

Import trace for requested module:
./app/api/dashboard/route.ts

./app/api/dashboard/route.ts
Attempted import error: 'resourcesTable' is not exported from '../../../drizzle/db/schema' (imported as 'resourcesTable').

Import trace for requested module:
./app/api/dashboard/route.ts

./app/api/dashboard/route.ts
Attempted import error: 'activityResourcesTable' is not exported from '../../../drizzle/db/schema' (imported as 'activityResourcesTable').

Import trace for requested module:
./app/api/dashboard/route.ts

./app/api/dashboard/route.ts
Attempted import error: 'resourcesTable' is not exported from '../../../drizzle/db/schema' (imported as 'resourcesTable').

Import trace for requested module:
./app/api/dashboard/route.ts

./app/api/dashboard/route.ts
Attempted import error: 'activitiesTable' is not exported from '../../../drizzle/db/schema' (imported as 'activitiesTable').

Import trace for requested module:
./app/api/dashboard/route.ts

./app/api/dashboard/route.ts
Attempted import error: 'activityResourcesTable' is not exported from '../../../drizzle/db/schema' (imported as 'activityResourcesTable').

Import trace for requested module:
./app/api/dashboard/route.ts

./app/api/dashboard/route.ts
Attempted import error: 'activityResourcesTable' is not exported from '../../../drizzle/db/schema' (imported as 'activityResourcesTable').

Import trace for requested module:
./app/api/dashboard/route.ts

./app/api/dashboard/route.ts
Attempted import error: 'activitiesTable' is not exported from '../../../drizzle/db/schema' (imported as 'activitiesTable').

Import trace for requested module:
./app/api/dashboard/route.ts

./app/api/dashboard/route.ts
Attempted import error: 'resourcesTable' is not exported from '../../../drizzle/db/schema' (imported as 'resourcesTable').

Import trace for requested module:
./app/api/dashboard/route.ts

./app/api/dashboard/route.ts
Attempted import error: 'resourcesTable' is not exported from '../../../drizzle/db/schema' (imported as 'resourcesTable').

Import trace for requested module:
./app/api/dashboard/route.ts

./app/api/dashboard/route.ts
Attempted import error: 'activityResourcesTable' is not exported from '../../../drizzle/db/schema' (imported as 'activityResourcesTable').

Import trace for requested module:
./app/api/dashboard/route.ts

./app/api/dashboard/route.ts
Attempted import error: 'activitiesTable' is not exported from '../../../drizzle/db/schema' (imported as 'activitiesTable').

Import trace for requested module:
./app/api/dashboard/route.ts

./app/api/dashboard/route.ts
Attempted import error: 'activitiesTable' is not exported from '../../../drizzle/db/schema' (imported as 'activitiesTable').

Import trace for requested module:
./app/api/dashboard/route.ts

./app/api/dashboard/route.ts
Attempted import error: 'activitiesTable' is not exported from '../../../drizzle/db/schema' (imported as 'activitiesTable').

Import trace for requested module:
./app/api/dashboard/route.ts

./app/api/dashboard/route.ts
Attempted import error: 'activitiesTable' is not exported from '../../../drizzle/db/schema' (imported as 'activitiesTable').

Import trace for requested module:
./app/api/dashboard/route.ts

./app/api/dashboard/route.ts
Attempted import error: 'activitiesTable' is not exported from '../../../drizzle/db/schema' (imported as 'activitiesTable').

Import trace for requested module:
./app/api/dashboard/route.ts

./app/api/dashboard/route.ts
Attempted import error: 'activitiesTable' is not exported from '../../../drizzle/db/schema' (imported as 'activitiesTable').

Import trace for requested module:
./app/api/dashboard/route.ts

./app/api/dashboard/route.ts
Attempted import error: 'activitiesTable' is not exported from '../../../drizzle/db/schema' (imported as 'activitiesTable').

Import trace for requested module:
./app/api/dashboard/route.ts

./app/api/performance/route.ts
Attempted import error: 'activitiesTable' is not exported from '../../../drizzle/db/schema' (imported as 'activitiesTable').

Import trace for requested module:
./app/api/performance/route.ts

./app/api/performance/route.ts
Attempted import error: 'activitiesTable' is not exported from '../../../drizzle/db/schema' (imported as 'activitiesTable').

Import trace for requested module:
./app/api/performance/route.ts

./app/api/performance/route.ts
Attempted import error: 'activitiesTable' is not exported from '../../../drizzle/db/schema' (imported as 'activitiesTable').

Import trace for requested module:
./app/api/performance/route.ts

./app/api/performance/route.ts
Attempted import error: 'activitiesTable' is not exported from '../../../drizzle/db/schema' (imported as 'activitiesTable').

Import trace for requested module:
./app/api/performance/route.ts

./app/api/performance/route.ts
Attempted import error: 'activitiesTable' is not exported from '../../../drizzle/db/schema' (imported as 'activitiesTable').

Import trace for requested module:
./app/api/performance/route.ts

./app/api/performance/route.ts
Attempted import error: 'activitiesTable' is not exported from '../../../drizzle/db/schema' (imported as 'activitiesTable').

Import trace for requested module:
./app/api/performance/route.ts

./app/api/schedules/route.ts
Attempted import error: 'activitiesTable' is not exported from '../../../drizzle/db/schema' (imported as 'activitiesTable').

Import trace for requested module:
./app/api/schedules/route.ts

./app/api/schedules/route.ts
Attempted import error: 'activitiesTable' is not exported from '../../../drizzle/db/schema' (imported as 'activitiesTable').

Import trace for requested module:
./app/api/schedules/route.ts

./app/api/schedules/route.ts
Attempted import error: 'activitiesTable' is not exported from '../../../drizzle/db/schema' (imported as 'activitiesTable').

Import trace for requested module:
./app/api/schedules/route.ts
 ⚠ ./app/api/dashboard/route.ts
Attempted import error: 'activitiesTable' is not exported from '../../../drizzle/db/schema' (imported as 'activitiesTable').

Import trace for requested module:
./app/api/dashboard/route.ts

./app/api/dashboard/route.ts
Attempted import error: 'activitiesTable' is not exported from '../../../drizzle/db/schema' (imported as 'activitiesTable').

Import trace for requested module:
./app/api/dashboard/route.ts

./app/api/dashboard/route.ts
Attempted import error: 'activitiesTable' is not exported from '../../../drizzle/db/schema' (imported as 'activitiesTable').

Import trace for requested module:
./app/api/dashboard/route.ts

./app/api/dashboard/route.ts
Attempted import error: 'activitiesTable' is not exported from '../../../drizzle/db/schema' (imported as 'activitiesTable').

Import trace for requested module:
./app/api/dashboard/route.ts

./app/api/dashboard/route.ts
Attempted import error: 'activitiesTable' is not exported from '../../../drizzle/db/schema' (imported as 'activitiesTable').

Import trace for requested module:
./app/api/dashboard/route.ts

./app/api/dashboard/route.ts
Attempted import error: 'activitiesTable' is not exported from '../../../drizzle/db/schema' (imported as 'activitiesTable').

Import trace for requested module:
./app/api/dashboard/route.ts

./app/api/dashboard/route.ts
Attempted import error: 'activitiesTable' is not exported from '../../../drizzle/db/schema' (imported as 'activitiesTable').

Import trace for requested module:
./app/api/dashboard/route.ts

./app/api/dashboard/route.ts
Attempted import error: 'activitiesTable' is not exported from '../../../drizzle/db/schema' (imported as 'activitiesTable').

Import trace for requested module:
./app/api/dashboard/route.ts

./app/api/dashboard/route.ts
Attempted import error: 'activitiesTable' is not exported from '../../../drizzle/db/schema' (imported as 'activitiesTable').

Import trace for requested module:
./app/api/dashboard/route.ts

./app/api/dashboard/route.ts
Attempted import error: 'activitiesTable' is not exported from '../../../drizzle/db/schema' (imported as 'activitiesTable').

Import trace for requested module:
./app/api/dashboard/route.ts

./app/api/dashboard/route.ts
Attempted import error: 'activitiesTable' is not exported from '../../../drizzle/db/schema' (imported as 'activitiesTable').

Import trace for requested module:
./app/api/dashboard/route.ts

./app/api/dashboard/route.ts
Attempted import error: 'activitiesTable' is not exported from '../../../drizzle/db/schema' (imported as 'activitiesTable').

Import trace for requested module:
./app/api/dashboard/route.ts

./app/api/dashboard/route.ts
Attempted import error: 'activitiesTable' is not exported from '../../../drizzle/db/schema' (imported as 'activitiesTable').

Import trace for requested module:
./app/api/dashboard/route.ts

./app/api/dashboard/route.ts
Attempted import error: 'activitiesTable' is not exported from '../../../drizzle/db/schema' (imported as 'activitiesTable').

Import trace for requested module:
./app/api/dashboard/route.ts

./app/api/dashboard/route.ts
Attempted import error: 'activitiesTable' is not exported from '../../../drizzle/db/schema' (imported as 'activitiesTable').

Import trace for requested module:
./app/api/dashboard/route.ts

./app/api/dashboard/route.ts
Attempted import error: 'activitiesTable' is not exported from '../../../drizzle/db/schema' (imported as 'activitiesTable').

Import trace for requested module:
./app/api/dashboard/route.ts

./app/api/dashboard/route.ts
Attempted import error: 'activitiesTable' is not exported from '../../../drizzle/db/schema' (imported as 'activitiesTable').

Import trace for requested module:
./app/api/dashboard/route.ts

./app/api/dashboard/route.ts
Attempted import error: 'activitiesTable' is not exported from '../../../drizzle/db/schema' (imported as 'activitiesTable').

Import trace for requested module:
./app/api/dashboard/route.ts

./app/api/dashboard/route.ts
Attempted import error: 'activitiesTable' is not exported from '../../../drizzle/db/schema' (imported as 'activitiesTable').

Import trace for requested module:
./app/api/dashboard/route.ts

./app/api/dashboard/route.ts
Attempted import error: 'resourcesTable' is not exported from '../../../drizzle/db/schema' (imported as 'resourcesTable').

Import trace for requested module:
./app/api/dashboard/route.ts

./app/api/dashboard/route.ts
Attempted import error: 'resourcesTable' is not exported from '../../../drizzle/db/schema' (imported as 'resourcesTable').

Import trace for requested module:
./app/api/dashboard/route.ts

./app/api/dashboard/route.ts
Attempted import error: 'activityResourcesTable' is not exported from '../../../drizzle/db/schema' (imported as 'activityResourcesTable').

Import trace for requested module:
./app/api/dashboard/route.ts

./app/api/dashboard/route.ts
Attempted import error: 'resourcesTable' is not exported from '../../../drizzle/db/schema' (imported as 'resourcesTable').

Import trace for requested module:
./app/api/dashboard/route.ts

./app/api/dashboard/route.ts
Attempted import error: 'activitiesTable' is not exported from '../../../drizzle/db/schema' (imported as 'activitiesTable').

Import trace for requested module:
./app/api/dashboard/route.ts

./app/api/dashboard/route.ts
Attempted import error: 'activityResourcesTable' is not exported from '../../../drizzle/db/schema' (imported as 'activityResourcesTable').

Import trace for requested module:
./app/api/dashboard/route.ts

./app/api/dashboard/route.ts
Attempted import error: 'activityResourcesTable' is not exported from '../../../drizzle/db/schema' (imported as 'activityResourcesTable').

Import trace for requested module:
./app/api/dashboard/route.ts

./app/api/dashboard/route.ts
Attempted import error: 'activitiesTable' is not exported from '../../../drizzle/db/schema' (imported as 'activitiesTable').

Import trace for requested module:
./app/api/dashboard/route.ts

./app/api/dashboard/route.ts
Attempted import error: 'resourcesTable' is not exported from '../../../drizzle/db/schema' (imported as 'resourcesTable').

Import trace for requested module:
./app/api/dashboard/route.ts

./app/api/dashboard/route.ts
Attempted import error: 'resourcesTable' is not exported from '../../../drizzle/db/schema' (imported as 'resourcesTable').

Import trace for requested module:
./app/api/dashboard/route.ts

./app/api/dashboard/route.ts
Attempted import error: 'activityResourcesTable' is not exported from '../../../drizzle/db/schema' (imported as 'activityResourcesTable').

Import trace for requested module:
./app/api/dashboard/route.ts

./app/api/dashboard/route.ts
Attempted import error: 'activitiesTable' is not exported from '../../../drizzle/db/schema' (imported as 'activitiesTable').

Import trace for requested module:
./app/api/dashboard/route.ts

./app/api/dashboard/route.ts
Attempted import error: 'activitiesTable' is not exported from '../../../drizzle/db/schema' (imported as 'activitiesTable').

Import trace for requested module:
./app/api/dashboard/route.ts

./app/api/dashboard/route.ts
Attempted import error: 'activitiesTable' is not exported from '../../../drizzle/db/schema' (imported as 'activitiesTable').

Import trace for requested module:
./app/api/dashboard/route.ts

./app/api/dashboard/route.ts
Attempted import error: 'activitiesTable' is not exported from '../../../drizzle/db/schema' (imported as 'activitiesTable').

Import trace for requested module:
./app/api/dashboard/route.ts

./app/api/dashboard/route.ts
Attempted import error: 'activitiesTable' is not exported from '../../../drizzle/db/schema' (imported as 'activitiesTable').

Import trace for requested module:
./app/api/dashboard/route.ts

./app/api/dashboard/route.ts
Attempted import error: 'activitiesTable' is not exported from '../../../drizzle/db/schema' (imported as 'activitiesTable').

Import trace for requested module:
./app/api/dashboard/route.ts

./app/api/dashboard/route.ts
Attempted import error: 'activitiesTable' is not exported from '../../../drizzle/db/schema' (imported as 'activitiesTable').

Import trace for requested module:
./app/api/dashboard/route.ts

./app/api/performance/route.ts
Attempted import error: 'activitiesTable' is not exported from '../../../drizzle/db/schema' (imported as 'activitiesTable').

Import trace for requested module:
./app/api/performance/route.ts

./app/api/performance/route.ts
Attempted import error: 'activitiesTable' is not exported from '../../../drizzle/db/schema' (imported as 'activitiesTable').

Import trace for requested module:
./app/api/performance/route.ts

./app/api/performance/route.ts
Attempted import error: 'activitiesTable' is not exported from '../../../drizzle/db/schema' (imported as 'activitiesTable').

Import trace for requested module:
./app/api/performance/route.ts

./app/api/performance/route.ts
Attempted import error: 'activitiesTable' is not exported from '../../../drizzle/db/schema' (imported as 'activitiesTable').

Import trace for requested module:
./app/api/performance/route.ts

./app/api/performance/route.ts
Attempted import error: 'activitiesTable' is not exported from '../../../drizzle/db/schema' (imported as 'activitiesTable').

Import trace for requested module:
./app/api/performance/route.ts

./app/api/performance/route.ts
Attempted import error: 'activitiesTable' is not exported from '../../../drizzle/db/schema' (imported as 'activitiesTable').

Import trace for requested module:
./app/api/performance/route.ts

./app/api/schedules/route.ts
Attempted import error: 'activitiesTable' is not exported from '../../../drizzle/db/schema' (imported as 'activitiesTable').

Import trace for requested module:
./app/api/schedules/route.ts

./app/api/schedules/route.ts
Attempted import error: 'activitiesTable' is not exported from '../../../drizzle/db/schema' (imported as 'activitiesTable').

Import trace for requested module:
./app/api/schedules/route.ts

./app/api/schedules/route.ts
Attempted import error: 'activitiesTable' is not exported from '../../../drizzle/db/schema' (imported as 'activitiesTable').

Import trace for requested module:
./app/api/schedules/route.ts
 OPTIONS /api/users 204 in 785ms
 GET /api/users 200 in 248ms
 ⚠ ./app/api/dashboard/route.ts
Attempted import error: 'activitiesTable' is not exported from '../../../drizzle/db/schema' (imported as 'activitiesTable').

Import trace for requested module:
./app/api/dashboard/route.ts

./app/api/dashboard/route.ts
Attempted import error: 'activitiesTable' is not exported from '../../../drizzle/db/schema' (imported as 'activitiesTable').

Import trace for requested module:
./app/api/dashboard/route.ts

./app/api/dashboard/route.ts
Attempted import error: 'activitiesTable' is not exported from '../../../drizzle/db/schema' (imported as 'activitiesTable').

Import trace for requested module:
./app/api/dashboard/route.ts

./app/api/dashboard/route.ts
Attempted import error: 'activitiesTable' is not exported from '../../../drizzle/db/schema' (imported as 'activitiesTable').

Import trace for requested module:
./app/api/dashboard/route.ts

./app/api/dashboard/route.ts
Attempted import error: 'activitiesTable' is not exported from '../../../drizzle/db/schema' (imported as 'activitiesTable').

Import trace for requested module:
./app/api/dashboard/route.ts

./app/api/dashboard/route.ts
Attempted import error: 'activitiesTable' is not exported from '../../../drizzle/db/schema' (imported as 'activitiesTable').

Import trace for requested module:
./app/api/dashboard/route.ts

./app/api/dashboard/route.ts
Attempted import error: 'activitiesTable' is not exported from '../../../drizzle/db/schema' (imported as 'activitiesTable').

Import trace for requested module:
./app/api/dashboard/route.ts

./app/api/dashboard/route.ts
Attempted import error: 'activitiesTable' is not exported from '../../../drizzle/db/schema' (imported as 'activitiesTable').

Import trace for requested module:
./app/api/dashboard/route.ts

./app/api/dashboard/route.ts
Attempted import error: 'activitiesTable' is not exported from '../../../drizzle/db/schema' (imported as 'activitiesTable').

Import trace for requested module:
./app/api/dashboard/route.ts

./app/api/dashboard/route.ts
Attempted import error: 'activitiesTable' is not exported from '../../../drizzle/db/schema' (imported as 'activitiesTable').

Import trace for requested module:
./app/api/dashboard/route.ts

./app/api/dashboard/route.ts
Attempted import error: 'activitiesTable' is not exported from '../../../drizzle/db/schema' (imported as 'activitiesTable').

Import trace for requested module:
./app/api/dashboard/route.ts

./app/api/dashboard/route.ts
Attempted import error: 'activitiesTable' is not exported from '../../../drizzle/db/schema' (imported as 'activitiesTable').

Import trace for requested module:
./app/api/dashboard/route.ts

./app/api/dashboard/route.ts
Attempted import error: 'activitiesTable' is not exported from '../../../drizzle/db/schema' (imported as 'activitiesTable').

Import trace for requested module:
./app/api/dashboard/route.ts

./app/api/dashboard/route.ts
Attempted import error: 'activitiesTable' is not exported from '../../../drizzle/db/schema' (imported as 'activitiesTable').

Import trace for requested module:
./app/api/dashboard/route.ts

./app/api/dashboard/route.ts
Attempted import error: 'activitiesTable' is not exported from '../../../drizzle/db/schema' (imported as 'activitiesTable').

Import trace for requested module:
./app/api/dashboard/route.ts

./app/api/dashboard/route.ts
Attempted import error: 'activitiesTable' is not exported from '../../../drizzle/db/schema' (imported as 'activitiesTable').

Import trace for requested module:
./app/api/dashboard/route.ts

./app/api/dashboard/route.ts
Attempted import error: 'activitiesTable' is not exported from '../../../drizzle/db/schema' (imported as 'activitiesTable').

Import trace for requested module:
./app/api/dashboard/route.ts

./app/api/dashboard/route.ts
Attempted import error: 'activitiesTable' is not exported from '../../../drizzle/db/schema' (imported as 'activitiesTable').

Import trace for requested module:
./app/api/dashboard/route.ts

./app/api/dashboard/route.ts
Attempted import error: 'activitiesTable' is not exported from '../../../drizzle/db/schema' (imported as 'activitiesTable').

Import trace for requested module:
./app/api/dashboard/route.ts

./app/api/dashboard/route.ts
Attempted import error: 'resourcesTable' is not exported from '../../../drizzle/db/schema' (imported as 'resourcesTable').

Import trace for requested module:
./app/api/dashboard/route.ts

./app/api/dashboard/route.ts
Attempted import error: 'resourcesTable' is not exported from '../../../drizzle/db/schema' (imported as 'resourcesTable').

Import trace for requested module:
./app/api/dashboard/route.ts

./app/api/dashboard/route.ts
Attempted import error: 'activityResourcesTable' is not exported from '../../../drizzle/db/schema' (imported as 'activityResourcesTable').

Import trace for requested module:
./app/api/dashboard/route.ts

./app/api/dashboard/route.ts
Attempted import error: 'resourcesTable' is not exported from '../../../drizzle/db/schema' (imported as 'resourcesTable').

Import trace for requested module:
./app/api/dashboard/route.ts

./app/api/dashboard/route.ts
Attempted import error: 'activitiesTable' is not exported from '../../../drizzle/db/schema' (imported as 'activitiesTable').

Import trace for requested module:
./app/api/dashboard/route.ts

./app/api/dashboard/route.ts
Attempted import error: 'activityResourcesTable' is not exported from '../../../drizzle/db/schema' (imported as 'activityResourcesTable').

Import trace for requested module:
./app/api/dashboard/route.ts

./app/api/dashboard/route.ts
Attempted import error: 'activityResourcesTable' is not exported from '../../../drizzle/db/schema' (imported as 'activityResourcesTable').

Import trace for requested module:
./app/api/dashboard/route.ts

./app/api/dashboard/route.ts
Attempted import error: 'activitiesTable' is not exported from '../../../drizzle/db/schema' (imported as 'activitiesTable').

Import trace for requested module:
./app/api/dashboard/route.ts

./app/api/dashboard/route.ts
Attempted import error: 'resourcesTable' is not exported from '../../../drizzle/db/schema' (imported as 'resourcesTable').

Import trace for requested module:
./app/api/dashboard/route.ts

./app/api/dashboard/route.ts
Attempted import error: 'resourcesTable' is not exported from '../../../drizzle/db/schema' (imported as 'resourcesTable').

Import trace for requested module:
./app/api/dashboard/route.ts

./app/api/dashboard/route.ts
Attempted import error: 'activityResourcesTable' is not exported from '../../../drizzle/db/schema' (imported as 'activityResourcesTable').

Import trace for requested module:
./app/api/dashboard/route.ts

./app/api/dashboard/route.ts
Attempted import error: 'activitiesTable' is not exported from '../../../drizzle/db/schema' (imported as 'activitiesTable').

Import trace for requested module:
./app/api/dashboard/route.ts

./app/api/dashboard/route.ts
Attempted import error: 'activitiesTable' is not exported from '../../../drizzle/db/schema' (imported as 'activitiesTable').

Import trace for requested module:
./app/api/dashboard/route.ts

./app/api/dashboard/route.ts
Attempted import error: 'activitiesTable' is not exported from '../../../drizzle/db/schema' (imported as 'activitiesTable').

Import trace for requested module:
./app/api/dashboard/route.ts

./app/api/dashboard/route.ts
Attempted import error: 'activitiesTable' is not exported from '../../../drizzle/db/schema' (imported as 'activitiesTable').

Import trace for requested module:
./app/api/dashboard/route.ts

./app/api/dashboard/route.ts
Attempted import error: 'activitiesTable' is not exported from '../../../drizzle/db/schema' (imported as 'activitiesTable').

Import trace for requested module:
./app/api/dashboard/route.ts

./app/api/dashboard/route.ts
Attempted import error: 'activitiesTable' is not exported from '../../../drizzle/db/schema' (imported as 'activitiesTable').

Import trace for requested module:
./app/api/dashboard/route.ts

./app/api/dashboard/route.ts
Attempted import error: 'activitiesTable' is not exported from '../../../drizzle/db/schema' (imported as 'activitiesTable').

Import trace for requested module:
./app/api/dashboard/route.ts

./app/api/performance/route.ts
Attempted import error: 'activitiesTable' is not exported from '../../../drizzle/db/schema' (imported as 'activitiesTable').

Import trace for requested module:
./app/api/performance/route.ts

./app/api/performance/route.ts
Attempted import error: 'activitiesTable' is not exported from '../../../drizzle/db/schema' (imported as 'activitiesTable').

Import trace for requested module:
./app/api/performance/route.ts

./app/api/performance/route.ts
Attempted import error: 'activitiesTable' is not exported from '../../../drizzle/db/schema' (imported as 'activitiesTable').

Import trace for requested module:
./app/api/performance/route.ts

./app/api/performance/route.ts
Attempted import error: 'activitiesTable' is not exported from '../../../drizzle/db/schema' (imported as 'activitiesTable').

Import trace for requested module:
./app/api/performance/route.ts

./app/api/performance/route.ts
Attempted import error: 'activitiesTable' is not exported from '../../../drizzle/db/schema' (imported as 'activitiesTable').

Import trace for requested module:
./app/api/performance/route.ts

./app/api/performance/route.ts
Attempted import error: 'activitiesTable' is not exported from '../../../drizzle/db/schema' (imported as 'activitiesTable').

Import trace for requested module:
./app/api/performance/route.ts

./app/api/schedules/route.ts
Attempted import error: 'activitiesTable' is not exported from '../../../drizzle/db/schema' (imported as 'activitiesTable').

Import trace for requested module:
./app/api/schedules/route.ts

./app/api/schedules/route.ts
Attempted import error: 'activitiesTable' is not exported from '../../../drizzle/db/schema' (imported as 'activitiesTable').

Import trace for requested module:
./app/api/schedules/route.ts

./app/api/schedules/route.ts
Attempted import error: 'activitiesTable' is not exported from '../../../drizzle/db/schema' (imported as 'activitiesTable').

Import trace for requested module:
./app/api/schedules/route.ts
 ⚠ ./app/api/dashboard/route.ts
Attempted import error: 'activitiesTable' is not exported from '../../../drizzle/db/schema' (imported as 'activitiesTable').

Import trace for requested module:
./app/api/dashboard/route.ts

./app/api/dashboard/route.ts
Attempted import error: 'activitiesTable' is not exported from '../../../drizzle/db/schema' (imported as 'activitiesTable').

Import trace for requested module:
./app/api/dashboard/route.ts

./app/api/dashboard/route.ts
Attempted import error: 'activitiesTable' is not exported from '../../../drizzle/db/schema' (imported as 'activitiesTable').

Import trace for requested module:
./app/api/dashboard/route.ts

./app/api/dashboard/route.ts
Attempted import error: 'activitiesTable' is not exported from '../../../drizzle/db/schema' (imported as 'activitiesTable').

Import trace for requested module:
./app/api/dashboard/route.ts

./app/api/dashboard/route.ts
Attempted import error: 'activitiesTable' is not exported from '../../../drizzle/db/schema' (imported as 'activitiesTable').

Import trace for requested module:
./app/api/dashboard/route.ts

./app/api/dashboard/route.ts
Attempted import error: 'activitiesTable' is not exported from '../../../drizzle/db/schema' (imported as 'activitiesTable').

Import trace for requested module:
./app/api/dashboard/route.ts

./app/api/dashboard/route.ts
Attempted import error: 'activitiesTable' is not exported from '../../../drizzle/db/schema' (imported as 'activitiesTable').

Import trace for requested module:
./app/api/dashboard/route.ts

./app/api/dashboard/route.ts
Attempted import error: 'activitiesTable' is not exported from '../../../drizzle/db/schema' (imported as 'activitiesTable').

Import trace for requested module:
./app/api/dashboard/route.ts

./app/api/dashboard/route.ts
Attempted import error: 'activitiesTable' is not exported from '../../../drizzle/db/schema' (imported as 'activitiesTable').

Import trace for requested module:
./app/api/dashboard/route.ts

./app/api/dashboard/route.ts
Attempted import error: 'activitiesTable' is not exported from '../../../drizzle/db/schema' (imported as 'activitiesTable').

Import trace for requested module:
./app/api/dashboard/route.ts

./app/api/dashboard/route.ts
Attempted import error: 'activitiesTable' is not exported from '../../../drizzle/db/schema' (imported as 'activitiesTable').

Import trace for requested module:
./app/api/dashboard/route.ts

./app/api/dashboard/route.ts
Attempted import error: 'activitiesTable' is not exported from '../../../drizzle/db/schema' (imported as 'activitiesTable').

Import trace for requested module:
./app/api/dashboard/route.ts

./app/api/dashboard/route.ts
Attempted import error: 'activitiesTable' is not exported from '../../../drizzle/db/schema' (imported as 'activitiesTable').

Import trace for requested module:
./app/api/dashboard/route.ts

./app/api/dashboard/route.ts
Attempted import error: 'activitiesTable' is not exported from '../../../drizzle/db/schema' (imported as 'activitiesTable').

Import trace for requested module:
./app/api/dashboard/route.ts

./app/api/dashboard/route.ts
Attempted import error: 'activitiesTable' is not exported from '../../../drizzle/db/schema' (imported as 'activitiesTable').

Import trace for requested module:
./app/api/dashboard/route.ts

./app/api/dashboard/route.ts
Attempted import error: 'activitiesTable' is not exported from '../../../drizzle/db/schema' (imported as 'activitiesTable').

Import trace for requested module:
./app/api/dashboard/route.ts

./app/api/dashboard/route.ts
Attempted import error: 'activitiesTable' is not exported from '../../../drizzle/db/schema' (imported as 'activitiesTable').

Import trace for requested module:
./app/api/dashboard/route.ts

./app/api/dashboard/route.ts
Attempted import error: 'activitiesTable' is not exported from '../../../drizzle/db/schema' (imported as 'activitiesTable').

Import trace for requested module:
./app/api/dashboard/route.ts

./app/api/dashboard/route.ts
Attempted import error: 'activitiesTable' is not exported from '../../../drizzle/db/schema' (imported as 'activitiesTable').

Import trace for requested module:
./app/api/dashboard/route.ts

./app/api/dashboard/route.ts
Attempted import error: 'resourcesTable' is not exported from '../../../drizzle/db/schema' (imported as 'resourcesTable').

Import trace for requested module:
./app/api/dashboard/route.ts

./app/api/dashboard/route.ts
Attempted import error: 'resourcesTable' is not exported from '../../../drizzle/db/schema' (imported as 'resourcesTable').

Import trace for requested module:
./app/api/dashboard/route.ts

./app/api/dashboard/route.ts
Attempted import error: 'activityResourcesTable' is not exported from '../../../drizzle/db/schema' (imported as 'activityResourcesTable').

Import trace for requested module:
./app/api/dashboard/route.ts

./app/api/dashboard/route.ts
Attempted import error: 'resourcesTable' is not exported from '../../../drizzle/db/schema' (imported as 'resourcesTable').

Import trace for requested module:
./app/api/dashboard/route.ts

./app/api/dashboard/route.ts
Attempted import error: 'activitiesTable' is not exported from '../../../drizzle/db/schema' (imported as 'activitiesTable').

Import trace for requested module:
./app/api/dashboard/route.ts

./app/api/dashboard/route.ts
Attempted import error: 'activityResourcesTable' is not exported from '../../../drizzle/db/schema' (imported as 'activityResourcesTable').

Import trace for requested module:
./app/api/dashboard/route.ts

./app/api/dashboard/route.ts
Attempted import error: 'activityResourcesTable' is not exported from '../../../drizzle/db/schema' (imported as 'activityResourcesTable').

Import trace for requested module:
./app/api/dashboard/route.ts

./app/api/dashboard/route.ts
Attempted import error: 'activitiesTable' is not exported from '../../../drizzle/db/schema' (imported as 'activitiesTable').

Import trace for requested module:
./app/api/dashboard/route.ts

./app/api/dashboard/route.ts
Attempted import error: 'resourcesTable' is not exported from '../../../drizzle/db/schema' (imported as 'resourcesTable').

Import trace for requested module:
./app/api/dashboard/route.ts

./app/api/dashboard/route.ts
Attempted import error: 'resourcesTable' is not exported from '../../../drizzle/db/schema' (imported as 'resourcesTable').

Import trace for requested module:
./app/api/dashboard/route.ts

./app/api/dashboard/route.ts
Attempted import error: 'activityResourcesTable' is not exported from '../../../drizzle/db/schema' (imported as 'activityResourcesTable').

Import trace for requested module:
./app/api/dashboard/route.ts

./app/api/dashboard/route.ts
Attempted import error: 'activitiesTable' is not exported from '../../../drizzle/db/schema' (imported as 'activitiesTable').

Import trace for requested module:
./app/api/dashboard/route.ts

./app/api/dashboard/route.ts
Attempted import error: 'activitiesTable' is not exported from '../../../drizzle/db/schema' (imported as 'activitiesTable').

Import trace for requested module:
./app/api/dashboard/route.ts

./app/api/dashboard/route.ts
Attempted import error: 'activitiesTable' is not exported from '../../../drizzle/db/schema' (imported as 'activitiesTable').

Import trace for requested module:
./app/api/dashboard/route.ts

./app/api/dashboard/route.ts
Attempted import error: 'activitiesTable' is not exported from '../../../drizzle/db/schema' (imported as 'activitiesTable').

Import trace for requested module:
./app/api/dashboard/route.ts

./app/api/dashboard/route.ts
Attempted import error: 'activitiesTable' is not exported from '../../../drizzle/db/schema' (imported as 'activitiesTable').

Import trace for requested module:
./app/api/dashboard/route.ts

./app/api/dashboard/route.ts
Attempted import error: 'activitiesTable' is not exported from '../../../drizzle/db/schema' (imported as 'activitiesTable').

Import trace for requested module:
./app/api/dashboard/route.ts

./app/api/dashboard/route.ts
Attempted import error: 'activitiesTable' is not exported from '../../../drizzle/db/schema' (imported as 'activitiesTable').

Import trace for requested module:
./app/api/dashboard/route.ts

./app/api/performance/route.ts
Attempted import error: 'activitiesTable' is not exported from '../../../drizzle/db/schema' (imported as 'activitiesTable').

Import trace for requested module:
./app/api/performance/route.ts

./app/api/performance/route.ts
Attempted import error: 'activitiesTable' is not exported from '../../../drizzle/db/schema' (imported as 'activitiesTable').

Import trace for requested module:
./app/api/performance/route.ts

./app/api/performance/route.ts
Attempted import error: 'activitiesTable' is not exported from '../../../drizzle/db/schema' (imported as 'activitiesTable').

Import trace for requested module:
./app/api/performance/route.ts

./app/api/performance/route.ts
Attempted import error: 'activitiesTable' is not exported from '../../../drizzle/db/schema' (imported as 'activitiesTable').

Import trace for requested module:
./app/api/performance/route.ts

./app/api/performance/route.ts
Attempted import error: 'activitiesTable' is not exported from '../../../drizzle/db/schema' (imported as 'activitiesTable').

Import trace for requested module:
./app/api/performance/route.ts

./app/api/performance/route.ts
Attempted import error: 'activitiesTable' is not exported from '../../../drizzle/db/schema' (imported as 'activitiesTable').

Import trace for requested module:
./app/api/performance/route.ts

./app/api/schedules/route.ts
Attempted import error: 'activitiesTable' is not exported from '../../../drizzle/db/schema' (imported as 'activitiesTable').

Import trace for requested module:
./app/api/schedules/route.ts

./app/api/schedules/route.ts
Attempted import error: 'activitiesTable' is not exported from '../../../drizzle/db/schema' (imported as 'activitiesTable').

Import trace for requested module:
./app/api/schedules/route.ts

./app/api/schedules/route.ts
Attempted import error: 'activitiesTable' is not exported from '../../../drizzle/db/schema' (imported as 'activitiesTable').

Import trace for requested module:
./app/api/schedules/route.ts
 OPTIONS /api/branches 204 in 917ms
 GET /api/branches 200 in 235ms
 OPTIONS /api/dashboard 204 in 104ms
Error fetching dashboard data: TypeError: Cannot read properties of undefined (reading 'activityType')
    at activitiesTable (webpack:///app/api/dashboard/route.ts?eb45:19:22)
    at run (file:///C:/Users/Administrator/Documents/Github/dashboard-diary/node_modules/.pnpm/next@15.0.2_@babel+core@7.2_6bb6baa81f2b198c05a89ed44e2ef849/node_modules/next/dist/compiled/next-server/dist/src/server/route-modules/app-route/module.ts:525:41)
    at handler (file:///C:/Users/Administrator/Documents/Github/dashboard-diary/node_modules/.pnpm/next@15.0.2_@babel+core@7.2_6bb6baa81f2b198c05a89ed44e2ef849/node_modules/next/dist/compiled/next-server/dist/src/server/route-modules/app-route/module.ts:722:20)
    at fn (file:///C:/Users/Administrator/Documents/Github/dashboard-diary/node_modules/.pnpm/next@15.0.2_@babel+core@7.2_6bb6baa81f2b198c05a89ed44e2ef849/node_modules/next/src/server/lib/trace/tracer.ts:351:27)
    at NoopContextManager.with (C:\Users\Administrator\Documents\Github\dashboard-diary\node_modules\.pnpm\next@15.0.2_@babel+core@7.2_6bb6baa81f2b198c05a89ed44e2ef849\node_modules\next\dist\compiled\@opentelemetry\api\index.js:1:7062)
    at ContextAPI.with (C:\Users\Administrator\Documents\Github\dashboard-diary\node_modules\.pnpm\next@15.0.2_@babel+core@7.2_6bb6baa81f2b198c05a89ed44e2ef849\node_modules\next\dist\compiled\@opentelemetry\api\index.js:1:518)
    at NoopTracer.startActiveSpan (C:\Users\Administrator\Documents\Github\dashboard-diary\node_modules\.pnpm\next@15.0.2_@babel+core@7.2_6bb6baa81f2b198c05a89ed44e2ef849\node_modules\next\dist\compiled\@opentelemetry\api\index.js:1:18093)
    at ProxyTracer.startActiveSpan (C:\Users\Administrator\Documents\Github\dashboard-diary\node_modules\.pnpm\next@15.0.2_@babel+core@7.2_6bb6baa81f2b198c05a89ed44e2ef849\node_modules\next\dist\compiled\@opentelemetry\api\index.js:1:18854)
    at startActiveSpan (file:///C:/Users/Administrator/Documents/Github/dashboard-diary/node_modules/.pnpm/next@15.0.2_@babel+core@7.2_6bb6baa81f2b198c05a89ed44e2ef849/node_modules/next/src/server/lib/trace/tracer.ts:304:31)
    at NoopContextManager.with (C:\Users\Administrator\Documents\Github\dashboard-diary\node_modules\.pnpm\next@15.0.2_@babel+core@7.2_6bb6baa81f2b198c05a89ed44e2ef849\node_modules\next\dist\compiled\@opentelemetry\api\index.js:1:7062)
    at ContextAPI.with (C:\Users\Administrator\Documents\Github\dashboard-diary\node_modules\.pnpm\next@15.0.2_@babel+core@7.2_6bb6baa81f2b198c05a89ed44e2ef849\node_modules\next\dist\compiled\@opentelemetry\api\index.js:1:518)
    at spanContext (file:///C:/Users/Administrator/Documents/Github/dashboard-diary/node_modules/.pnpm/next@15.0.2_@babel+core@7.2_6bb6baa81f2b198c05a89ed44e2ef849/node_modules/next/src/server/lib/trace/tracer.ts:303:24)
    at trace (file:///C:/Users/Administrator/Documents/Github/dashboard-diary/node_modules/.pnpm/next@15.0.2_@babel+core@7.2_6bb6baa81f2b198c05a89ed44e2ef849/node_modules/next/dist/compiled/next-server/dist/src/server/route-modules/app-route/module.ts:712:28)
    at run (file:///C:/Users/Administrator/Documents/Github/dashboard-diary/node_modules/.pnpm/next@15.0.2_@babel+core@7.2_6bb6baa81f2b198c05a89ed44e2ef849/node_modules/next/dist/compiled/next-server/dist/src/server/async-storage/with-work-store.ts:133:17)
    at withWorkStore (file:///C:/Users/Administrator/Documents/Github/dashboard-diary/node_modules/.pnpm/next@15.0.2_@babel+core@7.2_6bb6baa81f2b198c05a89ed44e2ef849/node_modules/next/dist/compiled/next-server/dist/src/server/route-modules/app-route/module.ts:656:10)
    at run (file:///C:/Users/Administrator/Documents/Github/dashboard-diary/node_modules/.pnpm/next@15.0.2_@babel+core@7.2_6bb6baa81f2b198c05a89ed44e2ef849/node_modules/next/dist/compiled/next-server/dist/src/server/route-modules/app-route/module.ts:655:34)
    at run (file:///C:/Users/Administrator/Documents/Github/dashboard-diary/node_modules/.pnpm/next@15.0.2_@babel+core@7.2_6bb6baa81f2b198c05a89ed44e2ef849/node_modules/next/dist/compiled/next-server/dist/src/server/route-modules/app-route/module.ts:652:60)
    at handle (file:///C:/Users/Administrator/Documents/Github/dashboard-diary/node_modules/.pnpm/next@15.0.2_@babel+core@7.2_6bb6baa81f2b198c05a89ed44e2ef849/node_modules/next/src/server/base-server.ts:2570:47)
    at doRender (file:///C:/Users/Administrator/Documents/Github/dashboard-diary/node_modules/.pnpm/next@15.0.2_@babel+core@7.2_6bb6baa81f2b198c05a89ed44e2ef849/node_modules/next/src/server/base-server.ts:3066:27)
    at responseGenerator (file:///C:/Users/Administrator/Documents/Github/dashboard-diary/node_modules/.pnpm/next@15.0.2_@babel+core@7.2_6bb6baa81f2b198c05a89ed44e2ef849/node_modules/next/src/server/response-cache/index.ts:67:13)
    at get (file:///C:/Users/Administrator/Documents/Github/dashboard-diary/node_modules/.pnpm/next@15.0.2_@babel+core@7.2_6bb6baa81f2b198c05a89ed44e2ef849/node_modules/next/src/server/base-server.ts:3121:48)
    at renderToResponseWithComponentsImpl (file:///C:/Users/Administrator/Documents/Github/dashboard-diary/node_modules/.pnpm/next@15.0.2_@babel+core@7.2_6bb6baa81f2b198c05a89ed44e2ef849/node_modules/next/src/server/base-server.ts:1917:13)
    at fn (file:///C:/Users/Administrator/Documents/Github/dashboard-diary/node_modules/.pnpm/next@15.0.2_@babel+core@7.2_6bb6baa81f2b198c05a89ed44e2ef849/node_modules/next/src/server/lib/trace/tracer.ts:279:13)
    at trace (file:///C:/Users/Administrator/Documents/Github/dashboard-diary/node_modules/.pnpm/next@15.0.2_@babel+core@7.2_6bb6baa81f2b198c05a89ed44e2ef849/node_modules/next/src/server/base-server.ts:1914:23)
    at renderToResponseWithComponents (file:///C:/Users/Administrator/Documents/Github/dashboard-diary/node_modules/.pnpm/next@15.0.2_@babel+core@7.2_6bb6baa81f2b198c05a89ed44e2ef849/node_modules/next/src/server/base-server.ts:3676:26)
    at async DevServer.renderToResponseImpl (file:///C:/Users/Administrator/Documents/Github/dashboard-diary/node_modules/.pnpm/next@15.0.2_@babel+core@7.2_6bb6baa81f2b198c05a89ed44e2ef849/node_modules/next/src/server/base-server.ts:3738:23)
    at async DevServer.pipeImpl (file:///C:/Users/Administrator/Documents/Github/dashboard-diary/node_modules/.pnpm/next@15.0.2_@babel+core@7.2_6bb6baa81f2b198c05a89ed44e2ef849/node_modules/next/src/server/base-server.ts:1738:20)
    at async NextNodeServer.handleCatchallRenderRequest (file:///C:/Users/Administrator/Documents/Github/dashboard-diary/node_modules/.pnpm/next@15.0.2_@babel+core@7.2_6bb6baa81f2b198c05a89ed44e2ef849/node_modules/next/src/server/next-server.ts:1032:6)
    at async DevServer.handleRequestImpl (file:///C:/Users/Administrator/Documents/Github/dashboard-diary/node_modules/.pnpm/next@15.0.2_@babel+core@7.2_6bb6baa81f2b198c05a89ed44e2ef849/node_modules/next/src/server/base-server.ts:1498:8)
    at async (file:///C:/Users/Administrator/Documents/Github/dashboard-diary/node_modules/.pnpm/next@15.0.2_@babel+core@7.2_6bb6baa81f2b198c05a89ed44e2ef849/node_modules/next/src/server/dev/next-dev-server.ts:514:13)
    at async Span.traceAsyncFn (file:///C:/Users/Administrator/Documents/Github/dashboard-diary/node_modules/.pnpm/next@15.0.2_@babel+core@7.2_6bb6baa81f2b198c05a89ed44e2ef849/node_modules/next/src/trace/trace.ts:143:13)
    at async DevServer.handleRequest (file:///C:/Users/Administrator/Documents/Github/dashboard-diary/node_modules/.pnpm/next@15.0.2_@babel+core@7.2_6bb6baa81f2b198c05a89ed44e2ef849/node_modules/next/src/server/dev/next-dev-server.ts:512:19)
    at async invokeRender (file:///C:/Users/Administrator/Documents/Github/dashboard-diary/node_modules/.pnpm/next@15.0.2_@babel+core@7.2_6bb6baa81f2b198c05a89ed44e2ef849/node_modules/next/src/server/lib/router-server.ts:284:10)
    at async handleRequest (file:///C:/Users/Administrator/Documents/Github/dashboard-diary/node_modules/.pnpm/next@15.0.2_@babel+core@7.2_6bb6baa81f2b198c05a89ed44e2ef849/node_modules/next/src/server/lib/router-server.ts:530:15)
    at async requestHandlerImpl (file:///C:/Users/Administrator/Documents/Github/dashboard-diary/node_modules/.pnpm/next@15.0.2_@babel+core@7.2_6bb6baa81f2b198c05a89ed44e2ef849/node_modules/next/src/server/lib/router-server.ts:576:6)
    at async Server.requestListener (file:///C:/Users/Administrator/Documents/Github/dashboard-diary/node_modules/.pnpm/next@15.0.2_@babel+core@7.2_6bb6baa81f2b198c05a89ed44e2ef849/node_modules/next/src/server/lib/start-server.ts:146:6)
  17 |     const activitiesByType = await db
  18 |       .select({
> 19 |         activityType: activitiesTable.activityType,
     |                      ^
  20 |         totalAmount: sql<number>`COALESCE(SUM(${activitiesTable.amount})::int, 0)`,
  21 |         revenueAmount: sql<number>`COALESCE(SUM(CASE WHEN LOWER(${activitiesTable.activityType}) = 'revenue' THEN ${activitiesTable.amount} ELSE 0 END)::int, 0)`,
  22 |         expenseAmount: sql<number>`COALESCE(SUM(CASE WHEN LOWER(${activitiesTable.activityType}) = 'expense' THEN ${activitiesTable.amount} ELSE 0 END)::int, 0)`,
 GET /api/dashboard 500 in 131ms
 ⚠ ./app/api/dashboard/route.ts
Attempted import error: 'activitiesTable' is not exported from '../../../drizzle/db/schema' (imported as 'activitiesTable').

Import trace for requested module:
./app/api/dashboard/route.ts

./app/api/dashboard/route.ts
Attempted import error: 'activitiesTable' is not exported from '../../../drizzle/db/schema' (imported as 'activitiesTable').

Import trace for requested module:
./app/api/dashboard/route.ts

./app/api/dashboard/route.ts
Attempted import error: 'activitiesTable' is not exported from '../../../drizzle/db/schema' (imported as 'activitiesTable').

Import trace for requested module:
./app/api/dashboard/route.ts

./app/api/dashboard/route.ts
Attempted import error: 'activitiesTable' is not exported from '../../../drizzle/db/schema' (imported as 'activitiesTable').

Import trace for requested module:
./app/api/dashboard/route.ts

./app/api/dashboard/route.ts
Attempted import error: 'activitiesTable' is not exported from '../../../drizzle/db/schema' (imported as 'activitiesTable').

Import trace for requested module:
./app/api/dashboard/route.ts

./app/api/dashboard/route.ts
Attempted import error: 'activitiesTable' is not exported from '../../../drizzle/db/schema' (imported as 'activitiesTable').

Import trace for requested module:
./app/api/dashboard/route.ts

./app/api/dashboard/route.ts
Attempted import error: 'activitiesTable' is not exported from '../../../drizzle/db/schema' (imported as 'activitiesTable').

Import trace for requested module:
./app/api/dashboard/route.ts

./app/api/dashboard/route.ts
Attempted import error: 'activitiesTable' is not exported from '../../../drizzle/db/schema' (imported as 'activitiesTable').

Import trace for requested module:
./app/api/dashboard/route.ts

./app/api/dashboard/route.ts
Attempted import error: 'activitiesTable' is not exported from '../../../drizzle/db/schema' (imported as 'activitiesTable').

Import trace for requested module:
./app/api/dashboard/route.ts

./app/api/dashboard/route.ts
Attempted import error: 'activitiesTable' is not exported from '../../../drizzle/db/schema' (imported as 'activitiesTable').

Import trace for requested module:
./app/api/dashboard/route.ts

./app/api/dashboard/route.ts
Attempted import error: 'activitiesTable' is not exported from '../../../drizzle/db/schema' (imported as 'activitiesTable').

Import trace for requested module:
./app/api/dashboard/route.ts

./app/api/dashboard/route.ts
Attempted import error: 'activitiesTable' is not exported from '../../../drizzle/db/schema' (imported as 'activitiesTable').

Import trace for requested module:
./app/api/dashboard/route.ts

./app/api/dashboard/route.ts
Attempted import error: 'activitiesTable' is not exported from '../../../drizzle/db/schema' (imported as 'activitiesTable').

Import trace for requested module:
./app/api/dashboard/route.ts

./app/api/dashboard/route.ts
Attempted import error: 'activitiesTable' is not exported from '../../../drizzle/db/schema' (imported as 'activitiesTable').

Import trace for requested module:
./app/api/dashboard/route.ts

./app/api/dashboard/route.ts
Attempted import error: 'activitiesTable' is not exported from '../../../drizzle/db/schema' (imported as 'activitiesTable').

Import trace for requested module:
./app/api/dashboard/route.ts

./app/api/dashboard/route.ts
Attempted import error: 'activitiesTable' is not exported from '../../../drizzle/db/schema' (imported as 'activitiesTable').

Import trace for requested module:
./app/api/dashboard/route.ts

./app/api/dashboard/route.ts
Attempted import error: 'activitiesTable' is not exported from '../../../drizzle/db/schema' (imported as 'activitiesTable').

Import trace for requested module:
./app/api/dashboard/route.ts

./app/api/dashboard/route.ts
Attempted import error: 'activitiesTable' is not exported from '../../../drizzle/db/schema' (imported as 'activitiesTable').

Import trace for requested module:
./app/api/dashboard/route.ts

./app/api/dashboard/route.ts
Attempted import error: 'activitiesTable' is not exported from '../../../drizzle/db/schema' (imported as 'activitiesTable').

Import trace for requested module:
./app/api/dashboard/route.ts

./app/api/dashboard/route.ts
Attempted import error: 'resourcesTable' is not exported from '../../../drizzle/db/schema' (imported as 'resourcesTable').

Import trace for requested module:
./app/api/dashboard/route.ts

./app/api/dashboard/route.ts
Attempted import error: 'resourcesTable' is not exported from '../../../drizzle/db/schema' (imported as 'resourcesTable').

Import trace for requested module:
./app/api/dashboard/route.ts

./app/api/dashboard/route.ts
Attempted import error: 'activityResourcesTable' is not exported from '../../../drizzle/db/schema' (imported as 'activityResourcesTable').

Import trace for requested module:
./app/api/dashboard/route.ts

./app/api/dashboard/route.ts
Attempted import error: 'resourcesTable' is not exported from '../../../drizzle/db/schema' (imported as 'resourcesTable').

Import trace for requested module:
./app/api/dashboard/route.ts

./app/api/dashboard/route.ts
Attempted import error: 'activitiesTable' is not exported from '../../../drizzle/db/schema' (imported as 'activitiesTable').

Import trace for requested module:
./app/api/dashboard/route.ts

./app/api/dashboard/route.ts
Attempted import error: 'activityResourcesTable' is not exported from '../../../drizzle/db/schema' (imported as 'activityResourcesTable').

Import trace for requested module:
./app/api/dashboard/route.ts

./app/api/dashboard/route.ts
Attempted import error: 'activityResourcesTable' is not exported from '../../../drizzle/db/schema' (imported as 'activityResourcesTable').

Import trace for requested module:
./app/api/dashboard/route.ts

./app/api/dashboard/route.ts
Attempted import error: 'activitiesTable' is not exported from '../../../drizzle/db/schema' (imported as 'activitiesTable').

Import trace for requested module:
./app/api/dashboard/route.ts

./app/api/dashboard/route.ts
Attempted import error: 'resourcesTable' is not exported from '../../../drizzle/db/schema' (imported as 'resourcesTable').

Import trace for requested module:
./app/api/dashboard/route.ts

./app/api/dashboard/route.ts
Attempted import error: 'resourcesTable' is not exported from '../../../drizzle/db/schema' (imported as 'resourcesTable').

Import trace for requested module:
./app/api/dashboard/route.ts

./app/api/dashboard/route.ts
Attempted import error: 'activityResourcesTable' is not exported from '../../../drizzle/db/schema' (imported as 'activityResourcesTable').

Import trace for requested module:
./app/api/dashboard/route.ts

./app/api/dashboard/route.ts
Attempted import error: 'activitiesTable' is not exported from '../../../drizzle/db/schema' (imported as 'activitiesTable').

Import trace for requested module:
./app/api/dashboard/route.ts

./app/api/dashboard/route.ts
Attempted import error: 'activitiesTable' is not exported from '../../../drizzle/db/schema' (imported as 'activitiesTable').

Import trace for requested module:
./app/api/dashboard/route.ts

./app/api/dashboard/route.ts
Attempted import error: 'activitiesTable' is not exported from '../../../drizzle/db/schema' (imported as 'activitiesTable').

Import trace for requested module:
./app/api/dashboard/route.ts

./app/api/dashboard/route.ts
Attempted import error: 'activitiesTable' is not exported from '../../../drizzle/db/schema' (imported as 'activitiesTable').

Import trace for requested module:
./app/api/dashboard/route.ts

./app/api/dashboard/route.ts
Attempted import error: 'activitiesTable' is not exported from '../../../drizzle/db/schema' (imported as 'activitiesTable').

Import trace for requested module:
./app/api/dashboard/route.ts

./app/api/dashboard/route.ts
Attempted import error: 'activitiesTable' is not exported from '../../../drizzle/db/schema' (imported as 'activitiesTable').

Import trace for requested module:
./app/api/dashboard/route.ts

./app/api/dashboard/route.ts
Attempted import error: 'activitiesTable' is not exported from '../../../drizzle/db/schema' (imported as 'activitiesTable').

Import trace for requested module:
./app/api/dashboard/route.ts

./app/api/performance/route.ts
Attempted import error: 'activitiesTable' is not exported from '../../../drizzle/db/schema' (imported as 'activitiesTable').

Import trace for requested module:
./app/api/performance/route.ts

./app/api/performance/route.ts
Attempted import error: 'activitiesTable' is not exported from '../../../drizzle/db/schema' (imported as 'activitiesTable').

Import trace for requested module:
./app/api/performance/route.ts

./app/api/performance/route.ts
Attempted import error: 'activitiesTable' is not exported from '../../../drizzle/db/schema' (imported as 'activitiesTable').

Import trace for requested module:
./app/api/performance/route.ts

./app/api/performance/route.ts
Attempted import error: 'activitiesTable' is not exported from '../../../drizzle/db/schema' (imported as 'activitiesTable').

Import trace for requested module:
./app/api/performance/route.ts

./app/api/performance/route.ts
Attempted import error: 'activitiesTable' is not exported from '../../../drizzle/db/schema' (imported as 'activitiesTable').

Import trace for requested module:
./app/api/performance/route.ts

./app/api/performance/route.ts
Attempted import error: 'activitiesTable' is not exported from '../../../drizzle/db/schema' (imported as 'activitiesTable').

Import trace for requested module:
./app/api/performance/route.ts

./app/api/schedules/route.ts
Attempted import error: 'activitiesTable' is not exported from '../../../drizzle/db/schema' (imported as 'activitiesTable').

Import trace for requested module:
./app/api/schedules/route.ts

./app/api/schedules/route.ts
Attempted import error: 'activitiesTable' is not exported from '../../../drizzle/db/schema' (imported as 'activitiesTable').

Import trace for requested module:
./app/api/schedules/route.ts

./app/api/schedules/route.ts
Attempted import error: 'activitiesTable' is not exported from '../../../drizzle/db/schema' (imported as 'activitiesTable').

Import trace for requested module:
./app/api/schedules/route.ts
 ✓ Compiled /api/users/login in 1289ms (630 modules)
 OPTIONS /api/users/login 204 in 1541ms
 POST /api/users/login 200 in 287ms
 ⚠ ./app/api/dashboard/route.ts
Attempted import error: 'activitiesTable' is not exported from '../../../drizzle/db/schema' (imported as 'activitiesTable').

Import trace for requested module:
./app/api/dashboard/route.ts

./app/api/dashboard/route.ts
Attempted import error: 'activitiesTable' is not exported from '../../../drizzle/db/schema' (imported as 'activitiesTable').

Import trace for requested module:
./app/api/dashboard/route.ts

./app/api/dashboard/route.ts
Attempted import error: 'activitiesTable' is not exported from '../../../drizzle/db/schema' (imported as 'activitiesTable').

Import trace for requested module:
./app/api/dashboard/route.ts

./app/api/dashboard/route.ts
Attempted import error: 'activitiesTable' is not exported from '../../../drizzle/db/schema' (imported as 'activitiesTable').

Import trace for requested module:
./app/api/dashboard/route.ts

./app/api/dashboard/route.ts
Attempted import error: 'activitiesTable' is not exported from '../../../drizzle/db/schema' (imported as 'activitiesTable').

Import trace for requested module:
./app/api/dashboard/route.ts

./app/api/dashboard/route.ts
Attempted import error: 'activitiesTable' is not exported from '../../../drizzle/db/schema' (imported as 'activitiesTable').

Import trace for requested module:
./app/api/dashboard/route.ts

./app/api/dashboard/route.ts
Attempted import error: 'activitiesTable' is not exported from '../../../drizzle/db/schema' (imported as 'activitiesTable').

Import trace for requested module:
./app/api/dashboard/route.ts

./app/api/dashboard/route.ts
Attempted import error: 'activitiesTable' is not exported from '../../../drizzle/db/schema' (imported as 'activitiesTable').

Import trace for requested module:
./app/api/dashboard/route.ts

./app/api/dashboard/route.ts
Attempted import error: 'activitiesTable' is not exported from '../../../drizzle/db/schema' (imported as 'activitiesTable').

Import trace for requested module:
./app/api/dashboard/route.ts

./app/api/dashboard/route.ts
Attempted import error: 'activitiesTable' is not exported from '../../../drizzle/db/schema' (imported as 'activitiesTable').

Import trace for requested module:
./app/api/dashboard/route.ts

./app/api/dashboard/route.ts
Attempted import error: 'activitiesTable' is not exported from '../../../drizzle/db/schema' (imported as 'activitiesTable').

Import trace for requested module:
./app/api/dashboard/route.ts

./app/api/dashboard/route.ts
Attempted import error: 'activitiesTable' is not exported from '../../../drizzle/db/schema' (imported as 'activitiesTable').

Import trace for requested module:
./app/api/dashboard/route.ts

./app/api/dashboard/route.ts
Attempted import error: 'activitiesTable' is not exported from '../../../drizzle/db/schema' (imported as 'activitiesTable').

Import trace for requested module:
./app/api/dashboard/route.ts

./app/api/dashboard/route.ts
Attempted import error: 'activitiesTable' is not exported from '../../../drizzle/db/schema' (imported as 'activitiesTable').

Import trace for requested module:
./app/api/dashboard/route.ts

./app/api/dashboard/route.ts
Attempted import error: 'activitiesTable' is not exported from '../../../drizzle/db/schema' (imported as 'activitiesTable').

Import trace for requested module:
./app/api/dashboard/route.ts

./app/api/dashboard/route.ts
Attempted import error: 'activitiesTable' is not exported from '../../../drizzle/db/schema' (imported as 'activitiesTable').

Import trace for requested module:
./app/api/dashboard/route.ts

./app/api/dashboard/route.ts
Attempted import error: 'activitiesTable' is not exported from '../../../drizzle/db/schema' (imported as 'activitiesTable').

Import trace for requested module:
./app/api/dashboard/route.ts

./app/api/dashboard/route.ts
Attempted import error: 'activitiesTable' is not exported from '../../../drizzle/db/schema' (imported as 'activitiesTable').

Import trace for requested module:
./app/api/dashboard/route.ts

./app/api/dashboard/route.ts
Attempted import error: 'activitiesTable' is not exported from '../../../drizzle/db/schema' (imported as 'activitiesTable').

Import trace for requested module:
./app/api/dashboard/route.ts

./app/api/dashboard/route.ts
Attempted import error: 'resourcesTable' is not exported from '../../../drizzle/db/schema' (imported as 'resourcesTable').

Import trace for requested module:
./app/api/dashboard/route.ts

./app/api/dashboard/route.ts
Attempted import error: 'resourcesTable' is not exported from '../../../drizzle/db/schema' (imported as 'resourcesTable').

Import trace for requested module:
./app/api/dashboard/route.ts

./app/api/dashboard/route.ts
Attempted import error: 'activityResourcesTable' is not exported from '../../../drizzle/db/schema' (imported as 'activityResourcesTable').

Import trace for requested module:
./app/api/dashboard/route.ts

./app/api/dashboard/route.ts
Attempted import error: 'resourcesTable' is not exported from '../../../drizzle/db/schema' (imported as 'resourcesTable').

Import trace for requested module:
./app/api/dashboard/route.ts

./app/api/dashboard/route.ts
Attempted import error: 'activitiesTable' is not exported from '../../../drizzle/db/schema' (imported as 'activitiesTable').

Import trace for requested module:
./app/api/dashboard/route.ts

./app/api/dashboard/route.ts
Attempted import error: 'activityResourcesTable' is not exported from '../../../drizzle/db/schema' (imported as 'activityResourcesTable').

Import trace for requested module:
./app/api/dashboard/route.ts

./app/api/dashboard/route.ts
Attempted import error: 'activityResourcesTable' is not exported from '../../../drizzle/db/schema' (imported as 'activityResourcesTable').

Import trace for requested module:
./app/api/dashboard/route.ts

./app/api/dashboard/route.ts
Attempted import error: 'activitiesTable' is not exported from '../../../drizzle/db/schema' (imported as 'activitiesTable').

Import trace for requested module:
./app/api/dashboard/route.ts

./app/api/dashboard/route.ts
Attempted import error: 'resourcesTable' is not exported from '../../../drizzle/db/schema' (imported as 'resourcesTable').

Import trace for requested module:
./app/api/dashboard/route.ts

./app/api/dashboard/route.ts
Attempted import error: 'resourcesTable' is not exported from '../../../drizzle/db/schema' (imported as 'resourcesTable').

Import trace for requested module:
./app/api/dashboard/route.ts

./app/api/dashboard/route.ts
Attempted import error: 'activityResourcesTable' is not exported from '../../../drizzle/db/schema' (imported as 'activityResourcesTable').

Import trace for requested module:
./app/api/dashboard/route.ts

./app/api/dashboard/route.ts
Attempted import error: 'activitiesTable' is not exported from '../../../drizzle/db/schema' (imported as 'activitiesTable').

Import trace for requested module:
./app/api/dashboard/route.ts

./app/api/dashboard/route.ts
Attempted import error: 'activitiesTable' is not exported from '../../../drizzle/db/schema' (imported as 'activitiesTable').

Import trace for requested module:
./app/api/dashboard/route.ts

./app/api/dashboard/route.ts
Attempted import error: 'activitiesTable' is not exported from '../../../drizzle/db/schema' (imported as 'activitiesTable').

Import trace for requested module:
./app/api/dashboard/route.ts

./app/api/dashboard/route.ts
Attempted import error: 'activitiesTable' is not exported from '../../../drizzle/db/schema' (imported as 'activitiesTable').

Import trace for requested module:
./app/api/dashboard/route.ts

./app/api/dashboard/route.ts
Attempted import error: 'activitiesTable' is not exported from '../../../drizzle/db/schema' (imported as 'activitiesTable').

Import trace for requested module:
./app/api/dashboard/route.ts

./app/api/dashboard/route.ts
Attempted import error: 'activitiesTable' is not exported from '../../../drizzle/db/schema' (imported as 'activitiesTable').

Import trace for requested module:
./app/api/dashboard/route.ts

./app/api/dashboard/route.ts
Attempted import error: 'activitiesTable' is not exported from '../../../drizzle/db/schema' (imported as 'activitiesTable').

Import trace for requested module:
./app/api/dashboard/route.ts
 OPTIONS /api/dashboard 204 in 550ms
 ○ Compiling /api/dashboard ...
Error fetching dashboard data: TypeError: Cannot read properties of undefined (reading 'activityType')
    at activitiesTable (webpack:///app/api/dashboard/route.ts?eb45:19:22)
    at run (file:///C:/Users/Administrator/Documents/Github/dashboard-diary/node_modules/.pnpm/next@15.0.2_@babel+core@7.2_6bb6baa81f2b198c05a89ed44e2ef849/node_modules/next/dist/compiled/next-server/dist/src/server/route-modules/app-route/module.ts:525:41)
    at handler (file:///C:/Users/Administrator/Documents/Github/dashboard-diary/node_modules/.pnpm/next@15.0.2_@babel+core@7.2_6bb6baa81f2b198c05a89ed44e2ef849/node_modules/next/dist/compiled/next-server/dist/src/server/route-modules/app-route/module.ts:722:20)
    at fn (file:///C:/Users/Administrator/Documents/Github/dashboard-diary/node_modules/.pnpm/next@15.0.2_@babel+core@7.2_6bb6baa81f2b198c05a89ed44e2ef849/node_modules/next/src/server/lib/trace/tracer.ts:351:27)
    at NoopContextManager.with (C:\Users\Administrator\Documents\Github\dashboard-diary\node_modules\.pnpm\next@15.0.2_@babel+core@7.2_6bb6baa81f2b198c05a89ed44e2ef849\node_modules\next\dist\compiled\@opentelemetry\api\index.js:1:7062)
    at ContextAPI.with (C:\Users\Administrator\Documents\Github\dashboard-diary\node_modules\.pnpm\next@15.0.2_@babel+core@7.2_6bb6baa81f2b198c05a89ed44e2ef849\node_modules\next\dist\compiled\@opentelemetry\api\index.js:1:518)
    at NoopTracer.startActiveSpan (C:\Users\Administrator\Documents\Github\dashboard-diary\node_modules\.pnpm\next@15.0.2_@babel+core@7.2_6bb6baa81f2b198c05a89ed44e2ef849\node_modules\next\dist\compiled\@opentelemetry\api\index.js:1:18093)
    at ProxyTracer.startActiveSpan (C:\Users\Administrator\Documents\Github\dashboard-diary\node_modules\.pnpm\next@15.0.2_@babel+core@7.2_6bb6baa81f2b198c05a89ed44e2ef849\node_modules\next\dist\compiled\@opentelemetry\api\index.js:1:18854)
    at startActiveSpan (file:///C:/Users/Administrator/Documents/Github/dashboard-diary/node_modules/.pnpm/next@15.0.2_@babel+core@7.2_6bb6baa81f2b198c05a89ed44e2ef849/node_modules/next/src/server/lib/trace/tracer.ts:304:31)
    at NoopContextManager.with (C:\Users\Administrator\Documents\Github\dashboard-diary\node_modules\.pnpm\next@15.0.2_@babel+core@7.2_6bb6baa81f2b198c05a89ed44e2ef849\node_modules\next\dist\compiled\@opentelemetry\api\index.js:1:7062)
    at ContextAPI.with (C:\Users\Administrator\Documents\Github\dashboard-diary\node_modules\.pnpm\next@15.0.2_@babel+core@7.2_6bb6baa81f2b198c05a89ed44e2ef849\node_modules\next\dist\compiled\@opentelemetry\api\index.js:1:518)
    at spanContext (file:///C:/Users/Administrator/Documents/Github/dashboard-diary/node_modules/.pnpm/next@15.0.2_@babel+core@7.2_6bb6baa81f2b198c05a89ed44e2ef849/node_modules/next/src/server/lib/trace/tracer.ts:303:24)
    at trace (file:///C:/Users/Administrator/Documents/Github/dashboard-diary/node_modules/.pnpm/next@15.0.2_@babel+core@7.2_6bb6baa81f2b198c05a89ed44e2ef849/node_modules/next/dist/compiled/next-server/dist/src/server/route-modules/app-route/module.ts:712:28)
    at run (file:///C:/Users/Administrator/Documents/Github/dashboard-diary/node_modules/.pnpm/next@15.0.2_@babel+core@7.2_6bb6baa81f2b198c05a89ed44e2ef849/node_modules/next/dist/compiled/next-server/dist/src/server/async-storage/with-work-store.ts:133:17)
    at withWorkStore (file:///C:/Users/Administrator/Documents/Github/dashboard-diary/node_modules/.pnpm/next@15.0.2_@babel+core@7.2_6bb6baa81f2b198c05a89ed44e2ef849/node_modules/next/dist/compiled/next-server/dist/src/server/route-modules/app-route/module.ts:656:10)
    at run (file:///C:/Users/Administrator/Documents/Github/dashboard-diary/node_modules/.pnpm/next@15.0.2_@babel+core@7.2_6bb6baa81f2b198c05a89ed44e2ef849/node_modules/next/dist/compiled/next-server/dist/src/server/route-modules/app-route/module.ts:655:34)
    at run (file:///C:/Users/Administrator/Documents/Github/dashboard-diary/node_modules/.pnpm/next@15.0.2_@babel+core@7.2_6bb6baa81f2b198c05a89ed44e2ef849/node_modules/next/dist/compiled/next-server/dist/src/server/route-modules/app-route/module.ts:652:60)
    at handle (file:///C:/Users/Administrator/Documents/Github/dashboard-diary/node_modules/.pnpm/next@15.0.2_@babel+core@7.2_6bb6baa81f2b198c05a89ed44e2ef849/node_modules/next/src/server/base-server.ts:2570:47)
    at doRender (file:///C:/Users/Administrator/Documents/Github/dashboard-diary/node_modules/.pnpm/next@15.0.2_@babel+core@7.2_6bb6baa81f2b198c05a89ed44e2ef849/node_modules/next/src/server/base-server.ts:3066:27)
    at responseGenerator (file:///C:/Users/Administrator/Documents/Github/dashboard-diary/node_modules/.pnpm/next@15.0.2_@babel+core@7.2_6bb6baa81f2b198c05a89ed44e2ef849/node_modules/next/src/server/response-cache/index.ts:67:13)
    at get (file:///C:/Users/Administrator/Documents/Github/dashboard-diary/node_modules/.pnpm/next@15.0.2_@babel+core@7.2_6bb6baa81f2b198c05a89ed44e2ef849/node_modules/next/src/server/base-server.ts:3121:48)
    at renderToResponseWithComponentsImpl (file:///C:/Users/Administrator/Documents/Github/dashboard-diary/node_modules/.pnpm/next@15.0.2_@babel+core@7.2_6bb6baa81f2b198c05a89ed44e2ef849/node_modules/next/src/server/base-server.ts:1917:13)
    at fn (file:///C:/Users/Administrator/Documents/Github/dashboard-diary/node_modules/.pnpm/next@15.0.2_@babel+core@7.2_6bb6baa81f2b198c05a89ed44e2ef849/node_modules/next/src/server/lib/trace/tracer.ts:279:13)
    at trace (file:///C:/Users/Administrator/Documents/Github/dashboard-diary/node_modules/.pnpm/next@15.0.2_@babel+core@7.2_6bb6baa81f2b198c05a89ed44e2ef849/node_modules/next/src/server/base-server.ts:1914:23)
    at renderToResponseWithComponents (file:///C:/Users/Administrator/Documents/Github/dashboard-diary/node_modules/.pnpm/next@15.0.2_@babel+core@7.2_6bb6baa81f2b198c05a89ed44e2ef849/node_modules/next/src/server/base-server.ts:3676:26)
    at async DevServer.renderToResponseImpl (file:///C:/Users/Administrator/Documents/Github/dashboard-diary/node_modules/.pnpm/next@15.0.2_@babel+core@7.2_6bb6baa81f2b198c05a89ed44e2ef849/node_modules/next/src/server/base-server.ts:3738:23)
    at async DevServer.pipeImpl (file:///C:/Users/Administrator/Documents/Github/dashboard-diary/node_modules/.pnpm/next@15.0.2_@babel+core@7.2_6bb6baa81f2b198c05a89ed44e2ef849/node_modules/next/src/server/base-server.ts:1738:20)
    at async NextNodeServer.handleCatchallRenderRequest (file:///C:/Users/Administrator/Documents/Github/dashboard-diary/node_modules/.pnpm/next@15.0.2_@babel+core@7.2_6bb6baa81f2b198c05a89ed44e2ef849/node_modules/next/src/server/next-server.ts:1032:6)
    at async DevServer.handleRequestImpl (file:///C:/Users/Administrator/Documents/Github/dashboard-diary/node_modules/.pnpm/next@15.0.2_@babel+core@7.2_6bb6baa81f2b198c05a89ed44e2ef849/node_modules/next/src/server/base-server.ts:1498:8)
    at async (file:///C:/Users/Administrator/Documents/Github/dashboard-diary/node_modules/.pnpm/next@15.0.2_@babel+core@7.2_6bb6baa81f2b198c05a89ed44e2ef849/node_modules/next/src/server/dev/next-dev-server.ts:514:13)
    at async Span.traceAsyncFn (file:///C:/Users/Administrator/Documents/Github/dashboard-diary/node_modules/.pnpm/next@15.0.2_@babel+core@7.2_6bb6baa81f2b198c05a89ed44e2ef849/node_modules/next/src/trace/trace.ts:143:13)
    at async DevServer.handleRequest (file:///C:/Users/Administrator/Documents/Github/dashboard-diary/node_modules/.pnpm/next@15.0.2_@babel+core@7.2_6bb6baa81f2b198c05a89ed44e2ef849/node_modules/next/src/server/dev/next-dev-server.ts:512:19)
    at async invokeRender (file:///C:/Users/Administrator/Documents/Github/dashboard-diary/node_modules/.pnpm/next@15.0.2_@babel+core@7.2_6bb6baa81f2b198c05a89ed44e2ef849/node_modules/next/src/server/lib/router-server.ts:284:10)
    at async handleRequest (file:///C:/Users/Administrator/Documents/Github/dashboard-diary/node_modules/.pnpm/next@15.0.2_@babel+core@7.2_6bb6baa81f2b198c05a89ed44e2ef849/node_modules/next/src/server/lib/router-server.ts:530:15)
    at async requestHandlerImpl (file:///C:/Users/Administrator/Documents/Github/dashboard-diary/node_modules/.pnpm/next@15.0.2_@babel+core@7.2_6bb6baa81f2b198c05a89ed44e2ef849/node_modules/next/src/server/lib/router-server.ts:576:6)
    at async Server.requestListener (file:///C:/Users/Administrator/Documents/Github/dashboard-diary/node_modules/.pnpm/next@15.0.2_@babel+core@7.2_6bb6baa81f2b198c05a89ed44e2ef849/node_modules/next/src/server/lib/start-server.ts:146:6)
  17 |     const activitiesByType = await db
  18 |       .select({
> 19 |         activityType: activitiesTable.activityType,
     |                      ^
  20 |         totalAmount: sql<number>`COALESCE(SUM(${activitiesTable.amount})::int, 0)`,
  21 |         revenueAmount: sql<number>`COALESCE(SUM(CASE WHEN LOWER(${activitiesTable.activityType}) = 'revenue' THEN ${activitiesTable.amount} ELSE 0 END)::int, 0)`,
  22 |         expenseAmount: sql<number>`COALESCE(SUM(CASE WHEN LOWER(${activitiesTable.activityType}) = 'expense' THEN ${activitiesTable.amount} ELSE 0 END)::int, 0)`,
 GET /api/dashboard 500 in 86ms
 ⚠ ./app/api/dashboard/route.ts
Attempted import error: 'activitiesTable' is not exported from '../../../drizzle/db/schema' (imported as 'activitiesTable').

Import trace for requested module:
./app/api/dashboard/route.ts

./app/api/dashboard/route.ts
Attempted import error: 'activitiesTable' is not exported from '../../../drizzle/db/schema' (imported as 'activitiesTable').

Import trace for requested module:
./app/api/dashboard/route.ts

./app/api/dashboard/route.ts
Attempted import error: 'activitiesTable' is not exported from '../../../drizzle/db/schema' (imported as 'activitiesTable').

Import trace for requested module:
./app/api/dashboard/route.ts

./app/api/dashboard/route.ts
Attempted import error: 'activitiesTable' is not exported from '../../../drizzle/db/schema' (imported as 'activitiesTable').

Import trace for requested module:
./app/api/dashboard/route.ts

./app/api/dashboard/route.ts
Attempted import error: 'activitiesTable' is not exported from '../../../drizzle/db/schema' (imported as 'activitiesTable').

Import trace for requested module:
./app/api/dashboard/route.ts

./app/api/dashboard/route.ts
Attempted import error: 'activitiesTable' is not exported from '../../../drizzle/db/schema' (imported as 'activitiesTable').

Import trace for requested module:
./app/api/dashboard/route.ts

./app/api/dashboard/route.ts
Attempted import error: 'activitiesTable' is not exported from '../../../drizzle/db/schema' (imported as 'activitiesTable').

Import trace for requested module:
./app/api/dashboard/route.ts

./app/api/dashboard/route.ts
Attempted import error: 'activitiesTable' is not exported from '../../../drizzle/db/schema' (imported as 'activitiesTable').

Import trace for requested module:
./app/api/dashboard/route.ts

./app/api/dashboard/route.ts
Attempted import error: 'activitiesTable' is not exported from '../../../drizzle/db/schema' (imported as 'activitiesTable').

Import trace for requested module:
./app/api/dashboard/route.ts

./app/api/dashboard/route.ts
Attempted import error: 'activitiesTable' is not exported from '../../../drizzle/db/schema' (imported as 'activitiesTable').

Import trace for requested module:
./app/api/dashboard/route.ts

./app/api/dashboard/route.ts
Attempted import error: 'activitiesTable' is not exported from '../../../drizzle/db/schema' (imported as 'activitiesTable').

Import trace for requested module:
./app/api/dashboard/route.ts

./app/api/dashboard/route.ts
Attempted import error: 'activitiesTable' is not exported from '../../../drizzle/db/schema' (imported as 'activitiesTable').

Import trace for requested module:
./app/api/dashboard/route.ts

./app/api/dashboard/route.ts
Attempted import error: 'activitiesTable' is not exported from '../../../drizzle/db/schema' (imported as 'activitiesTable').

Import trace for requested module:
./app/api/dashboard/route.ts

./app/api/dashboard/route.ts
Attempted import error: 'activitiesTable' is not exported from '../../../drizzle/db/schema' (imported as 'activitiesTable').

Import trace for requested module:
./app/api/dashboard/route.ts

./app/api/dashboard/route.ts
Attempted import error: 'activitiesTable' is not exported from '../../../drizzle/db/schema' (imported as 'activitiesTable').

Import trace for requested module:
./app/api/dashboard/route.ts

./app/api/dashboard/route.ts
Attempted import error: 'activitiesTable' is not exported from '../../../drizzle/db/schema' (imported as 'activitiesTable').

Import trace for requested module:
./app/api/dashboard/route.ts

./app/api/dashboard/route.ts
Attempted import error: 'activitiesTable' is not exported from '../../../drizzle/db/schema' (imported as 'activitiesTable').

Import trace for requested module:
./app/api/dashboard/route.ts

./app/api/dashboard/route.ts
Attempted import error: 'activitiesTable' is not exported from '../../../drizzle/db/schema' (imported as 'activitiesTable').

Import trace for requested module:
./app/api/dashboard/route.ts

./app/api/dashboard/route.ts
Attempted import error: 'activitiesTable' is not exported from '../../../drizzle/db/schema' (imported as 'activitiesTable').

Import trace for requested module:
./app/api/dashboard/route.ts

./app/api/dashboard/route.ts
Attempted import error: 'resourcesTable' is not exported from '../../../drizzle/db/schema' (imported as 'resourcesTable').

Import trace for requested module:
./app/api/dashboard/route.ts

./app/api/dashboard/route.ts
Attempted import error: 'resourcesTable' is not exported from '../../../drizzle/db/schema' (imported as 'resourcesTable').

Import trace for requested module:
./app/api/dashboard/route.ts

./app/api/dashboard/route.ts
Attempted import error: 'activityResourcesTable' is not exported from '../../../drizzle/db/schema' (imported as 'activityResourcesTable').

Import trace for requested module:
./app/api/dashboard/route.ts

./app/api/dashboard/route.ts
Attempted import error: 'resourcesTable' is not exported from '../../../drizzle/db/schema' (imported as 'resourcesTable').

Import trace for requested module:
./app/api/dashboard/route.ts

./app/api/dashboard/route.ts
Attempted import error: 'activitiesTable' is not exported from '../../../drizzle/db/schema' (imported as 'activitiesTable').

Import trace for requested module:
./app/api/dashboard/route.ts

./app/api/dashboard/route.ts
Attempted import error: 'activityResourcesTable' is not exported from '../../../drizzle/db/schema' (imported as 'activityResourcesTable').

Import trace for requested module:
./app/api/dashboard/route.ts

./app/api/dashboard/route.ts
Attempted import error: 'activityResourcesTable' is not exported from '../../../drizzle/db/schema' (imported as 'activityResourcesTable').

Import trace for requested module:
./app/api/dashboard/route.ts

./app/api/dashboard/route.ts
Attempted import error: 'activitiesTable' is not exported from '../../../drizzle/db/schema' (imported as 'activitiesTable').

Import trace for requested module:
./app/api/dashboard/route.ts

./app/api/dashboard/route.ts
Attempted import error: 'resourcesTable' is not exported from '../../../drizzle/db/schema' (imported as 'resourcesTable').

Import trace for requested module:
./app/api/dashboard/route.ts

./app/api/dashboard/route.ts
Attempted import error: 'resourcesTable' is not exported from '../../../drizzle/db/schema' (imported as 'resourcesTable').

Import trace for requested module:
./app/api/dashboard/route.ts

./app/api/dashboard/route.ts
Attempted import error: 'activityResourcesTable' is not exported from '../../../drizzle/db/schema' (imported as 'activityResourcesTable').

Import trace for requested module:
./app/api/dashboard/route.ts

./app/api/dashboard/route.ts
Attempted import error: 'activitiesTable' is not exported from '../../../drizzle/db/schema' (imported as 'activitiesTable').

Import trace for requested module:
./app/api/dashboard/route.ts

./app/api/dashboard/route.ts
Attempted import error: 'activitiesTable' is not exported from '../../../drizzle/db/schema' (imported as 'activitiesTable').

Import trace for requested module:
./app/api/dashboard/route.ts

./app/api/dashboard/route.ts
Attempted import error: 'activitiesTable' is not exported from '../../../drizzle/db/schema' (imported as 'activitiesTable').

Import trace for requested module:
./app/api/dashboard/route.ts

./app/api/dashboard/route.ts
Attempted import error: 'activitiesTable' is not exported from '../../../drizzle/db/schema' (imported as 'activitiesTable').

Import trace for requested module:
./app/api/dashboard/route.ts

./app/api/dashboard/route.ts
Attempted import error: 'activitiesTable' is not exported from '../../../drizzle/db/schema' (imported as 'activitiesTable').

Import trace for requested module:
./app/api/dashboard/route.ts

./app/api/dashboard/route.ts
Attempted import error: 'activitiesTable' is not exported from '../../../drizzle/db/schema' (imported as 'activitiesTable').

Import trace for requested module:
./app/api/dashboard/route.ts

./app/api/dashboard/route.ts
Attempted import error: 'activitiesTable' is not exported from '../../../drizzle/db/schema' (imported as 'activitiesTable').

Import trace for requested module:
./app/api/dashboard/route.ts
 ⚠ ./app/api/dashboard/route.ts
Attempted import error: 'activitiesTable' is not exported from '../../../drizzle/db/schema' (imported as 'activitiesTable').

Import trace for requested module:
./app/api/dashboard/route.ts

./app/api/dashboard/route.ts
Attempted import error: 'activitiesTable' is not exported from '../../../drizzle/db/schema' (imported as 'activitiesTable').

Import trace for requested module:
./app/api/dashboard/route.ts

./app/api/dashboard/route.ts
Attempted import error: 'activitiesTable' is not exported from '../../../drizzle/db/schema' (imported as 'activitiesTable').

Import trace for requested module:
./app/api/dashboard/route.ts

./app/api/dashboard/route.ts
Attempted import error: 'activitiesTable' is not exported from '../../../drizzle/db/schema' (imported as 'activitiesTable').

Import trace for requested module:
./app/api/dashboard/route.ts

./app/api/dashboard/route.ts
Attempted import error: 'activitiesTable' is not exported from '../../../drizzle/db/schema' (imported as 'activitiesTable').

Import trace for requested module:
./app/api/dashboard/route.ts

./app/api/dashboard/route.ts
Attempted import error: 'activitiesTable' is not exported from '../../../drizzle/db/schema' (imported as 'activitiesTable').

Import trace for requested module:
./app/api/dashboard/route.ts

./app/api/dashboard/route.ts
Attempted import error: 'activitiesTable' is not exported from '../../../drizzle/db/schema' (imported as 'activitiesTable').

Import trace for requested module:
./app/api/dashboard/route.ts

./app/api/dashboard/route.ts
Attempted import error: 'activitiesTable' is not exported from '../../../drizzle/db/schema' (imported as 'activitiesTable').

Import trace for requested module:
./app/api/dashboard/route.ts

./app/api/dashboard/route.ts
Attempted import error: 'activitiesTable' is not exported from '../../../drizzle/db/schema' (imported as 'activitiesTable').

Import trace for requested module:
./app/api/dashboard/route.ts

./app/api/dashboard/route.ts
Attempted import error: 'activitiesTable' is not exported from '../../../drizzle/db/schema' (imported as 'activitiesTable').

Import trace for requested module:
./app/api/dashboard/route.ts

./app/api/dashboard/route.ts
Attempted import error: 'activitiesTable' is not exported from '../../../drizzle/db/schema' (imported as 'activitiesTable').

Import trace for requested module:
./app/api/dashboard/route.ts

./app/api/dashboard/route.ts
Attempted import error: 'activitiesTable' is not exported from '../../../drizzle/db/schema' (imported as 'activitiesTable').

Import trace for requested module:
./app/api/dashboard/route.ts

./app/api/dashboard/route.ts
Attempted import error: 'activitiesTable' is not exported from '../../../drizzle/db/schema' (imported as 'activitiesTable').

Import trace for requested module:
./app/api/dashboard/route.ts

./app/api/dashboard/route.ts
Attempted import error: 'activitiesTable' is not exported from '../../../drizzle/db/schema' (imported as 'activitiesTable').

Import trace for requested module:
./app/api/dashboard/route.ts

./app/api/dashboard/route.ts
Attempted import error: 'activitiesTable' is not exported from '../../../drizzle/db/schema' (imported as 'activitiesTable').

Import trace for requested module:
./app/api/dashboard/route.ts

./app/api/dashboard/route.ts
Attempted import error: 'activitiesTable' is not exported from '../../../drizzle/db/schema' (imported as 'activitiesTable').

Import trace for requested module:
./app/api/dashboard/route.ts

./app/api/dashboard/route.ts
Attempted import error: 'activitiesTable' is not exported from '../../../drizzle/db/schema' (imported as 'activitiesTable').

Import trace for requested module:
./app/api/dashboard/route.ts

./app/api/dashboard/route.ts
Attempted import error: 'activitiesTable' is not exported from '../../../drizzle/db/schema' (imported as 'activitiesTable').

Import trace for requested module:
./app/api/dashboard/route.ts

./app/api/dashboard/route.ts
Attempted import error: 'activitiesTable' is not exported from '../../../drizzle/db/schema' (imported as 'activitiesTable').

Import trace for requested module:
./app/api/dashboard/route.ts

./app/api/dashboard/route.ts
Attempted import error: 'resourcesTable' is not exported from '../../../drizzle/db/schema' (imported as 'resourcesTable').

Import trace for requested module:
./app/api/dashboard/route.ts

./app/api/dashboard/route.ts
Attempted import error: 'resourcesTable' is not exported from '../../../drizzle/db/schema' (imported as 'resourcesTable').

Import trace for requested module:
./app/api/dashboard/route.ts

./app/api/dashboard/route.ts
Attempted import error: 'activityResourcesTable' is not exported from '../../../drizzle/db/schema' (imported as 'activityResourcesTable').

Import trace for requested module:
./app/api/dashboard/route.ts

./app/api/dashboard/route.ts
Attempted import error: 'resourcesTable' is not exported from '../../../drizzle/db/schema' (imported as 'resourcesTable').

Import trace for requested module:
./app/api/dashboard/route.ts

./app/api/dashboard/route.ts
Attempted import error: 'activitiesTable' is not exported from '../../../drizzle/db/schema' (imported as 'activitiesTable').

Import trace for requested module:
./app/api/dashboard/route.ts

./app/api/dashboard/route.ts
Attempted import error: 'activityResourcesTable' is not exported from '../../../drizzle/db/schema' (imported as 'activityResourcesTable').

Import trace for requested module:
./app/api/dashboard/route.ts

./app/api/dashboard/route.ts
Attempted import error: 'activityResourcesTable' is not exported from '../../../drizzle/db/schema' (imported as 'activityResourcesTable').

Import trace for requested module:
./app/api/dashboard/route.ts

./app/api/dashboard/route.ts
Attempted import error: 'activitiesTable' is not exported from '../../../drizzle/db/schema' (imported as 'activitiesTable').

Import trace for requested module:
./app/api/dashboard/route.ts

./app/api/dashboard/route.ts
Attempted import error: 'resourcesTable' is not exported from '../../../drizzle/db/schema' (imported as 'resourcesTable').

Import trace for requested module:
./app/api/dashboard/route.ts

./app/api/dashboard/route.ts
Attempted import error: 'resourcesTable' is not exported from '../../../drizzle/db/schema' (imported as 'resourcesTable').

Import trace for requested module:
./app/api/dashboard/route.ts

./app/api/dashboard/route.ts
Attempted import error: 'activityResourcesTable' is not exported from '../../../drizzle/db/schema' (imported as 'activityResourcesTable').

Import trace for requested module:
./app/api/dashboard/route.ts

./app/api/dashboard/route.ts
Attempted import error: 'activitiesTable' is not exported from '../../../drizzle/db/schema' (imported as 'activitiesTable').

Import trace for requested module:
./app/api/dashboard/route.ts

./app/api/dashboard/route.ts
Attempted import error: 'activitiesTable' is not exported from '../../../drizzle/db/schema' (imported as 'activitiesTable').

Import trace for requested module:
./app/api/dashboard/route.ts

./app/api/dashboard/route.ts
Attempted import error: 'activitiesTable' is not exported from '../../../drizzle/db/schema' (imported as 'activitiesTable').

Import trace for requested module:
./app/api/dashboard/route.ts

./app/api/dashboard/route.ts
Attempted import error: 'activitiesTable' is not exported from '../../../drizzle/db/schema' (imported as 'activitiesTable').

Import trace for requested module:
./app/api/dashboard/route.ts

./app/api/dashboard/route.ts
Attempted import error: 'activitiesTable' is not exported from '../../../drizzle/db/schema' (imported as 'activitiesTable').

Import trace for requested module:
./app/api/dashboard/route.ts

./app/api/dashboard/route.ts
Attempted import error: 'activitiesTable' is not exported from '../../../drizzle/db/schema' (imported as 'activitiesTable').

Import trace for requested module:
./app/api/dashboard/route.ts

./app/api/dashboard/route.ts
Attempted import error: 'activitiesTable' is not exported from '../../../drizzle/db/schema' (imported as 'activitiesTable').

Import trace for requested module:
./app/api/dashboard/route.ts
 OPTIONS /api/items 204 in 722ms
 GET /api/items 200 in 33ms
 OPTIONS /api/items 204 in 30ms
 GET /api/items 200 in 136ms
Watchpack Error (stats): Error: EINVAL: invalid argument, lstat 'C:\pagefile.sys'
Watchpack Error (stats): Error: EINVAL: invalid argument, lstat 'C:\pagefile.sys'
 ⚠ ./app/api/dashboard/route.ts
Attempted import error: 'activitiesTable' is not exported from '../../../drizzle/db/schema' (imported as 'activitiesTable').

Import trace for requested module:
./app/api/dashboard/route.ts

./app/api/dashboard/route.ts
Attempted import error: 'activitiesTable' is not exported from '../../../drizzle/db/schema' (imported as 'activitiesTable').

Import trace for requested module:
./app/api/dashboard/route.ts

./app/api/dashboard/route.ts
Attempted import error: 'activitiesTable' is not exported from '../../../drizzle/db/schema' (imported as 'activitiesTable').

Import trace for requested module:
./app/api/dashboard/route.ts

./app/api/dashboard/route.ts
Attempted import error: 'activitiesTable' is not exported from '../../../drizzle/db/schema' (imported as 'activitiesTable').

Import trace for requested module:
./app/api/dashboard/route.ts

./app/api/dashboard/route.ts
Attempted import error: 'activitiesTable' is not exported from '../../../drizzle/db/schema' (imported as 'activitiesTable').

Import trace for requested module:
./app/api/dashboard/route.ts

./app/api/dashboard/route.ts
Attempted import error: 'activitiesTable' is not exported from '../../../drizzle/db/schema' (imported as 'activitiesTable').

Import trace for requested module:
./app/api/dashboard/route.ts

./app/api/dashboard/route.ts
Attempted import error: 'activitiesTable' is not exported from '../../../drizzle/db/schema' (imported as 'activitiesTable').

Import trace for requested module:
./app/api/dashboard/route.ts

./app/api/dashboard/route.ts
Attempted import error: 'activitiesTable' is not exported from '../../../drizzle/db/schema' (imported as 'activitiesTable').

Import trace for requested module:
./app/api/dashboard/route.ts

./app/api/dashboard/route.ts
Attempted import error: 'activitiesTable' is not exported from '../../../drizzle/db/schema' (imported as 'activitiesTable').

Import trace for requested module:
./app/api/dashboard/route.ts

./app/api/dashboard/route.ts
Attempted import error: 'activitiesTable' is not exported from '../../../drizzle/db/schema' (imported as 'activitiesTable').

Import trace for requested module:
./app/api/dashboard/route.ts

./app/api/dashboard/route.ts
Attempted import error: 'activitiesTable' is not exported from '../../../drizzle/db/schema' (imported as 'activitiesTable').

Import trace for requested module:
./app/api/dashboard/route.ts

./app/api/dashboard/route.ts
Attempted import error: 'activitiesTable' is not exported from '../../../drizzle/db/schema' (imported as 'activitiesTable').

Import trace for requested module:
./app/api/dashboard/route.ts

./app/api/dashboard/route.ts
Attempted import error: 'activitiesTable' is not exported from '../../../drizzle/db/schema' (imported as 'activitiesTable').

Import trace for requested module:
./app/api/dashboard/route.ts

./app/api/dashboard/route.ts
Attempted import error: 'activitiesTable' is not exported from '../../../drizzle/db/schema' (imported as 'activitiesTable').

Import trace for requested module:
./app/api/dashboard/route.ts

./app/api/dashboard/route.ts
Attempted import error: 'activitiesTable' is not exported from '../../../drizzle/db/schema' (imported as 'activitiesTable').

Import trace for requested module:
./app/api/dashboard/route.ts

./app/api/dashboard/route.ts
Attempted import error: 'activitiesTable' is not exported from '../../../drizzle/db/schema' (imported as 'activitiesTable').

Import trace for requested module:
./app/api/dashboard/route.ts

./app/api/dashboard/route.ts
Attempted import error: 'activitiesTable' is not exported from '../../../drizzle/db/schema' (imported as 'activitiesTable').

Import trace for requested module:
./app/api/dashboard/route.ts

./app/api/dashboard/route.ts
Attempted import error: 'activitiesTable' is not exported from '../../../drizzle/db/schema' (imported as 'activitiesTable').

Import trace for requested module:
./app/api/dashboard/route.ts

./app/api/dashboard/route.ts
Attempted import error: 'activitiesTable' is not exported from '../../../drizzle/db/schema' (imported as 'activitiesTable').

Import trace for requested module:
./app/api/dashboard/route.ts

./app/api/dashboard/route.ts
Attempted import error: 'resourcesTable' is not exported from '../../../drizzle/db/schema' (imported as 'resourcesTable').

Import trace for requested module:
./app/api/dashboard/route.ts

./app/api/dashboard/route.ts
Attempted import error: 'resourcesTable' is not exported from '../../../drizzle/db/schema' (imported as 'resourcesTable').

Import trace for requested module:
./app/api/dashboard/route.ts

./app/api/dashboard/route.ts
Attempted import error: 'activityResourcesTable' is not exported from '../../../drizzle/db/schema' (imported as 'activityResourcesTable').

Import trace for requested module:
./app/api/dashboard/route.ts

./app/api/dashboard/route.ts
Attempted import error: 'resourcesTable' is not exported from '../../../drizzle/db/schema' (imported as 'resourcesTable').

Import trace for requested module:
./app/api/dashboard/route.ts

./app/api/dashboard/route.ts
Attempted import error: 'activitiesTable' is not exported from '../../../drizzle/db/schema' (imported as 'activitiesTable').

Import trace for requested module:
./app/api/dashboard/route.ts

./app/api/dashboard/route.ts
Attempted import error: 'activityResourcesTable' is not exported from '../../../drizzle/db/schema' (imported as 'activityResourcesTable').

Import trace for requested module:
./app/api/dashboard/route.ts

./app/api/dashboard/route.ts
Attempted import error: 'activityResourcesTable' is not exported from '../../../drizzle/db/schema' (imported as 'activityResourcesTable').

Import trace for requested module:
./app/api/dashboard/route.ts

./app/api/dashboard/route.ts
Attempted import error: 'activitiesTable' is not exported from '../../../drizzle/db/schema' (imported as 'activitiesTable').

Import trace for requested module:
./app/api/dashboard/route.ts

./app/api/dashboard/route.ts
Attempted import error: 'resourcesTable' is not exported from '../../../drizzle/db/schema' (imported as 'resourcesTable').

Import trace for requested module:
./app/api/dashboard/route.ts

./app/api/dashboard/route.ts
Attempted import error: 'resourcesTable' is not exported from '../../../drizzle/db/schema' (imported as 'resourcesTable').

Import trace for requested module:
./app/api/dashboard/route.ts

./app/api/dashboard/route.ts
Attempted import error: 'activityResourcesTable' is not exported from '../../../drizzle/db/schema' (imported as 'activityResourcesTable').

Import trace for requested module:
./app/api/dashboard/route.ts

./app/api/dashboard/route.ts
Attempted import error: 'activitiesTable' is not exported from '../../../drizzle/db/schema' (imported as 'activitiesTable').

Import trace for requested module:
./app/api/dashboard/route.ts

./app/api/dashboard/route.ts
Attempted import error: 'activitiesTable' is not exported from '../../../drizzle/db/schema' (imported as 'activitiesTable').

Import trace for requested module:
./app/api/dashboard/route.ts

./app/api/dashboard/route.ts
Attempted import error: 'activitiesTable' is not exported from '../../../drizzle/db/schema' (imported as 'activitiesTable').

Import trace for requested module:
./app/api/dashboard/route.ts

./app/api/dashboard/route.ts
Attempted import error: 'activitiesTable' is not exported from '../../../drizzle/db/schema' (imported as 'activitiesTable').

Import trace for requested module:
./app/api/dashboard/route.ts

./app/api/dashboard/route.ts
Attempted import error: 'activitiesTable' is not exported from '../../../drizzle/db/schema' (imported as 'activitiesTable').

Import trace for requested module:
./app/api/dashboard/route.ts

./app/api/dashboard/route.ts
Attempted import error: 'activitiesTable' is not exported from '../../../drizzle/db/schema' (imported as 'activitiesTable').

Import trace for requested module:
./app/api/dashboard/route.ts

./app/api/dashboard/route.ts
Attempted import error: 'activitiesTable' is not exported from '../../../drizzle/db/schema' (imported as 'activitiesTable').

Import trace for requested module:
./app/api/dashboard/route.ts
 GET /store/dashboard 404 in 12058ms
 ✓ Compiled /_not-found in 12.2s (1352 modules)
Watchpack Error (stats): Error: EINVAL: invalid argument, lstat 'C:\pagefile.sys'
Watchpack Error (stats): Error: EINVAL: invalid argument, lstat 'C:\pagefile.sys'
Watchpack Error (stats): Error: EINVAL: invalid argument, lstat 'C:\pagefile.sys'
Watchpack Error (stats): Error: EINVAL: invalid argument, lstat 'C:\pagefile.sys'
Watchpack Error (stats): Error: EINVAL: invalid argument, lstat 'C:\pagefile.sys'
Watchpack Error (stats): Error: EINVAL: invalid argument, lstat 'C:\pagefile.sys'
Watchpack Error (stats): Error: EINVAL: invalid argument, lstat 'C:\pagefile.sys'
Watchpack Error (stats): Error: EINVAL: invalid argument, lstat 'C:\pagefile.sys'
Watchpack Error (stats): Error: EINVAL: invalid argument, lstat 'C:\pagefile.sys'
Watchpack Error (stats): Error: EINVAL: invalid argument, lstat 'C:\pagefile.sys'
